heart_rate,spo2,temperature,acc_mag,sleep_mode,risk_level
68.0028089254862,97.28423265547046,36.69513027675033,2.177682381577609,0,0
69.43673414801962,98.0061264998997,36.57167730108714,0.0,1,0
94.22000218083892,91.16328605308013,36.61203572473097,0.0,1,1
59.26508724359306,97.5253562506337,36.70855629213616,0.5249039068681538,0,1
70.48710561822568,98.26769010385888,37.06212118256269,0.11281394072725251,0,0
42.68440788667824,79.2303039921637,35.88676091542206,0.6538821634872654,0,2
72.92539818512982,97.2981484105337,37.10626536046284,1.5864431342471175,0,0
57.02252375640209,97.5917400141214,36.37758401961509,0.0,1,1
58.25144027239121,100.0,37.09909164904859,1.3642453774467809,0,1
53.292246974477926,94.7672893435115,36.51121338438937,0.0,1,1
86.51830793215214,98.91613428873812,36.80469386445852,2.2457310524893277,0,0
126.27240136959821,81.16895186617259,36.591148908884456,0.0,1,2
31.188885802592626,81.22043971361467,36.740815746389735,0.0,1,2
92.79526016402008,97.28520830050034,36.79934512418883,1.5695470932169522,0,0
110.31913671167337,93.88232317196999,37.75930472810235,2.7869324955505257,0,2
108.62030194137704,94.91687675186594,38.12564143114948,0.9539809319158171,0,1
43.055415359640484,79.97013739197152,38.934205331855836,0.7072744384653353,0,2
62.274333450894964,97.72714231115894,37.177855759100794,0.3261833593708615,0,0
77.90537044911703,96.95922811010138,36.84412616086143,0.14922620636893882,0,0
73.18329802036895,98.12475823953353,36.91611353740712,0.2751239990216505,0,0
116.90959322536123,94.31470320032918,36.65851209103756,0.6065202728912669,0,1
93.67884532598771,98.12699451327009,36.63297509920555,1.4611914109921413,0,0
75.73579789024352,97.2963497396244,36.765525008509265,1.5998139274922953,0,0
54.1441951825531,94.38244643797647,37.92171797208805,2.8994716799189555,0,2
75.0914994816764,97.74414781734718,36.724522696507556,0.6498798733873576,0,0
63.06912418708417,99.04519227901413,36.64446189116358,0.0,1,0
82.04194399192458,97.60307427742477,36.756079581154886,0.9269485791709008,0,0
67.9349603457852,99.05576617526856,36.236677839996545,0.43580554534478577,0,0
70.39057078461086,97.22784806707745,37.185125225492385,1.846224023931384,0,0
67.17399435623729,95.4615717997569,36.67692944664771,1.002303783137593,0,0
85.58620829315709,97.78213341859892,36.78778053408646,0.42696076370974156,0,0
76.55593290175707,97.53958046684745,36.87411968279604,2.330273564045942,0,0
50.11233798145791,92.1519518779524,36.6937256966066,1.367948690459072,0,1
49.626972878148365,97.23616632403014,36.243301937609985,0.0,1,2
55.474286812901674,96.15421276338665,36.44575323207787,0.0,1,1
89.03389183558147,89.49695314064252,36.89870812631111,0.0,1,1
78.16478172892523,97.18188856832643,37.16206052200083,1.9969779421191711,0,0
79.1941552609134,97.8907909029671,36.45640853725604,0.8934419439280044,0,0
117.1543305608822,94.60107503300723,36.994824673859185,1.2413452519877581,0,1
72.06544407613735,97.67296309712495,36.503093691613785,0.8636205028208875,0,0
81.2833674875305,97.65263986524371,36.80628540187077,1.3033515486287783,0,0
113.95247365463345,94.38420341973786,37.03251473363756,3.0443031363246,0,2
100.6235062700175,92.18522358424424,37.14151847846598,1.6673015296723965,0,1
29.268072439736017,83.92335232860526,36.52750638833953,0.0,1,2
72.40694607236446,98.8627695995288,36.41461274235088,0.9993544540858236,0,0
130.18232777420513,82.48251189680764,38.52513953686627,1.2762768810151275,0,2
74.14181197760422,97.81054571174103,37.02805011053424,1.2616934565468363,0,0
133.1976826579963,85.63704246367102,35.21605276120347,0.5478055172283479,0,2
94.81192017910276,98.74884186053401,36.34091625922106,3.4632692030757806,0,2
105.29696865972673,93.41557525226986,36.70115969016746,1.1283716530491446,0,1
46.10806875324523,96.96610747317544,36.570555270228205,0.0,1,2
56.582533508935455,95.82944051352518,36.516813053795694,0.0,1,1
51.73422312211425,94.32608981559801,36.148756021225026,0.0,1,1
36.67355103614037,91.203353758405,36.76652690983248,0.0,1,2
78.24509893426149,98.59075931223252,36.79559398549661,1.3503793327584572,0,0
65.47515382163881,97.36720978986595,36.211699054602256,0.0,1,0
114.31844702978822,93.3150034690222,36.64316722832803,2.8969344754177633,0,2
156.6120767175803,81.690301845711,39.54003913872819,0.7935480776737638,0,2
160.28331563486245,82.9945137234677,38.95599283852854,1.0748319034405323,0,2
54.04701634617898,94.13589240428806,37.79019494692905,3.1341334151906026,0,2
51.22104277511592,93.12923933892795,36.999643531194344,1.9724797007608326,0,1
76.29295941086578,99.48609315433899,36.807892116092816,1.2803471735738943,0,0
68.24799191998581,95.58457346936413,36.27629284864509,0.0,1,0
80.89815848084314,96.24056422087378,36.58445585084168,2.0049218218845093,0,0
117.0589513251845,93.36018114148341,36.77103480928008,2.384051989268815,0,1
87.8838189541804,95.75256281422925,36.75585424860832,1.542462105972856,0,0
65.33857247179837,98.34462457449933,36.88988670318945,0.8766627266417698,0,0
39.23422553001341,91.24825979649047,36.66872842686371,0.0,1,2
70.60841870589275,97.55342894574042,36.94702642261082,0.7891654322503088,0,0
42.73222597719239,95.80521893607211,36.664025312917495,0.0,1,2
96.15316662654402,91.91407716422404,36.30388614631911,0.0,1,1
73.81871647820067,99.81026837983654,36.47286420619995,0.9887684210812533,0,0
73.84691558727006,98.51633098428827,37.47962546353258,1.3606011155931717,0,0
115.95329712390688,81.88777686162582,35.44788463577249,0.0,1,2
88.89912365705027,92.12168914238792,36.66872844949391,0.0,1,1
38.444086007546275,92.71836399576388,36.54324294561748,0.0,1,2
54.48197285051964,94.95669974004807,36.21294742125938,0.0,1,1
69.9942373240575,98.59271101773366,36.504668555296384,0.6915469829841668,0,0
84.46240806033535,97.2678561098269,36.72228635590176,1.5691989297355495,0,0
95.67897588023504,98.58149723946063,36.62714294761189,2.0111204463223924,0,0
61.813723512948854,97.46801168259724,35.664214608632065,0.0,1,2
115.90994363287011,91.77149286275058,38.600037692159866,1.8341395010814308,0,2
69.73794392896498,99.46675312854367,36.86144420885913,1.794247882507888,0,0
82.2616315088148,98.17484807833281,36.41173263238563,1.9341894900457124,0,0
63.94233147315012,97.92845106724629,36.68173907222421,1.126817369504927,0,0
77.04784903357628,96.94354334775423,36.6071107459205,1.5699748170330001,0,0
54.69329641914017,96.84304614244414,36.447121595190104,0.0,1,1
69.39766431335309,97.30708172505075,36.39795666908678,1.4817263327948904,0,0
47.05629349468262,96.57894637837876,36.81573286179746,0.0,1,2
72.56909279442186,98.60772572835505,36.957586250499205,1.141770596358353,0,0
39.84545408432037,81.56898284503593,39.22434468641329,1.8213086464698243,0,2
91.64697342301169,92.21450801177781,36.595591874092335,0.0,1,1
56.56103134201872,94.11206447621466,36.4830942083799,0.0,1,1
76.59203209554292,97.89673643273801,36.87527097772237,1.6020319985214642,0,0
52.058928951178,97.23449900096453,36.295366066665125,0.0,1,1
110.27187028734606,93.25336825569235,37.702498551548345,2.2855206981745404,0,1
139.07297177042892,85.63264266035426,35.60549870649222,1.7506387380195156,0,2
71.28442145088246,98.21248446279151,36.56695994258935,1.327109790990483,0,0
128.9937415681662,81.60974728665171,38.47393759436186,1.2680648109968984,0,2
38.370510351795694,86.72858768857495,39.961489950146536,1.5106693720057576,0,2
85.51534627570781,96.38408687046312,36.525737164778775,2.4026550297787956,0,0
82.49064255137134,98.62518372455337,36.89895002250704,2.2463269439647555,0,0
63.0880709832312,98.24329092660743,36.836421206411465,2.0846776602018657,0,0
118.75191000412902,92.79687067400086,37.093024073178526,2.025009447692532,0,1
64.96595142484374,99.04308846467474,36.068770995144384,0.0,1,0
71.37430321424196,98.09514097933742,36.787045548040425,0.591024674300262,0,0
76.74348522146383,98.08727251402742,36.98874310115121,0.5516799560316695,0,0
58.68076099403102,96.46099532833077,36.607624533496484,0.0,1,1
68.75362229303082,97.39971872879707,36.432892637794815,0.2708961220989581,0,0
113.2710984254649,93.18056939852868,36.84288578608248,2.6855776659616732,0,2
37.31205401836729,79.56623217398067,38.71246095837527,0.4149231292380643,0,2
109.69790732837112,97.87270205913414,37.41235715095822,3.6437750287690176,0,2
44.46696646777224,97.04468627532961,36.17857155005007,0.0,1,2
51.2509922893931,97.43435283757059,36.11943625530177,0.0,1,1
84.0584348597861,97.8233852146585,36.627114658932854,0.9939254533890599,0,0
64.53713821662318,97.05006681194848,36.12380633158962,0.0,1,0
57.61691788904822,97.2188474956812,36.00273802859667,0.0,1,1
86.34542468422578,97.72432892734294,37.107510263806866,0.6394000916256579,0,0
57.86884345333485,95.80732552914732,36.4381314707244,0.0,1,1
63.587700632254986,98.79811648871612,36.84213703765909,2.1825937361961536,0,0
54.74644506343782,96.16588461857184,36.684679516964025,0.0,1,1
67.56037435029955,97.0005143893079,36.15384157824551,0.0,1,0
69.774548172996,99.01154825691175,36.779976119607745,1.0788640614181921,0,0
115.27887201522873,93.64255049689156,37.041802039780194,1.4545819063517103,0,1
70.49490350278728,100.0,36.68157716136206,0.5854556361808728,0,0
90.16816920318449,98.5791875770008,36.93186819901382,0.5859221010298,0,0
119.18914770379168,84.95925063910315,36.027079525676186,0.0,1,2
56.39038565218235,97.87883367559795,36.24411023617521,0.0,1,1
74.13114431213708,98.00199901075732,36.70100708982186,1.080369733317456,0,0
67.87203655065576,97.47609114678407,36.84237583576577,0.9429208471323713,0,0
113.46007277978622,92.39291647152916,38.06802226626643,2.2397873913299318,0,1
123.29916709197606,93.62321559551656,36.96832144075167,2.902285403914253,0,2
113.58096174725486,89.65295400958335,37.92127488037546,0.569207074687941,0,1
45.705143419421574,81.69476827527104,38.77532964569391,0.5853137339875719,0,2
55.45376067034242,97.06471869620403,36.47631216490439,0.0,1,1
82.31107366038914,97.70609643128695,37.03260019394106,2.1847076092248665,0,0
83.42412527321349,98.00849197057558,36.32910341546068,1.6020601529682812,0,0
40.05475738256834,92.76645724653756,36.74420437926612,0.0,1,2
79.28306621429513,99.0146667801329,36.771026648970775,0.3595502616092767,0,0
57.43494452004288,93.7930504026863,36.50775242303252,0.0,1,1
62.55508792907923,98.66610722054946,36.51867774434967,0.0,1,0
73.97149462841438,99.66404853041176,36.371713823936055,0.34055650762308665,0,0
90.04797213170832,94.91091405504419,36.90240327780359,4.251579573642039,0,2
75.23199470612913,97.60194023678109,36.712747393563994,1.569301751817318,0,0
84.38493407415324,97.41581833429302,36.647573310297176,1.3345197916264484,0,0
80.90612435728914,98.93777678066866,36.51573001093629,1.2371402439043329,0,0
90.01833527297626,97.3409683268211,36.9163446729941,0.11373023570071511,0,0
77.7497461291319,97.6331852593016,36.79760053107445,1.5621343906464513,0,0
68.17581581181946,98.49370611253619,37.11689887503141,0.8795778633965312,0,0
69.67986322547833,98.49281521030092,36.74325865432705,1.484985862316237,0,0
97.76189994077393,89.76996992407798,36.43713972157424,0.0,1,1
115.29518762686457,92.76845521248028,36.57753450606588,1.4166335706618454,0,1
66.65794067280063,98.309295323642,36.67678575693273,0.6361901078311001,0,0
88.93635939617346,97.02957520086211,37.028672306041166,0.8561343263647706,0,0
56.10915192436219,93.85650397615314,36.34485851493317,0.0,1,1
116.48143638049967,91.64976260671473,36.71133633952293,3.0557223760426084,0,2
66.08947985500573,98.99610463550792,36.96770978526272,1.175508878716383,0,0
129.5297329298387,81.20131566830246,36.518572146656844,0.0,1,2
124.9839176788486,91.82157660334691,37.65964366155143,0.6161377038261494,0,2
97.48374604962498,92.56962858693949,36.57976603243345,0.0,1,1
122.16167053103553,93.24898655742261,38.05598726747867,2.0230292885592878,0,2
78.11223201116796,96.75219018162177,36.73431185253423,2.3767747784957556,0,0
74.91286891579855,98.16296929239667,36.95541645169305,0.956760861136271,0,0
77.81707062954759,97.88673076130719,36.91005337276418,2.3177867327062467,0,0
73.10814235537981,97.63995779826931,36.93517412044606,2.3872388224970624,0,0
37.463747205657995,95.12733525820937,36.11470854608508,0.0,1,2
77.73065774319736,99.39202489857608,36.682452406136015,2.0170523898751083,0,0
162.44311114743113,84.99079360568228,35.23676482564915,1.4547535843492838,0,2
87.32700119411687,96.39295146900105,36.45878738388038,0.5004117626100032,0,0
78.97168550654008,96.91923980888528,37.017819800569484,2.349147920356293,0,0
62.53035499707213,98.76180647251061,36.96419638694758,0.3135412860864121,0,0
51.584994153950866,92.5470919186436,36.45533937593614,2.9613115937127406,0,2
77.91948222179941,97.73178370826876,36.76896387354953,1.3746626141059732,0,0
70.80683052192875,97.40179407628078,36.586044191378164,1.583290059224697,0,0
105.75753361629792,93.15734318961017,38.209694903980406,2.246016433531744,0,1
141.40866977702922,76.86633124118715,39.25242487495226,1.489555680852016,0,2
97.40589541812241,96.50123643280973,36.94099206209956,3.903835925569489,0,2
69.66067670533623,97.96333468067753,37.09234340325142,0.8014964145022075,0,0
47.87468099934976,97.19469178168296,36.383915588155205,0.0,1,2
72.35862572836989,99.42862769788124,36.83696795287207,1.1543278535871926,0,0
123.60299703195906,91.34724541287348,38.171592148242155,1.577682484953669,0,2
80.115808564254,98.21524523432339,36.905834073388945,0.7915587736801,0,0
58.93520907487749,98.72767243798987,36.276252450272985,0.0,1,1
89.48144426910825,90.63570990410759,37.207527325047586,0.0,1,1
76.50585717210481,97.52416004010354,36.5682793472681,2.096897774125062,0,0
61.47480819296946,99.05619743941368,37.03754267682769,0.7052683874270036,0,0
57.97980768987937,97.26212001391751,36.50004240130012,0.0,1,1
59.88749380609789,97.72858502162734,36.506618810929616,0.30633696467010785,0,1
52.43276056684612,93.39694056784589,37.22713748188267,3.1378218474909048,0,2
85.29342585058583,99.56361920775079,36.97261755720105,2.476460294204012,0,0
66.16797711604443,98.74894822280709,37.048560216411985,0.46829639705958903,0,0
64.7063024546547,95.3698219742632,36.47703186608403,0.0,1,0
52.07994206271042,97.63231733152753,36.57662636588681,0.0,1,1
75.84702256117033,99.30944905040265,36.487004725699975,1.9128134308095333,0,0
33.95287529710866,82.01580438741652,35.396873044146965,1.6895281803488071,0,2
76.97168851359636,99.66906650367825,36.649140373478566,1.130605088445408,0,0
54.09719115103011,95.70420249184858,36.45196512526677,0.0,1,1
55.795586032156606,98.55416824103541,36.23861203382626,0.0,1,1
36.176285732363546,83.43694258027136,35.84562851781403,0.0,1,2
56.49733858184534,96.55346259868539,36.058471479766574,0.0,1,1
75.16080289767902,98.85220190767443,36.61369565427655,2.1982045040424065,0,0
69.89060291198264,96.50669718079023,36.738704501577914,1.955929696274501,0,0
65.65323586932135,96.41395145941442,36.83514178852091,1.8228828427150328,0,0
97.60350641090957,91.33875816228037,36.56148052022472,0.0,1,1
82.61511375853367,97.54268913381532,36.61027509796271,0.8262934841965328,0,0
68.46302323717752,99.47705917529711,36.70877486130107,2.247785542155198,0,0
70.53051427976732,97.34010215734475,36.826394000389115,0.37302990995356433,0,0
69.17023344627513,96.73235823666742,36.60444355106405,1.5501748247971416,0,0
49.36106897334628,92.01560584664104,36.65244895063342,2.409225657649829,0,2
60.39670238674074,98.35803967151901,36.42253260971298,1.853696522470927,0,0
75.81155679823397,97.52542200024703,36.87564243252878,0.613725894945842,0,0
69.22184578504965,98.02177078244138,36.52342081614549,0.3785283025229653,0,0
79.49939588578347,97.04945281099695,36.17171709174069,2.383792742655687,0,0
41.17503257239653,76.72964447849029,35.30363513804909,1.2455267417069027,0,2
54.12790346611669,96.91687698372172,36.152999295499264,0.0,1,1
114.11684349539193,92.76112493548816,36.836965406724325,2.4703861208076248,0,1
61.49361542106959,98.43705183960876,36.85667560048035,1.0684546396173507,0,0
53.47684553712957,96.02182202584117,36.11876499452875,0.0,1,1
113.36187269550443,92.6394660747226,36.93341309454567,2.658018108091914,0,2
45.72966155556139,97.14043429760743,36.77323815568845,0.0,1,2
111.04585704004198,94.59437569385358,37.70302107423679,3.1497181816807265,0,2
88.83622342189035,98.536413744536,36.67250869513647,1.1393788123469564,0,0
31.844442971685645,82.43974680049796,39.50980687244636,1.249635821843457,0,2
72.44042887283798,97.64535029343917,36.43734130559657,0.20654863592638478,0,0
51.610683326804626,92.97034696191729,38.30852620665653,2.627234742880969,0,2
88.7075774099209,98.56540215601335,37.014682540482085,0.8747547945132239,0,0
54.06746540483344,95.1131509100997,36.34934855677048,0.0,1,1
120.88002541680336,93.41010470485625,36.54033481206622,1.576331605030237,0,2
50.614806278897674,96.32901850211384,36.35429939189841,0.0,1,1
69.02160142351593,97.60550851513523,36.933175564741276,1.9188594929730403,0,0
48.78637566372763,97.55727067046892,36.41182468578218,0.0,1,2
119.16801474471151,93.3542697100143,37.662194255278784,1.7832910367268724,0,1
77.37674300905464,97.84572279568545,37.06603144502737,1.3186820486826905,0,0
74.80692935149673,97.10939145851667,36.99374902175825,1.4080201977374573,0,0
69.64363353542907,94.97736504175548,36.74343800099149,2.1682572154944513,0,0
54.699607850617014,96.17659029592897,36.41728745403414,0.0,1,1
62.04373689115157,97.1097237667628,36.763291935596705,1.605132145746682,0,0
75.08039254806526,97.69789694110855,36.80751061533211,0.42015816442597465,0,0
79.65084778506157,97.43292535398182,36.62068289187056,1.5636849639652906,0,0
118.44068496013239,93.43891563690856,38.30713041429927,2.0056344620265283,0,1
52.985284366121505,95.11443879352538,36.13357932554511,0.0,1,1
34.948802297157854,90.85833736812776,36.69069687010448,0.0,1,2
56.39981263938626,98.24552664688264,36.23711813005856,0.0,1,1
76.54878683383087,98.49723804639031,36.730495011496224,1.722960964097146,0,0
85.73157909821664,97.95551160376355,36.54742704925436,0.20090751058226725,0,0
47.62284249269568,96.09068848143006,36.655490788765,0.0,1,2
109.05626065973645,92.58817011757594,36.88756457570206,0.5482719068940087,0,1
60.01155740319659,96.64302897560911,36.21774089299336,0.0,1,0
40.59666386606706,92.21226005778541,36.51722693627939,0.0,1,2
89.14495760649793,93.57705432957003,36.65234645984632,0.0,1,1
52.55972331568267,92.7267075231082,37.13280747030204,1.874871280164315,0,1
32.31106199397251,84.71283708381162,35.25567915370204,1.3903447795362376,0,2
61.5767076124551,96.73619767868232,36.36634503630681,0.0,1,0
115.68782724731615,93.68652024996119,37.766623240943645,2.6825846634774053,0,2
75.98702626429296,97.62283188488523,36.84977879382665,0.7625803265665848,0,0
72.87074902197726,97.5520457926721,36.70400637077025,1.9755765838205728,0,0
58.95179171674306,96.77863340557079,36.64885379761237,0.0,1,1
80.60449540664293,98.24398582156053,36.743898283075104,1.816253472683414,0,0
68.59372272589103,99.5670595744577,36.73930244810031,2.259423076883818,0,0
91.9547595977588,98.5020106115294,36.722537692355324,2.0127703714215652,0,0
73.42254040190394,97.38245393374541,36.56930655976277,2.107535659998331,0,0
125.83776110052466,86.5152262251533,35.98661902168964,0.0,1,2
82.453144933782,97.57156807893364,36.653144805742116,2.4275698845784968,0,0
70.77575539633557,97.13420012989823,37.01303663602472,0.1899710964871824,0,0
34.87232080239221,91.39169801601047,36.573239010692504,0.0,1,2
64.66175788289722,97.36783157123448,36.36559302943564,0.0,1,0
33.96626791787541,78.41075313498773,35.39654507427804,0.8612499120321111,0,2
129.64808741726856,87.32838410956779,36.00957497688886,0.0,1,2
73.78599175377397,97.05015707729181,36.75377946986617,2.0555008039261504,0,0
75.62895611278341,97.05791590507722,36.82801496959196,0.5199923890014015,0,0
87.19509480439537,90.07573159740492,36.963953756517476,0.0,1,1
41.59867516068112,92.20653572345431,36.68071580790471,0.0,1,2
52.53124821525707,95.84261429090813,36.22465559869438,0.0,1,1
48.80796606200576,94.70688376512051,36.44521777787061,0.0,1,2
76.12317229502317,96.19802498763032,36.66089033310162,1.8502393740079202,0,0
75.54427455789387,96.5061826349321,36.98020106484042,1.4697849801599678,0,0
89.64655247999677,89.78734286737668,36.83458276063558,0.0,1,1
91.34589766404606,95.97974513311054,36.467980103681164,3.4100919512201333,0,2
50.41920818014533,97.0750149912938,36.43625604311812,0.0,1,1
35.17542431635689,84.5883350760032,36.34118829988915,0.0,1,2
50.72626428516232,95.97783350244556,36.0712803338989,0.0,1,1
67.47169309691685,98.64248873723514,36.6538250146973,2.17518187333574,0,0
73.0898478290148,99.55869283695486,37.165488388222755,1.0851834748992202,0,0
71.49290839638158,98.1703091277256,36.86185652064272,0.6012088490847611,0,0
71.33598521307204,95.14583765429015,36.54036709329345,1.8005899001559982,0,0
86.78286069809992,98.70923394218296,36.597611610697015,1.1511945949493299,0,0
66.55022041913294,97.88710621930596,36.59844314561646,2.1591885345456605,0,0
116.18605340172547,89.97407423824555,37.188241201653184,0.8018610023316304,0,1
76.73903319513654,97.37645666660922,36.48823944611642,1.6217212199361266,0,0
73.73933293506413,97.37734197138288,36.651914803862574,1.4093501060026192,0,0
112.68685777333833,93.64121665614454,36.446316914872384,2.4658821293929045,0,1
62.74716065212486,99.66427036788566,37.01976281413544,0.11356505161884334,0,0
33.466564102738786,86.15625079158954,36.16551316079702,0.0,1,2
67.16513296768308,97.73025273261926,36.563291725837814,0.9727065970507768,0,0
72.92300659148655,98.1400894114639,36.68404848831991,0.22418915120584276,0,0
72.11367522873216,97.16655636522911,37.344623597525285,0.6318242330546736,0,0
41.82210125711736,91.22526972201504,36.78202864506192,0.0,1,2
80.582330897677,98.32233863047219,36.605653275845654,2.346292368948648,0,0
65.83832605290442,97.74244852976184,36.68529719589591,2.0229037605847093,0,0
49.196218315304584,93.09310246738367,36.76034505665713,0.9661749829634924,0,2
77.08586434069682,98.72892506064184,36.844990168887826,1.7095919584050387,0,0
98.09238830889753,95.50220270726703,36.89743447823303,3.6439819223444836,0,2
76.69821975161773,96.76267128623027,37.03539587270969,1.9195100955924278,0,0
86.23210036536747,95.40742972174564,36.89271405050721,3.9271861536623502,0,2
36.24130894487378,86.22182228946886,35.599679193895135,0.0,1,2
91.70769702929191,92.33557045553675,36.89256016250543,0.0,1,1
78.95411022119924,97.23417648964632,36.702926591177814,0.10037858698733615,0,0
110.14391989123072,91.76913192603047,37.12854518147959,0.6502243801874974,0,1
49.242020040667335,93.95939397440586,36.39744015054569,0.0,1,2
70.21465248936485,98.1666062470138,36.640856467295876,1.7841544978138837,0,0
57.23947189478386,89.83105723730951,37.60838195911244,3.001704210882963,0,2
81.09526463202388,97.32487472155539,36.693401256114804,0.3362501176023779,0,0
98.39902957152084,95.9571288725834,36.67966601862112,3.7331546816314467,0,2
48.5820182439252,95.0624504451912,36.293357186792356,0.0,1,2
39.8951754986241,90.09267344062773,36.76760858487655,0.0,1,2
140.95361479959053,84.10765223383304,34.987241042144994,1.9874082975043321,0,2
76.86208044362034,97.55010626418795,36.858429768423754,1.7283125177851857,0,0
39.120943784009974,80.06618349334208,35.31627313272974,0.960728025722358,0,2
120.17652755171612,92.00391540584492,37.55434700169214,2.181003250719263,0,2
63.45109860414042,97.63806185343674,37.022638624915395,2.3008521085133355,0,0
70.45748313559926,97.36485779059778,36.80190483158672,0.35717607262461626,0,0
54.11813810771717,94.59732554496087,36.55775414299712,0.0,1,1
72.9469512366943,98.54012566410525,36.76529111648772,1.6703351716817345,0,0
79.32642180576356,98.57779763087771,36.65354009005258,1.3688460488291674,0,0
39.55655120477269,92.0709129433746,36.825854499360084,0.0,1,2
39.00005501647599,90.34459396039539,36.657189778689364,0.0,1,2
114.03389454602548,92.16890258713144,36.66303757805222,2.5226120633698508,0,2
75.2458474338808,95.94170851177489,36.698461174322055,1.3057564668244857,0,0
78.17346867600024,99.39079574217125,36.82412695217869,0.671829792015832,0,0
121.26415077665428,93.6265966444661,37.466205923530715,2.7798951531885776,0,2
72.1582845269408,98.06885078640099,36.84186977146693,2.040304694745156,0,0
54.72973529193445,95.38860408382016,36.09764116776024,0.0,1,1
82.43663708590114,98.62866012151773,37.07550950458931,1.1489873986179402,0,0
76.35009222751948,98.39469852998081,36.816945987700024,2.003184763342027,0,0
80.65602683542893,97.99844152853085,36.43112766755586,2.4453797560010777,0,0
110.2968964920717,90.13070572165925,37.54306953320689,3.0861121742957995,0,2
53.76824443569164,96.79764877147497,36.29555263773023,0.0,1,1
93.1680529182139,90.48535719189879,36.64325459745268,0.0,1,1
74.39451825299736,97.39530414313667,37.00592087228394,1.5691595718721367,0,0
91.85976360135142,96.87764867093809,36.636122633900236,0.4289432404877951,0,0
112.2047623469603,92.45706215305967,36.961851725624655,1.5985330903561095,0,1
85.85862884171732,98.62014359412305,36.70645226322828,1.9214366766752355,0,0
65.68399944220816,97.4984201922089,36.865728805160956,0.7420284576492798,0,0
50.27854025826964,92.93816467417628,36.63818546761151,2.630167420661331,0,2
128.45946377938213,91.69196340543162,36.911165205515026,1.2272636790873341,0,2
142.73472527617162,78.58293781546767,39.193580191345696,0.3157536333026383,0,2
85.77138874713562,97.09216872176606,36.629973159456476,2.1453676599421865,0,0
77.84773862956123,97.89192603700722,36.84978642119205,0.5204196728900344,0,0
74.40316262109056,97.86283357291934,36.71123530406173,1.2698571370234921,0,0
63.48436810700825,98.73275309590525,37.13645681922464,0.8067138372187844,0,0
74.52935535743903,97.08312572928752,36.72549810029324,1.6076382508248523,0,0
48.72150858283773,95.668958138774,36.10198961395952,0.0,1,2
79.26151789469742,98.38099953996169,36.38816790326153,0.9761230661003331,0,0
119.79100802744333,92.80594282058327,36.812680702172095,1.808900762244207,0,1
80.55807135763344,97.47582313895936,36.36049979894759,0.27443717401794626,0,0
55.80614168372971,93.26115372014742,38.74643692708907,2.101831951067579,0,2
77.02341761899663,98.43572652644055,36.70015047710107,2.0336434933045413,0,0
61.01407910544678,98.81539232867522,36.56563373990549,0.8571740955573373,0,0
34.52258277432103,92.0022710356756,36.77633346836689,0.0,1,2
65.24248639800038,96.93681028783317,37.20802677719938,1.278738325923189,0,0
73.6147797904008,97.1079348013353,36.78635949393346,1.9834583707906943,0,0
64.74624453952353,97.18891493752328,36.751855139202185,1.4207092556395111,0,0
78.11585347961099,97.86370235976577,36.75663458995557,1.2354268914384994,0,0
36.82896832491018,86.37028186128728,35.703098229212515,1.1166401245805078,0,2
95.42777043354656,89.15808092106846,36.9914504289958,0.0,1,1
38.54070496537068,83.56155208246575,38.791749301383895,0.17484130949040466,0,2
49.45044510568436,96.82253094697838,36.446776775031275,0.0,1,2
57.33054768206504,98.24440180888874,36.23512607292059,0.0,1,1
67.78917102088083,99.3894412835617,36.85678221174727,0.6134148891993224,0,0
75.94349676359336,98.7877285159246,36.644878727712474,1.9336303015977296,0,0
60.93613242662619,96.27640218933183,36.79637315129838,0.7154040869810094,0,0
116.75970657402911,92.00243264203166,37.97136687297071,3.0494039210792243,0,2
85.62862443626769,96.31071573555978,36.75080093232886,1.3122801243296187,0,0
96.46703610809143,97.16198495383512,37.24591881299851,3.1658763438734376,0,2
86.76014925017265,96.7530782498931,36.9355939941793,1.1071713876616123,0,0
79.6376351713342,97.73383406545356,36.851777503142536,0.582337678698975,0,0
88.73678915460496,91.45450257208563,36.23145279708573,0.0,1,1
34.99749271209298,82.10135176640242,39.48441024893564,0.38529192394936296,0,2
55.01479497692512,95.11412715660096,36.0792320025674,0.0,1,1
86.86095706440112,97.65641841128786,36.883702911831406,0.2541645953378101,0,0
72.02679158297403,98.72304482722676,36.881218803769734,0.7064311065744376,0,0
64.31758051832622,97.98794177643275,36.914494282355946,0.4487001087178759,0,0
81.20772543023553,97.11792520197622,37.03046972779238,1.619456374522556,0,0
48.546097098550675,96.90389965455084,36.28557885958023,0.0,1,2
61.28027628265458,94.5281587041721,36.073274692762816,0.0,1,0
56.18930396632492,96.8903113978755,36.437136975898156,0.0,1,1
73.58613556833092,97.50402820678774,36.92685678663644,1.477988799062999,0,0
51.8588248580209,97.08233772402788,36.930804794846296,1.1832064785742928,0,1
29.74128381371618,84.79999310588721,36.266343610719474,0.0,1,2
55.79073494926802,96.67929498190506,36.700607726444886,0.0,1,1
44.92056552097063,94.64291624703642,36.450985964379,0.0,1,2
105.61015663934933,92.27893538897543,36.7463257412082,3.1245136542768837,0,2
78.85303692881281,99.22700890269905,36.874280217186445,0.9800012268991194,0,0
31.654435013670565,81.63382896950047,36.57352417043,0.0,1,2
80.02585907625998,96.25871133909804,36.92402481019138,1.6501996633732336,0,0
32.472039703019234,85.95301317812633,35.37114595356141,0.0,1,2
53.77040515455035,97.2968635439667,36.27254187087455,0.0,1,1
74.93377027816676,98.00548642756002,36.82286175061185,1.7679166451647335,0,0
55.01082103813849,96.85423444179061,36.49872037250064,0.0,1,1
51.56181444272667,97.59230201783943,36.2944677089818,0.0,1,1
71.67702703787992,96.11196567480232,36.67985041387228,0.5133239732968785,0,0
90.11144313348454,91.98305014867896,36.36745570666468,0.0,1,1
70.3949890380914,99.96552145220656,37.010924125697464,1.7932063855915295,0,0
49.007074783995705,95.03316246201531,36.123282427116486,0.0,1,2
86.6760490667027,96.38479488025509,36.643942293115444,0.31195053092458674,0,0
89.68727774450596,91.6856563925137,36.408241939874955,0.0,1,1
74.74978930635966,98.39171772678199,36.91387483136474,0.597003579730505,0,0
88.44883550021666,98.04673045108693,36.87939365826501,0.13969467829570387,0,0
57.64088716419855,95.05701956170245,36.77481914600421,0.0,1,1
39.51879870966845,82.06559841530239,39.48337308137071,0.9220207131476681,0,2
76.6510082561456,97.76158419069806,36.85002888954651,1.5497730414377526,0,0
57.58206902902634,97.69271334895356,36.342858652218446,0.0,1,1
54.72794995923962,95.06095480988523,36.51192406659875,0.0,1,1
72.35981728582159,97.95626624161949,36.63053719442977,1.4924232875116814,0,0
72.39204853498872,96.84291892273338,36.97293458611871,0.3141994039278016,0,0
81.01913659266948,97.69608048852116,36.65840541059872,0.34213312505406146,0,0
69.4278871001181,98.89722132967182,37.076161317690996,2.166712583307475,0,0
72.70760841357801,97.08564821671588,37.02005503602904,1.37440751138311,0,0
88.63893564484405,98.66211039518961,36.86212344569323,1.506439305947912,0,0
41.96316440218229,91.28991117403767,36.99480222591555,0.0,1,2
51.76729097291567,96.64478557662906,36.23699449921618,0.0,1,1
44.68641752227692,97.75634544131385,36.41165934164149,0.0,1,2
71.83285676876989,97.96401595664061,36.85306377408964,2.0738135440390653,0,0
69.3445934085325,97.12518575576885,36.92566600914836,1.632877827719614,0,0
78.8572938891524,97.04150234642685,36.77348128907573,0.1754972685904626,0,0
89.97429909281561,95.74021843078991,36.45874783600607,1.2421420259907776,0,0
79.53546949670815,98.97515782629414,36.71822532631918,1.1827936088502302,0,0
53.08910920677712,97.1487568714143,36.51788212104381,0.0,1,1
73.96080307608923,98.19188126224559,36.59308040807866,1.8649936612168074,0,0
50.102594751069596,91.8098728247048,38.14097359109655,2.0528039307362764,0,1
113.59295478912466,95.13049749018563,38.007707344089944,2.449155849779221,0,1
38.26218214813468,92.48737980701645,36.93376923062245,0.0,1,2
99.51623961046357,94.24095766551054,36.7064040547789,3.6932626516532383,0,2
82.1425192549797,95.14774165811656,36.5460636526194,2.9597676623635465,0,2
72.90692641828554,99.23362501982095,36.838290143191465,0.7389478871619236,0,0
62.16528689808395,98.06132247562891,35.900413758213844,0.0,1,2
49.88404982825246,92.18580632341533,37.79307518793122,0.7545451403271273,0,2
54.1113461231687,96.01136381854236,36.19398522032799,0.0,1,1
97.05834501304587,91.82467039331951,36.32518987658772,0.0,1,1
115.64807273463398,91.23543516755484,36.585261430760504,2.343443696780504,0,1
79.66654351300353,99.34484146241826,36.92081948527111,1.3358736436346677,0,0
88.78734340331945,91.34704645759687,36.58901920119152,0.0,1,1
66.95964664668509,98.62342318456231,36.989126685513526,0.43812428936895687,0,0
113.77300204738098,94.69567301220485,37.793479295131114,2.2871044976924306,0,1
53.12242619685991,96.64823504220931,36.345817052710885,0.0,1,1
55.55043925592369,95.6934408098032,36.46891579940856,0.0,1,1
95.26455323484949,91.26186065929028,36.97025095763741,0.0,1,1
50.973910926025276,95.18499300439525,36.12388704303625,0.0,1,1
79.46833288378023,96.23579509865303,36.76257023907181,1.5127448073185479,0,0
36.45747295621792,90.94053806896619,38.78946588198231,0.2734868673985054,0,2
41.301249057882885,90.70949658102303,36.576332333425505,0.0,1,2
83.90289265925207,98.25920418159953,36.98355363955903,0.6120317789443036,0,0
73.51683090819589,98.15891758374066,36.59204135509435,1.1076870180887364,0,0
56.64196071527501,98.38022564865655,36.54977243981595,0.0,1,1
77.40538969993423,99.16078635547913,36.623936764998405,1.5671332409329282,0,0
71.3052021316101,95.54009863254151,36.55141333061788,2.3186322202822294,0,0
113.13145390387874,93.80776043067956,38.00677989164736,1.17600723690884,0,1
75.7509156934778,98.13419894317177,36.52494810380376,0.5184560983620919,0,0
49.198024121089134,93.6754927923421,36.778511023641144,1.7988380441860594,0,2
90.15358463101954,95.8412263387044,36.829672571736396,0.2267791467619281,0,0
50.9977323787143,92.0962592032553,37.506979862893346,2.1109898487177,0,1
62.902176744607495,98.54882118118077,36.82495469758223,2.4074351497200093,0,0
53.97829280904519,95.08701683167227,36.41057277349943,0.0,1,1
78.5947656895594,96.76367080316183,36.62890346081488,0.9459410598296786,0,0
53.35823433764039,95.06794907774803,35.94170738707532,0.0,1,2
81.00767719024931,98.03406599105568,36.54867935915055,0.74973461967036,0,0
112.56393187971769,91.59682168189623,37.8474482587939,1.251928409064944,0,1
118.17102342269038,82.29075071648987,36.01720326646991,0.0,1,2
106.5506393901553,91.68342735627544,36.67546564668952,2.1861986414837373,0,1
51.05071420694738,95.1537428403989,36.4062785210065,0.0,1,1
80.5987386061632,99.31933635109064,36.8233323502339,0.916261447606885,0,0
65.61947840593356,97.59195504903268,36.56000665459608,0.0,1,0
78.851300668275,99.79975583195802,36.589123960950914,1.6991327755079015,0,0
58.91817731977318,95.59474056876283,36.45972831011034,0.0,1,1
86.95906607961889,96.52291543766887,36.583362310666786,2.3887754823118508,0,0
87.90867831818422,91.0675310639805,36.58406215837366,0.0,1,1
77.62731738711666,98.87729367301569,36.79642756902245,2.2294984042655908,0,0
73.32316916375764,98.36563290188671,36.854503598045916,1.47864101751126,0,0
97.12175514254716,91.13104916396118,36.890760966533705,0.0,1,1
144.9939151767771,86.58988136248173,38.6709491989218,1.0622761256574518,0,2
115.87490858812774,93.80332604585097,37.860755744736025,1.4675926072974756,0,1
94.1939212096909,98.1351754841007,36.7556852822818,2.0619542442163366,0,0
87.12795844163497,99.04636121587723,36.54509582522297,1.8225334113843794,0,0
68.01079447721754,96.81362540794765,36.636559786099596,0.8440524309186457,0,0
83.12334868392166,98.14094612351693,36.74961701342576,0.3048850703837567,0,0
57.0895493290848,97.76054993636835,36.23950840816688,0.0,1,1
46.95263190718924,92.63626281417994,36.95125734572044,0.5094625915338573,0,2
72.17156586625825,98.31566063008339,37.124374749557006,1.5984052637228932,0,0
51.880995125648646,97.45888168777076,36.4015328626088,0.0,1,1
41.58410801364389,90.2315644830965,36.6147284193917,0.0,1,2
65.18633974380283,97.57167791566164,36.92317095963001,2.279516935745514,0,0
87.64289167615263,95.95068827227135,36.81209230979907,3.768479018469668,0,2
73.91833998912847,96.92946974377199,36.831898204883686,2.182285278853918,0,0
78.91177072044879,98.06397430943616,36.54322922262827,1.6295315834279787,0,0
115.71010039393106,93.4698614103121,36.332454571894594,3.1383938478064892,0,2
84.74094873005461,98.34038404777367,37.18725542252891,0.1084260421855615,0,0
71.63021052427115,97.27959700976055,36.62979309565809,0.9641571845217478,0,0
67.44045958883906,98.22665581059248,37.197561312952416,1.1659460853282873,0,0
53.36707373416457,97.98001061654095,36.50808674105195,0.0,1,1
40.40354701478385,89.92694904129354,36.74426251963379,0.0,1,2
76.11755276435494,98.18616649799839,36.76906193377309,2.497227585243115,0,0
81.7110195527211,97.89901444948725,36.6955170543245,0.7589744696310319,0,0
71.46549345758129,98.61091377261569,36.669251594038606,0.5663832492970583,0,0
34.74620891145481,87.23098388778016,36.795636406444466,0.0,1,2
78.01603008961543,98.39908418529483,37.00740106487383,0.5345509578783145,0,0
73.79614147856782,97.93863502853044,36.89962239912891,2.0607242811397026,0,0
50.351186931186824,95.8608718919918,36.873876836497836,0.0,1,1
54.09802975741774,94.98875447004085,36.2989441774062,0.0,1,1
52.29555833618349,94.09795279792937,36.237178133754206,0.0,1,1
49.19122841288604,97.38862418395999,36.63884824911434,0.0,1,2
82.2494026903008,97.58461171113991,36.828222899341114,0.3190013662773887,0,0
63.800120478847525,98.49432638114929,37.31455047784889,0.8941805993872625,0,0
52.83261884251376,96.64698911044934,36.42183935631506,0.0,1,1
50.615121246347485,98.60968323287459,36.54017016502251,0.0,1,1
67.8746941529614,98.33821160549225,36.526107245068786,1.6691188224006803,0,0
162.64825883791735,80.67719023278784,38.81053337127862,1.4808070739357073,0,2
34.8369331469798,85.62018660925185,38.83127581447893,1.8382689231730036,0,2
54.12020935573839,99.31893026963004,36.63747226706232,0.0,1,1
53.23286745512418,95.71797569757055,36.36760259733149,0.0,1,1
71.54102137190395,99.61155577319391,36.9158152601751,1.3770876644912955,0,0
84.7170361832733,97.44071469569359,36.94345270875664,1.9179575793762855,0,0
69.1248063134624,97.52826996013029,36.426053667609,0.3237134221424764,0,0
54.62018066331198,96.40569392850277,36.69959214234336,0.0,1,1
55.08601853305456,95.74600299849254,36.34994166615249,0.0,1,1
61.929985363249706,96.73239411742016,36.40073149166986,0.0,1,0
77.42326713129323,100.0,36.89576937356651,2.0798523515617537,0,0
77.74474245169333,98.50913714551133,36.75793910100159,2.1528067127255555,0,0
77.62808288331934,97.36827931791058,36.70822018244182,2.3236014857061313,0,0
60.58014057972725,97.41284894415017,36.99060707301955,0.964907491735767,0,0
57.779346736000804,96.32909511789492,36.63094446316099,0.0,1,1
64.6991299270825,95.7088110382674,36.32042474647392,0.0,1,0
51.750275420144874,97.99092474383083,36.3358262429689,0.0,1,1
57.92044901294836,96.73677609474832,36.593386903776754,0.0,1,1
134.4905883381104,86.16467723765524,35.783212644444724,0.7385489367102523,0,2
51.80841095024745,99.658863445613,36.29252497369803,0.0,1,1
65.06575265293681,95.35705490994172,36.229565016471284,0.0,1,0
53.39260759504901,95.6494661567342,36.19516460181636,0.0,1,1
85.26777597178662,98.41511885582543,37.128654265537186,2.400874579276956,0,0
74.58114761088072,97.99346537098823,36.606405521924906,1.5431400731552898,0,0
111.92930965524984,95.2807788500665,38.037653298358265,2.80584193222974,0,2
35.98697744173695,91.61217161861859,36.77078679698102,0.0,1,2
115.43001132328146,91.81712035988703,36.64524388422186,0.8084708237967522,0,1
69.12139623369684,99.09958847766521,36.80745881596413,0.6122749151825015,0,0
68.76955697251562,98.18233032779989,37.021463637303185,1.6210922069080054,0,0
60.49287150990228,97.92696908007979,36.53129985403509,1.6272263567634144,0,0
74.61422854918588,97.74022288960767,36.78431395594307,1.2511166948788643,0,0
108.22995057840531,94.52697999701851,37.197042563767305,0.636554028413328,0,1
70.74832863758351,96.77574868937212,36.55956632656513,2.4062018357393473,0,0
76.82593326959268,95.8301032065594,36.751439542537604,1.8852766741316105,0,0
43.17330594190671,89.37702503799643,36.23596099195412,0.0,1,2
121.58490982811898,91.59367928493216,37.09247483028468,1.0334783817364595,0,2
41.00656890882206,97.62611462909622,36.40099587040602,0.0,1,2
78.83447505215088,98.7035206838035,36.72250173701891,0.717786952472093,0,0
81.70003553673729,96.50227162431877,36.50757790896091,0.8638637106867529,0,0
56.64423304389582,96.18089096711309,36.37433785663734,0.0,1,1
123.1816437711982,93.04507602165734,37.846793383028555,2.031344274998851,0,2
55.867395506312334,93.78768787858796,38.074782881215526,1.6646867322476053,0,1
70.18771028827564,98.68789881893372,36.483415167456506,0.5443961089988862,0,0
48.17052432364042,95.63816148739309,36.44853303800141,0.0,1,2
65.69126633297925,97.31283281697085,36.35647818396959,0.7397202890902886,0,0
59.95687369624309,96.88598319150991,36.49967820044758,0.0,1,1
73.03982027330204,96.99322954799747,36.78450344513362,2.403344411293507,0,0
53.49867672474761,94.06133092485808,36.68341995976931,2.59087604994659,0,2
85.0196349369804,97.07698430171394,36.73678532823165,2.344183878353125,0,0
56.69241463773219,98.25801555148985,36.77950415537151,1.9685099714144536,0,1
116.71444096765956,94.65976277613379,36.663969526849634,2.5383156792950436,0,2
73.94859864697136,98.68572635388185,37.04200426228915,0.5521474417611812,0,0
116.66981230937907,94.43787047184155,37.80006043114247,0.8029436902672358,0,1
35.89961373059182,82.57191651244509,36.57235495311674,0.0,1,2
90.48417982736794,97.33959307850303,36.91931446897671,1.1619302247844443,0,0
64.18120632916099,98.36819431730478,36.728901667417155,0.16424940568750684,0,0
42.672507850828495,95.67797786847792,36.84827858190187,0.0,1,2
115.75327167579859,92.78212929408572,37.19271056670876,1.1407482344158293,0,1
78.68128453228094,97.58058767902793,36.84698562501762,0.737285453473029,0,0
49.8966076629794,98.2454461530653,36.75850025093261,0.0,1,2
49.68016498477241,95.30849302396392,36.515629809898016,0.0,1,2
87.23453025595961,98.04523584789423,36.9899282997233,1.28788512089198,0,0
109.4245332640873,80.77164733007032,37.171573895230765,0.0,1,2
85.95710568390851,93.64667806046492,36.641480968393886,3.3902939045382636,0,2
116.14438435964269,93.24977011593917,37.608633182396815,2.971180086883048,0,2
76.76280219466223,96.2227716290805,36.62996045083707,1.2055929873056892,0,0
62.268565021794586,95.89346334841576,36.272329015451085,0.0,1,0
82.9737953934731,97.56285609056383,36.865725223075216,1.728494186114502,0,0
84.94798544337347,97.96477652906793,36.742951731938525,1.3918065912274376,0,0
110.54239542225231,92.49422040340036,38.34526949398753,2.549263389197403,0,2
70.1005288881282,97.82496986338197,37.035541270871,1.4346772995693116,0,0
62.61630712370292,96.33637354196772,36.723985606621504,1.194118212217847,0,0
170.18714099294462,88.34187486775164,35.44205343254512,1.9404595349788014,0,2
60.172920667415326,98.43895681421274,36.65830237969418,0.8089048092174784,0,0
72.51957919811312,96.3219977446958,36.34174143862318,1.4320218075396431,0,0
67.13202327362573,97.28186594333314,36.69235257398504,1.2339047892494743,0,0
88.06648598998041,96.79972947722321,36.717515986030016,1.4376281553195205,0,0
106.27064700826413,92.96087548751898,36.57726267561889,0.7966213440423803,0,1
60.84335079622158,97.63996132642065,36.86509702246492,1.189439108183177,0,0
61.59750678596602,95.80311069133226,36.3991297878567,0.0,1,0
51.56489892541473,92.85397357717528,38.33916069306818,2.7893952381517098,0,2
122.5091732152834,94.86769924268611,36.98657907103876,1.7842576580194192,0,2
92.08120680071306,98.60263070132362,37.09904289957371,1.6427284210789026,0,0
82.15856722526229,97.27139003576225,37.18045662807079,0.6800109423342424,0,0
92.48551146982335,99.16304832127675,36.7856542036378,1.0459197827879483,0,0
77.95548278383214,98.42071175310518,36.51465753884667,1.7506552853091557,0,0
74.76508741780893,98.83362833548752,36.91330049101104,2.1677542821998954,0,0
73.53848450794479,95.7489775114739,36.9893949601751,2.232918627070591,0,0
79.10560490841566,97.63744038252493,36.83950972561003,1.3294833833205115,0,0
116.2054656239705,93.34810547956252,37.915365186593185,2.644751288968723,0,2
79.43056804809719,96.71898793023743,36.605234332818355,0.4099273697592023,0,0
35.03401829035733,72.637235441477,38.86744572228635,1.1636980816095843,0,2
67.07802770898549,97.52168974412342,36.72558713493373,0.5544010083929691,0,0
78.24712901280937,99.2358564640859,36.8569133580949,0.8543557089392613,0,0
89.16283961816596,97.5648351217489,36.66214467536952,2.373344865632106,0,0
35.26001539949443,81.35262055703127,38.66220091102931,0.7044518095336325,0,2
113.85339812819315,85.18314203690619,36.047505085090854,0.0,1,2
74.34270648724768,97.09242210898148,36.85373358502076,0.8652443414477977,0,0
34.22796238408038,80.48647011193233,39.028023276597295,0.7233966040994613,0,2
36.053685202338215,90.68424199178291,36.59311022990567,0.0,1,2
54.6995164068612,98.26605067803426,36.44442451144756,0.0,1,1
110.23204489512517,94.55843194919211,36.85638360415021,2.668078448241313,0,2
56.25719324007256,90.66049179272876,36.60565656414461,1.1008304127469917,0,1
49.628697135084664,96.74126598477268,36.313614314645626,0.0,1,2
49.97306163299331,95.48635640155642,36.72895546000405,0.0,1,2
53.94023180625593,93.09943781024279,36.89466733511099,2.682985837803109,0,2
114.82117730889135,93.62950161965713,36.74558112050316,1.2329437901566755,0,1
68.20167297921728,98.01839964541077,36.746180136264705,0.12218155499458759,0,0
78.64554581325484,96.5907512455384,36.62886155996525,1.272011545588765,0,0
69.01965298579593,97.73363367822894,36.784509398546746,0.6932193870268422,0,0
77.6364754296084,96.82519272182682,36.55991201551778,3.49462160952506,0,2
56.96148574055711,97.06576005230835,36.8824327693007,2.4829683781582346,0,1
50.21331564355486,96.97491818183015,36.42661907612621,0.0,1,1
111.4237807009148,93.45678650563234,36.6457461166645,1.6509584468872442,0,1
71.97672279969585,97.39298410819323,37.170156228487144,1.3747471181551931,0,0
56.487077691410946,95.21561534161779,36.57170687386321,0.0,1,1
52.610037922710234,96.5823538399193,36.665547826906796,0.0,1,1
67.06447292718109,96.7522250538609,36.93758041657848,1.8371085524194852,0,0
73.2227081406524,97.15507153967769,36.958652499191004,1.5833027489962137,0,0
70.45634396375029,98.82608744096,36.96875800517631,1.065161142867829,0,0
78.52870257687147,95.64641188705545,36.84488400767645,1.71334091331322,0,0
137.51909017151337,83.87497679956714,38.99538806356582,0.12554368356849088,0,2
80.70342614398292,98.89331337866831,36.95120955519616,2.1156629744177007,0,0
76.73236515235783,98.5452522288182,36.960473486579176,0.3945761312190891,0,0
108.30125746009827,97.12872506561133,36.62356742032271,3.8267816740793297,0,2
79.05626964572808,98.49005833980867,36.75975690442158,0.18700556203550767,0,0
120.66528904151089,93.23419445657018,38.16850141550251,2.4885343635353037,0,2
151.2084174803334,83.5478473509962,38.45023860170389,0.17397404384980525,0,2
78.60201340683476,98.97926315857923,36.95822800087117,0.26847186737851264,0,0
142.15204443352567,86.33225951724393,39.20207398952157,1.73710195186654,0,2
52.0680676203296,96.18097364546377,36.232627958749454,0.0,1,1
84.59145773519339,97.65822202851317,36.05699553319099,3.3628958540443405,0,2
77.80328114103995,96.46808688960891,37.06159283850987,0.7561214034730686,0,0
59.57885380425794,97.60697740427973,36.43109403057523,0.0,1,1
88.78488716601407,99.35143776588929,36.85289608021463,2.2496061103309435,0,0
104.99400840285483,94.18868019293134,37.818826599260234,2.775341633556565,0,2
74.56195093538874,97.16600653674348,36.72800631571517,0.3467405481660495,0,0
65.91861855476645,98.17831055964085,36.9883805923522,1.1184115355110615,0,0
38.91693844719314,92.45540133772619,36.42359444428891,0.0,1,2
78.02548348112474,97.11607847465052,37.094262995551986,2.2990500096244753,0,0
75.47070756955534,97.81853994528903,37.31316833184888,2.455865573541839,0,0
54.47935933257629,92.10602547901793,38.00805143796784,1.2449908932838785,0,1
73.28825559341331,98.21871455887579,36.52262410589459,0.9354293140188977,0,0
74.57300064313382,96.91845872792616,36.806537246887714,0.6875457761461617,0,0
76.21205743500244,97.03629734082104,36.994109490230436,1.0816185681670558,0,0
79.01783669275876,96.7675350240319,36.68163542465894,0.5600782507879226,0,0
39.318017238056996,89.82296836854692,37.06870635281197,0.0,1,2
64.76885318879877,98.25031882678073,36.7943964755332,2.0740864453923322,0,0
85.65602591002039,97.81626859771828,36.90582302171274,1.2368587174976813,0,0
51.81467181318832,93.19611338446336,36.845507790779244,0.9855900007048377,0,1
64.44272662653367,99.02075260325473,37.14775967219017,0.3897720465015675,0,0
65.48844402632024,98.06454137610207,36.67954272906631,1.191844172313867,0,0
111.7077019519104,93.03943604877625,36.723444319658086,1.556447509598753,0,1
79.90017646956542,99.5041105208668,36.862997507084096,1.8642779796169504,0,0
80.99272146547308,98.80250445488204,36.66076030553916,0.812095094007759,0,0
81.7912957340719,97.22758241421995,36.55457417261799,1.4008849252146838,0,0
57.41583974195202,95.14126504454613,36.063430969192034,0.0,1,1
66.67646779023154,99.27066199065229,36.53494372560951,1.717001551021261,0,0
123.07662054317488,93.38575054306911,37.62316614181155,0.5777637005372005,0,2
66.21004122674985,95.32249388137097,36.59229182859285,0.8566732314494141,0,0
61.67678917367744,97.28666522994614,36.85141721952907,0.0,1,0
78.6798684439834,99.63991099916888,37.028158289510905,1.6272355006409358,0,0
51.21482276383376,97.06362724764399,36.71348484857538,0.47592203485724505,0,1
53.54362679072302,97.7000449349911,36.52943197717252,0.0,1,1
90.33286094415304,92.02276055664123,36.69086857876288,0.0,1,1
52.82969807309641,96.71440373026289,35.5561052249556,0.0,1,2
72.40279844925749,97.6778477539052,36.82745775589753,0.9459106825581756,0,0
121.02019535637487,93.65815592824869,36.726449599297055,2.0831831815719717,0,2
82.12942078096975,97.39171798643564,36.75127512345771,0.8564494963695132,0,0
34.26144593995651,92.77729476803046,36.74515233750794,0.0,1,2
75.66134483471829,96.63422938283303,37.17136873256983,0.2467508345144469,0,0
82.26245459993939,98.72401105725717,36.555830437187495,2.231981955286293,0,0
59.49460035392234,93.60790520603673,38.28918367630114,2.8346299319812562,0,2
41.925637184433306,90.6169050788402,36.32307828110533,0.0,1,2
73.8440499543681,97.32506537777876,36.66954669937933,1.272444049433983,0,0
54.580997678250164,89.67920949287712,37.05675652166515,0.5236918386671782,0,1
98.8289806619236,96.8554232800791,36.931176798138274,2.247313851413471,0,0
38.30329172392175,77.69273680389243,38.96537909864699,1.7174487946652783,0,2
77.03079697084732,97.44634744511845,36.84546518136464,0.19658744948620166,0,0
114.60727612946697,94.39545323249659,36.84289265349351,0.9095007929655747,0,1
75.22892290948083,99.0373697935636,36.748455087682736,1.2362107135202696,0,0
52.00440211432633,90.67465181258221,37.73913814543488,1.0209229779905473,0,1
67.49393050774978,97.75201420514942,36.526534707743004,2.0150352820271573,0,0
78.24742797558261,98.608988609229,37.01891249092276,1.1787020636409788,0,0
85.89191609747341,97.08151601483888,36.95669312966494,1.9432778902097978,0,0
81.6661297572592,98.57567529961568,37.17785649085005,0.4729627089736371,0,0
76.09095927038796,99.93532112397595,36.73269101575818,0.4500859046893506,0,0
70.8408331308453,97.07056295115235,36.69525914342209,1.6690951620081351,0,0
65.07363257559244,98.53565514364136,36.98518083534554,0.40366459371778163,0,0
85.41767029933531,99.63413456436238,36.445715489711226,0.8124448822719641,0,0
47.62070130828076,96.1393167312977,36.28825561179849,0.0,1,2
76.68741287465924,98.3054195590745,36.40749390109581,0.5389303621517264,0,0
52.15568156178516,94.95789443616017,36.32166978179309,0.0,1,1
74.99344518761333,96.72690867163737,36.63021906872591,0.3263503635105942,0,0
65.53052695208689,98.70678426667543,36.88117005333858,0.2815472335776391,0,0
57.283121831897816,97.32884106721836,36.43567210305041,0.0,1,1
44.41480742186772,79.37786179367689,39.32756640737012,1.8777447458781347,0,2
69.6257501386466,97.3416016367872,36.86987271069647,2.0548191235132753,0,0
78.73679585245905,96.37502882818458,36.605109490477936,0.12053144828360846,0,0
115.43282832311,95.77767876544911,36.78433383021397,0.6703029707260102,0,1
90.93812290766456,92.22665983431052,36.73544654474249,0.0,1,1
63.3070297759062,96.80244077592185,36.06468506819081,0.0,1,0
58.23101893983426,98.16733176022136,36.59033714084336,0.0,1,1
76.42707417983218,98.4281029698337,36.663844886734964,1.0133822593074568,0,0
94.16906182462284,91.0565155544837,36.43266645604618,0.0,1,1
53.640026777656004,97.27897726528451,36.28668511851324,0.0,1,1
89.74751692482171,96.52170198615133,36.56992666052732,1.1186413332581897,0,0
72.25461987519326,98.82463982483071,36.97641496305789,1.2918971537516113,0,0
53.65893364590586,96.37578037392456,36.0806455129669,0.0,1,1
80.15779106106189,95.25196286278546,36.89810321899268,3.342549356269769,0,2
90.06336331051622,91.78213301420395,36.215365856660085,0.0,1,1
134.12077621406343,84.5755079397865,34.7834405612567,1.9494204719727228,0,2
53.33428780518089,96.54232663117436,36.21820063785173,0.0,1,1
74.7985947888408,97.16101494593332,36.58394658804386,2.1881151918553403,0,0
116.10855287673064,92.55991670577957,37.78988949339528,1.4342065150251464,0,1
88.24148499037248,98.20219782491235,36.84970902102379,0.21944127181258127,0,0
54.79256664708509,95.88648865055657,36.32441260841706,0.0,1,1
41.3665290230603,81.80602467533234,39.003236790640536,0.8489238637086617,0,2
49.43108355528689,97.20977803369436,36.783625164561826,1.9855043302911948,0,2
150.63673654270156,76.46063401582927,38.877265259117216,0.7855329698669272,0,2
41.113620290410175,91.01823099713712,36.594140883159874,0.0,1,2
110.7182266407732,91.3375673778666,36.9186108100566,1.3831690965802141,0,1
47.6478973805062,96.9562875149562,36.2410920960346,0.0,1,2
62.8792499543213,100.0,36.921901979242485,1.460001889000395,0,0
70.0652547119322,97.41822880332596,36.91768723604806,0.7168149573338374,0,0
79.50004962778429,100.0,36.771770065531435,1.6827764106103644,0,0
74.05817128551178,97.92272890770548,37.05738945722328,1.1829167518681512,0,0
54.25270912188146,95.9427178623081,36.755974734311714,0.0,1,1
76.40841205394679,98.49656634345754,36.716836758024264,0.9046919609907293,0,0
154.27868765475213,82.70715536330464,38.293789415445765,0.9788145722187709,0,2
51.2376949273159,97.9490038339423,36.196546589517766,0.0,1,1
52.54140442549362,93.2718513011172,38.35427077698127,2.754580895420487,0,2
141.4655097125013,82.36415321202819,39.12145096374329,1.5798960256948862,0,2
57.52185890491123,98.7354429456802,36.43116584835189,0.0,1,1
79.77712321940453,98.70944961318993,36.868246874336684,2.224549562106814,0,0
91.02621881395349,99.10547294057068,36.68823146058575,1.2825973507104105,0,0
42.5318542015568,90.71631377907283,36.99490345125586,0.0,1,2
52.730714044155974,98.69237713488491,36.54441002293576,0.3876175876988893,0,1
53.78824448239746,91.85987451702522,36.682731839739986,1.6042635600813528,0,1
69.47538516449457,98.30728550760064,37.23662297128642,1.9441853034736822,0,0
90.43433683990627,92.1106776840541,36.68261887024296,0.0,1,1
120.48226991405555,93.26822851504984,37.380607329186404,2.3832473973001553,0,2
79.91705011752121,98.72418159102394,36.590155349990596,2.4621994395790967,0,0
95.73829890014339,91.42262861719257,35.99585257311568,0.0,1,2
48.052705408500465,96.65097194418236,36.905621726500144,0.0,1,2
81.77014464205222,98.86944738812419,36.799171483011165,0.36055154728674244,0,0
111.9348539463857,94.71258029755613,36.716030600833754,2.4351267459252024,0,1
76.17370414787874,97.2626374106866,36.89370472056376,0.9290713259332323,0,0
97.38645273384822,90.5719880679458,36.75668905248498,0.0,1,1
71.79404013385563,97.19400995391509,36.6114449519539,0.41625013263288646,0,0
80.51598563237998,96.63824869982359,37.26660328365053,2.2941010952339487,0,0
62.7755671694425,94.53583776282704,37.03084333284989,0.0,1,0
54.242511113502474,95.76364251394367,36.418152708559056,0.0,1,1
70.85282350239699,96.6936558429229,36.8203311523132,2.338311917774463,0,0
43.43247541537575,89.4217096238496,36.52093333439504,0.0,1,2
70.13834568722261,98.46327338126447,37.32049597497486,2.333741906908953,0,0
120.29753883319331,87.92001503763119,36.521695317873075,0.0,1,2
73.65169652570226,97.48555620970237,37.06510004394425,0.37215598562778096,0,0
93.41856304833777,95.97502225303889,36.652252254939015,1.3643270052542478,0,0
51.23783288901763,98.29271377237063,36.31733533440592,0.0,1,1
87.98872877468563,98.534709667573,36.811828716338354,2.2220667309480864,0,0
72.81879348643648,98.51859652325004,36.76802842683285,0.9475705654780907,0,0
54.501368149500365,97.81600506499535,36.71482914497376,0.0,1,1
55.31967226338922,97.8763554419062,36.38378213973666,0.0,1,1
52.62376020215187,94.18313805997767,38.158439457171184,1.9529872612199268,0,1
82.76998806858,97.71850613404051,36.95641892220391,0.9720010765990343,0,0
67.40257921613515,98.4457378503779,36.69839412811151,0.5480414221943601,0,0
82.51899294299815,96.04065051121637,36.89682558400784,2.087331935126255,0,0
78.62298885048367,94.04256467874082,36.90068682156938,1.1638863665901749,0,1
64.34034028393151,95.71981202735813,36.85579562038313,0.10316768556239123,0,0
50.61289455451576,94.67707365050893,36.4057706389256,0.0,1,1
67.15253420336035,98.98290048938752,36.901395269165626,1.1848198911689949,0,0
73.56433583081416,99.10713542315071,36.68565283545013,1.1025668668277504,0,0
125.57483898921767,91.61421255872847,37.66346970130002,1.1220120203882649,0,2
58.62239809714133,97.2536944362803,35.98469889870402,0.0,1,2
56.64945581898502,92.08960175814867,38.11783269146559,2.8269359532264278,0,2
82.5581445558039,99.51025039111731,36.701919958685366,1.4811406669272758,0,0
82.23440378185788,98.90541240521497,36.9812849174802,0.2028095708535962,0,0
68.04135206904581,97.5742267272842,36.53795923169225,1.0973428770959597,0,0
73.25444761388462,98.65280590055677,36.948278818300395,1.556868770522912,0,0
56.19337403409505,97.05239406801341,36.488329176812925,0.0,1,1
46.979344730348515,97.62365616153994,36.3518483903098,0.0,1,2
77.87487752583186,98.33437656284005,36.62062367571312,1.997795484585943,0,0
75.43416880383194,97.86548485945721,36.64886463225422,0.4843077764431365,0,0
48.58264056473607,96.22798666748476,36.565309087028716,0.0,1,2
37.28514553326057,90.48065868911887,36.602184896115126,0.0,1,2
78.39835899330531,96.14436063982991,36.92926403262716,1.0411068519682918,0,0
87.79597894056411,97.200644294947,37.04708635515136,1.866529634758695,0,0
79.3100336235791,98.04245018063581,36.81364135652056,1.3276200754375331,0,0
82.5439367940587,97.72995355627204,36.94508376543155,0.4062189742897051,0,0
55.0441040495182,95.200591365358,35.91868444685313,0.0,1,2
59.36273488891296,96.00575432090824,36.6621004682854,0.0,1,1
39.05170214784685,90.74842072297311,36.33096468428328,0.0,1,2
88.16618097738731,93.39964465736782,36.16105694484204,3.687402006109684,0,2
62.0364749606325,97.14396524175935,37.022326294828204,1.5192222155167403,0,0
45.69384290810008,98.30623519865485,36.793930112593436,0.0,1,2
40.05637153392382,92.32292616033553,36.434497458586,0.0,1,2
68.6407372434088,96.05958852594395,36.506347462607586,0.49083178066982736,0,0
54.78822449686792,98.50502063533239,36.95121268051954,0.0,1,1
61.440199494669834,97.5434870223841,36.19756613315255,0.0,1,0
79.48772084622324,95.57371817676783,37.2703374529387,3.693679423687864,0,2
81.63171741435387,96.31823215102641,36.890287753306694,1.05670950794578,0,0
108.29060836386381,93.98630577889908,38.041566362997685,0.7249169744018502,0,1
88.74078284272284,97.08532421021593,36.63431661390994,1.4569681406812103,0,0
84.79906618842776,97.70582521527069,36.80791976361042,1.7960505003053044,0,0
62.19308125370049,95.15905398932698,36.63122866730463,0.0,1,0
113.23627364671471,93.2408329502915,37.0065948469828,1.8162561522747556,0,1
65.520187565,98.26853125690512,36.830453875161496,0.19904739369909247,0,0
35.74460667256056,76.02373953758095,35.794364765222014,0.13837035386023253,0,2
56.71469844073487,99.15758820927684,36.9773017604151,1.4982422482827986,0,1
42.84229893179656,95.58389164057252,36.6739098345206,0.0,1,2
114.9229830495691,92.91428442451499,36.99749794339374,0.8781059244137508,0,1
73.14858303579938,96.2748145633378,36.76104207574335,0.3400434160583734,0,0
53.168145078888614,96.60001442117012,36.31665498609808,0.0,1,1
80.43731277895061,96.46935984615398,36.68072001880404,0.9219999832195297,0,0
76.24011074093299,99.41610174049,36.59636744290818,1.227735779299455,0,0
73.37472252016246,97.31001005111871,36.853762239436406,0.9225769926132301,0,0
67.77534592125463,97.14615126352084,37.22416818958982,1.060349121482942,0,0
60.56152869687147,97.71424705237953,37.18231900240087,0.16406358060845028,0,0
81.3287179346119,98.8771624764408,36.835597875920655,2.2187336300523635,0,0
89.8540670654428,96.11229513757418,36.88472915770664,1.8861646202493731,0,0
38.310106997362354,91.57438635113388,36.45078914005792,0.0,1,2
87.11834063809462,99.75172317040361,36.803158860211475,1.5628487471438182,0,0
71.66120021111749,98.63491734742675,36.530310450193774,1.2239222742399,0,0
112.74443052717186,93.31342144953555,37.56986503307468,2.7121606583368045,0,2
49.22363425570283,92.23066601501668,37.131773938891065,3.198539481403286,0,2
54.361828879368744,93.55149058597328,36.804024780599136,2.337498088640101,0,1
64.15695690139474,96.31653404789425,36.92296619353554,0.9002968492759534,0,0
39.76858396341118,98.25615361586401,35.92364588299603,0.0,1,2
75.48501907188752,99.18487109379404,36.87932558784429,0.5061942338629468,0,0
69.33486781336828,98.86596371973182,36.80356645090595,0.8842145133832741,0,0
76.30053486965802,96.97490270005447,36.80929225463083,0.3824236303487176,0,0
55.46731436188405,98.35291119622886,36.496263791984454,0.0,1,1
54.339474450623136,98.18135158115491,36.8082425550056,0.2762672584138275,0,1
69.57456043361624,96.97908684182715,37.03170869025355,2.29086085591453,0,0
72.4660262120246,99.93218566680638,36.93378806375915,1.3523859384732277,0,0
54.68104116566451,94.83205790313941,36.72606379995649,0.0,1,1
112.38449839927883,94.37139640746749,37.939695319369356,1.9215921646084018,0,1
51.864874423542176,94.75867521623991,36.29846214585655,0.0,1,1
49.15905170314795,93.54161705743756,36.563761292114094,1.7520756870145662,0,2
58.4751766687909,97.05596015896815,36.48443871894807,0.14163022444892306,0,1
164.97500093179673,84.54283859800545,38.69245313281879,1.6185315019539013,0,2
76.15199265807897,97.27874519314386,36.92368144314882,1.6388791197571555,0,0
137.7254607527688,84.63976917706592,35.84725588174299,1.6812994833432826,0,2
93.47848248787847,97.25641605990626,36.62006446354339,1.5798108113709914,0,0
51.56386485743221,94.56811615838758,36.71625355851792,0.0,1,1
99.6577702100773,92.5377748467554,36.86538217284783,3.0275968638160315,0,2
51.695776510834406,95.0148297582046,36.33118422053012,2.3795939973340614,0,1
53.548165044326694,94.04341017840014,37.01650740173658,2.931015260338518,0,2
70.71881706130819,96.429157955171,37.1189840416172,2.474915486307705,0,0
71.38396448218238,96.47312244063298,36.679194022905044,1.5486446085309702,0,0
147.19204187633588,84.04017204872585,38.76518945012745,0.5429798768743644,0,2
119.22873665463392,93.97145026590353,37.815412712420354,1.9941595886203622,0,1
57.08510821543161,95.66156367768943,36.39532312618074,0.0,1,1
119.19773860434616,87.79064781790434,36.10932542851953,0.0,1,2
62.16075442058566,96.99524818628086,37.11165899135449,0.7544031766435456,0,0
82.32312861228375,98.32051249662828,37.04718864044562,0.6464479022310362,0,0
59.8395486838142,97.79274430153434,36.73765848150656,1.6460931564176615,0,1
97.22181595913607,98.12634333585603,36.74986666163039,3.710657873494889,0,2
74.80097573182266,98.91229244989172,36.89274461151142,1.7304610958119517,0,0
66.65999340895428,97.91122333484086,36.73453488498552,2.120893080653251,0,0
52.26298991511965,97.10308972924572,36.3177776258323,0.0,1,1
81.7546208146355,96.60489143973979,36.93844697709365,0.7041867142780729,0,0
71.63472805430854,98.65228968945281,36.41676712374681,2.0253311655311244,0,0
67.76380387843365,98.79997606893382,37.100326923725994,0.46693322954751115,0,0
114.74286251403797,93.08912842822818,36.60452334995307,1.3370050025122242,0,1
108.0694613489919,92.5768882835227,36.94019446454079,2.532961219090399,0,2
72.55232074639878,95.30664995151731,36.52554810951804,1.7474077455943406,0,0
67.09394644783205,98.13704869084474,36.83244492267563,1.4564740508266028,0,0
59.810915741206315,94.70568072799828,36.41488498405775,0.0,1,1
116.7921799739276,93.06144469268875,36.55433024695242,1.7353725999082128,0,1
60.54102330003353,97.47020174295416,36.402537954054715,1.4588915764171488,0,0
69.02727623145257,97.80053936262888,36.86059246149974,0.5659889857948232,0,0
80.10817095403789,99.72222456026945,36.88184251572131,0.9853230936976135,0,0
72.59260320545947,98.25303965657206,37.01462360535987,2.2558218008195787,0,0
59.246069464163455,97.1078412696631,36.235381601184685,0.0,1,1
56.04354107185092,96.74100768643292,36.31114642396786,0.0,1,1
47.14160815379421,97.07780915718956,36.7703091479059,0.0,1,2
54.27654329751639,94.5580013877305,37.51938264116067,1.014825056237937,0,1
62.33312827008688,96.3619256485098,36.724480683946304,0.163490813153018,0,0
86.12639267493076,96.77651621363131,37.08434929691909,2.352640757907346,0,0
79.64831670706955,98.39066529670437,36.71772690239557,0.5467171704834388,0,0
40.99350646470916,96.87267498044514,36.454809729372585,0.0,1,2
111.15562832424013,90.32911999513333,37.000986058813574,1.9444101052965919,0,1
72.85759186495086,98.4490933843875,36.984101915013134,1.3658466038301473,0,0
78.00411363004477,97.1369078261746,36.89057486535898,0.7824253835675039,0,0
73.87029639674807,100.0,36.9712096189551,1.0978933637854076,0,0
82.52864835291152,98.97634405617146,36.5455524745536,0.1536278410390989,0,0
119.2781551025977,92.24501257665396,37.79314605849733,1.4419401488469787,0,1
52.179568973037625,94.0757096662889,37.68834839667758,1.2214596472427366,0,1
58.77735019639501,94.0747972149485,36.442486177762866,0.0,1,1
61.33222574717412,96.34139567459498,36.65146474611646,0.0,1,0
77.50059834552779,98.07331124958516,36.5591340345642,1.2119893637110553,0,0
81.24892961488217,98.56921527722905,36.772080974576845,0.5953281813956338,0,0
80.85436020047707,97.4677272987499,36.677489819529185,0.5989313326315467,0,0
85.01146973396824,99.40199265461341,36.995600595199676,0.37430723474172045,0,0
86.16423379317715,97.02141295318829,36.92881298459144,0.9191421771757442,0,0
34.64536944991766,80.95727351259292,35.83904865575775,1.1500057054754684,0,2
85.28581827453995,96.89738677747577,36.98499650417316,0.9466443180566938,0,0
125.95988247587162,93.50093644129296,36.418922866421404,2.7749886244709026,0,2
46.85607417859795,90.62448686897696,36.717312239524695,2.8658028914554308,0,2
107.8209097110944,90.08385314912718,36.62340432521871,0.5703562921611011,0,1
65.16683518316762,96.19623206064763,36.804667011552155,0.0,1,0
53.172264109871584,97.18660775724496,36.52230850338751,0.0,1,1
79.77495958301341,98.55653190098671,36.65489176820499,0.6760922050339594,0,0
51.32935807620688,94.76057177515345,36.03017306345415,0.0,1,1
68.64458111362772,95.43097568841874,36.760528968933066,1.7677290059374722,0,0
93.37005041709502,90.63608417583097,36.644102575966066,0.0,1,1
51.629592015636135,97.1249531668313,36.27677877190407,0.0,1,1
152.96262799526914,83.49894952812537,39.1961684856191,1.8670509919875085,0,2
81.35907592172593,98.09483068920969,36.76085500418322,0.5253668746536483,0,0
69.242581893654,97.86173467646029,36.83463952854175,2.145640280041202,0,0
104.04630892861212,90.7115713367162,37.88684714299288,1.604505293328458,0,1
73.37020149626967,96.39318945539513,36.6906903407527,1.513744368460699,0,0
75.2190344338074,99.13547389785066,36.644924194065474,1.0641884930199483,0,0
90.2764711108287,97.6345759478181,36.534498501892514,1.9218183073504649,0,0
90.99529145218786,91.11907656822461,35.892396357395896,0.0,1,2
60.16411252821178,95.50056406981456,36.190915365875924,0.0,1,0
61.0684147778922,98.25239448329037,36.84605446265101,1.7002145471377055,0,0
80.93925673494397,99.0228247056561,36.789839976313374,2.0820482424135154,0,0
71.65134285162551,98.57274833770471,36.75627837350317,2.1085682687599716,0,0
71.48856416174169,97.45660452527571,36.88932810033108,0.2536001986057285,0,0
44.26803845420395,97.05871061047424,36.11873773511317,0.0,1,2
63.11982661672803,98.12759273114295,36.64462758027572,0.6435054490193317,0,0
51.255246658416716,93.79286858935079,36.84681226217886,0.5896305124847687,0,1
80.77847584891475,97.2438225650824,37.28538834288646,3.140720858666188,0,2
69.66397140723805,96.60662118755617,36.863985572368954,2.0166712382162824,0,0
75.11708192566512,98.34912667555837,36.6940014136593,0.47723793186009644,0,0
60.248437729481545,96.13022284465623,35.95171162438646,0.0,1,2
75.61344257012524,95.63511419108794,36.47804545993292,0.3687351291687839,0,0
72.65344464046832,97.51287014377013,36.82738835669362,1.8168477100004934,0,0
71.48238116801645,98.96888541856706,36.9972404861723,2.344821475352573,0,0
56.85337775961578,96.96620758863132,36.19870052856947,0.0,1,1
55.8661497293526,97.1407769569024,35.955449318108535,0.0,1,2
77.30937409783776,97.49711512211982,36.713238682582436,0.4063999239575329,0,0
104.01936106769446,92.98733227814297,36.98723071882564,2.9080441518295803,0,2
74.46088588529271,98.27185488820149,36.71129511703992,1.5140821762332475,0,0
51.6066792711265,92.77846680667554,37.494800476620554,2.287743841906472,0,1
53.86641056999083,96.84017417069181,36.59354487963581,0.0,1,1
72.3182859273836,97.79495912977647,36.71135626151446,0.3029040049122953,0,0
137.19595394071374,83.3525528574743,35.114463550430614,0.16666646131097002,0,2
66.6625259692187,95.53227543186495,37.189408961694404,2.2783142880032967,0,0
60.088247458033266,97.83042368004247,36.91267460835297,0.5906831829580721,0,0
70.24170420520622,97.97110140193267,36.3638906355017,2.3412808956431674,0,0
62.039374547760985,96.50105070348874,36.00132189886429,0.0,1,0
81.03003451622277,98.50321825485675,36.864873194848755,0.19855929699186783,0,0
67.03840958847056,97.06660862908588,36.62817914518997,0.5699801172523785,0,0
70.20374184772601,97.14920634493154,36.648367236100015,2.3392356955130094,0,0
47.39949816756407,92.28769156873132,36.90474555308277,2.9029932029690566,0,2
98.05543982585583,95.60750837093632,36.787685662808066,3.378830326740676,0,2
82.84588201580952,97.71244645354656,36.75338456158983,2.2320728387230337,0,0
52.49640780806564,96.39990711830413,36.12430590654492,0.0,1,1
72.52143509707109,97.6275492379717,37.003647642219725,0.7571151793645892,0,0
72.56680405066717,97.1616614311401,36.48753536767999,1.729906569762096,0,0
78.20222823280653,97.46597966576239,36.64476488702042,0.8669177509081757,0,0
80.72261299553342,98.50486808179707,37.385231467703655,0.242905931205991,0,0
47.760510827755134,96.92059972614967,36.74578929228336,0.0,1,2
48.021982853299335,98.18816903447956,36.1942830987505,0.0,1,2
99.75607606196532,98.41068022421246,36.86963937060359,0.11251004434461986,0,0
37.57256519684357,86.46557852084376,35.38998469942719,1.3491956008266917,0,2
50.959408036226165,93.4649601513161,38.66475942502555,3.1460011221181947,0,2
77.74855111098972,99.46880808130071,36.49428240354727,2.415575501133395,0,0
88.45749305901407,99.47591878760937,36.912152253601114,1.8881924107893233,0,0
90.50605786397576,93.72152312466687,36.810819818114695,3.2846370921262613,0,2
75.026101969731,97.46379626333324,36.843951616788026,2.4695573180767085,0,0
47.69930823110368,92.9863091053738,36.90215331771878,0.798196442741108,0,2
55.14367829469557,98.16435186832794,36.658979052358006,0.0,1,1
82.83550200912445,97.68743947085382,37.01051009891967,0.604444248691705,0,0
116.85634265475892,94.93477383348426,38.022476198160554,1.5545176765529858,0,1
62.70231512639931,96.06794987140105,36.63344051881248,0.0,1,0
88.07392015862001,98.18211717059252,36.83213709962513,1.5993747037754995,0,0
56.844349762741984,92.16395427924147,37.04988028596217,1.673157273042122,0,1
68.78146276324365,97.46696022426107,36.72667322426621,0.228101186025426,0,0
70.91755704302668,98.30223472035198,36.475535877341244,2.41524533547242,0,0
90.78345621515871,90.23645941292413,36.629520500044464,0.0,1,1
50.520208965778465,97.27712717908048,36.52338432355094,0.0,1,1
78.78208518581513,98.68682171242737,36.78605961617643,1.528766909878948,0,0
77.13780160557107,98.73702673140885,36.74715907393336,2.4515275914499703,0,0
71.1487859020245,95.43682093895876,36.879293394325764,0.20745369404342817,0,0
83.69093190439942,97.46930385455723,36.39434539188424,2.016827454178317,0,0
73.33419210110078,96.68491519292469,36.6600716755865,2.495619370941916,0,0
88.33726690539828,90.81601133989703,36.75166166307096,0.0,1,1
81.0625490888728,97.29021027104027,36.57841495476102,1.0047851901050917,0,0
59.52408442836693,97.69474921070693,36.41801834803411,0.0,1,1
75.00434696228463,98.66715688910018,36.83187863955524,2.278181689511839,0,0
76.73017518534058,97.6864181317692,36.51052373330738,1.1357302958874576,0,0
65.11981138951525,97.58714011724364,36.6077056372979,1.9847072001344157,0,0
54.68972325663837,97.47767686594602,36.323591986303576,0.0,1,1
109.21106288028963,85.14116940023972,35.61708028496647,0.0,1,2
67.24207959343893,96.43429813294307,36.37604322981042,0.0,1,0
94.19274855314592,98.74036968862329,36.49015951097043,1.1109513608451904,0,0
124.02527740411138,92.96138332184518,36.851991061308844,0.6359800972821686,0,2
46.40175757229287,99.12996590606599,36.10460835522439,0.0,1,2
52.66038756246333,90.9111592723436,37.760325311264914,2.346165026900072,0,1
78.12868336853633,98.43721809135532,36.9623967705268,0.20986321462894147,0,0
45.965651042455384,88.4508374756176,39.02921664951495,1.3002987359644806,0,2
90.0824346625193,91.7197829516673,36.902506348108204,0.0,1,1
48.27012026230244,93.16044748118813,36.37821290191614,0.0,1,2
68.83633349024478,98.15322306754685,36.873902623263284,0.963128183629606,0,0
56.87555338092119,95.75999277790612,36.40578575314149,0.0,1,1
30.994677364015917,84.62127819912958,36.590188126695004,0.0,1,2
68.00564953898935,99.4826475940133,36.73155097397064,1.3024493728375004,0,0
68.29865172472779,97.16636013408942,36.348654978942115,1.0362717122414395,0,0
64.64211404949569,96.22653885394172,36.42390188602814,0.0,1,0
69.1512240270304,97.61261068064348,36.70516766290033,1.9883121017549823,0,0
162.099420509996,88.2712140245935,39.20983312632898,0.8249026198545912,0,2
55.69722729174004,93.6581374184213,37.957139469202254,0.9766963190556694,0,1
46.192490934167196,97.62704342199446,36.232197231216524,0.0,1,2
41.48914493958654,89.92052608042546,36.295525028760274,0.0,1,2
90.6027888455051,90.15689769533714,36.24983715431569,0.0,1,1
76.04669465627232,98.69972037302954,36.606245052318194,1.6144340644108748,0,0
65.7381939375783,97.93950817879208,36.04247460193756,0.0,1,0
50.306923276284195,95.94732076428853,36.107754772446874,0.0,1,1
61.5068812230529,97.07306140242797,36.678320337380434,1.3055065808650808,0,0
49.530648667964925,97.47264333779569,36.635315680739936,0.0,1,2
38.92688400085677,82.42842443113989,39.01654978249543,0.11232735918300027,0,2
53.48356747614632,91.64337545276045,36.841217396900994,3.1197930784216314,0,2
80.80052261081889,98.3945169111701,36.38514383593408,1.020404514678177,0,0
83.24911134473102,98.6343402211571,36.64386234457851,1.3534947359468126,0,0
85.95282012925378,97.83993304655625,36.73810578506011,0.39702559860162645,0,0
76.1549386198985,98.38273055832757,36.43888634920296,2.124357982754286,0,0
84.00771672231186,98.44351767764994,36.71378597181153,0.9991674199678263,0,0
64.63756228436004,95.13146505587594,36.29048178580467,0.0,1,0
63.342495592998866,99.28018307688185,36.90175266620986,1.0919501473626647,0,0
75.48551639904603,96.5872593851252,36.9297093495266,0.2757556102653614,0,0
76.33810451971983,99.54138365528671,37.36851874560209,2.1955822897187836,0,0
55.584504058385875,96.18837576387072,36.1919823830668,0.0,1,1
67.32025610015619,97.47971877003897,36.55878121074437,1.2579410666027981,0,0
76.84351380945097,98.38031917725955,36.73531260937145,1.1892109150167531,0,0
98.49650157000865,90.28052761566207,36.4124677737919,0.0,1,1
73.63694412248638,98.4655671978753,37.06294805296426,1.968819195745974,0,0
83.68131117444486,98.22395166806321,36.78228998969139,1.5671938079268466,0,0
107.88488602456678,93.99851042204874,37.96362181867816,2.3448468481404525,0,1
65.94609719897377,95.0569177469022,36.92937985043276,0.0,1,0
84.19909146212744,96.8052282820683,36.67620223943046,0.8214893436535409,0,0
59.73252426331268,97.8085666028684,36.661245123783296,0.0,1,1
63.71134659547275,96.23402895139267,36.6657352384686,1.7621857105525736,0,0
52.12215156763823,97.83830059193814,36.326501197849105,0.0,1,1
61.87883126492741,97.44882345203101,36.59650432270355,0.0,1,0
48.10492238669932,96.10103209698609,36.48499258989231,0.0,1,2
65.7486801617758,97.72829365371503,36.61914096266968,0.9219341349659892,0,0
59.743706313039866,95.50603695250773,36.035053332020496,0.0,1,1
113.54627141092968,92.29228891119944,37.139327122036505,2.6327615906015738,0,2
81.81384436572279,95.82599219773435,36.57121328588049,1.6541883779364617,0,0
36.572292584820595,79.58640297603864,38.840728586600704,0.7424199661531692,0,2
49.68000979189375,97.2794975979754,36.31432055578046,0.0,1,2
59.74891556371137,98.31362377757304,36.023024409159746,0.0,1,1
52.475529106611596,94.4095352698738,36.66877586345223,0.0,1,1
92.35459041899838,96.82546729590527,37.01676412836625,1.4126436458757061,0,0
75.77682485063993,97.99464800390581,36.87524046357202,0.36771977763245756,0,0
58.20704528924027,97.04834741860654,36.93801833896551,0.0,1,1
90.28755078615673,99.66275968638028,36.67412515775871,0.36035501815939763,0,0
34.41466666811202,81.54322966386498,39.37540040561388,0.8270181946245858,0,2
87.48961115924176,99.37354292004972,36.73989686390057,1.4107467291121054,0,0
78.01065008366794,97.80852107273839,36.797267415332016,0.31939971787484245,0,0
70.56388547539515,96.73193615243716,36.72746760572878,2.4128491982959623,0,0
97.2423017995203,99.25567826841683,36.93934024091706,3.845041041103885,0,2
82.25179695089005,98.6331604940258,36.98566899491163,2.280270893656964,0,0
76.1792127043177,96.7587052385689,36.561108288684956,0.5386573663923913,0,0
95.79370053753749,91.46019768123004,36.60209547487678,0.0,1,1
70.91041247038297,99.8001525124929,36.90309153958496,2.062897752617134,0,0
74.05709740342358,98.0512094484419,36.53272573934462,2.032649433297402,0,0
63.93068984142208,99.74566750255327,36.63812551173123,0.22668004123765878,0,0
87.70995299992676,99.114446899977,36.701767428192646,1.8341298318787749,0,0
63.32852133673827,99.10083245449184,36.675165461887495,0.0,1,0
25.589305611913574,84.6451209919951,35.57327939957221,0.0,1,2
77.21160056221717,95.94841316570941,36.963709743288,0.5366593641962407,0,0
86.16676496860438,98.12762621732841,36.97441803910675,1.259963731725408,0,0
54.002547566075016,98.59339465923186,36.38465848997502,0.0,1,1
50.83634806712326,95.96341966603264,36.33696558683764,0.0,1,1
95.78399941414469,98.14974781524798,36.30586734342412,2.0845437611814157,0,0
84.42497162019042,97.30550202618502,36.53365050312036,2.128804292854342,0,0
83.52853241161544,98.23795226297975,36.79969709941039,2.373079607767308,0,0
52.51881244714402,95.4769128935042,36.55247728066366,0.0,1,1
114.13307295133342,92.86334807071711,37.90526187393962,0.5668901427228361,0,1
41.049483738040266,91.90077513179055,36.42626134889794,0.0,1,2
72.33746424327852,98.08880555333235,36.90603025263672,0.9365119638481062,0,0
81.18462408970805,99.20990465526891,37.17753731580161,0.9198785499216035,0,0
66.19145978842852,98.47551873658229,36.76707418049436,1.603122627457278,0,0
73.29998347074029,98.36218953068524,36.63808652263082,1.4852853667022978,0,0
67.82152275161653,99.62227122672324,36.78561488141029,0.8596905552039016,0,0
118.9261341435773,94.35474808221954,37.21519082221949,0.715452025710535,0,1
113.624169474805,93.29433231866113,36.575606376010114,0.7058792237348843,0,1
91.27151582748232,93.44092396545653,36.34841289792014,0.0,1,1
85.43539574512343,97.65295193530196,36.85287238559163,0.6579256965202321,0,0
61.19009139078617,97.21534940469678,37.08423581935942,1.9300616250255422,0,0
46.10888618134589,99.44343394537088,36.65958879622564,0.0,1,2
59.48235296694474,94.91454892177265,37.174147224035636,0.0,1,1
93.11426305111034,91.91495533301023,36.61142340581894,0.0,1,1
93.52051775239217,89.49585146905203,36.43306026664501,0.0,1,1
118.10326129695376,92.85539873013201,36.522542697313824,2.2114028323855646,0,1
76.36448558175881,98.74455828249319,36.654206835602245,2.313088935514329,0,0
55.05862340411945,98.18066526380096,36.43269311723605,0.0,1,1
63.1615655128155,97.96940307491207,36.87606733006317,2.1543420649483442,0,0
124.21073043887591,93.45032333885196,38.5014586954493,2.2499183921562533,0,2
37.172191113959485,89.43193924054775,36.371938626373385,0.0,1,2
75.07867675050694,100.0,36.766245612112414,0.9707680731311955,0,0
71.75928331196104,97.89689787603432,36.618369210278466,0.4442046693670598,0,0
72.62239452156204,99.65511857303534,36.8756452570863,2.0874604222439377,0,0
51.81106924055652,93.57954808054089,36.735850725704225,2.3408144272733327,0,1
77.33452847614622,97.55960152431159,36.95356873893362,1.5037876006523627,0,0
72.21181294756641,97.61835486109376,37.068266013909934,0.5954624611097655,0,0
55.55452688403542,96.12890731084073,36.33967127406382,0.0,1,1
77.26458317672994,97.03844682457378,37.23949674421091,0.1695686322250194,0,0
85.61573307614634,98.30405033773526,36.953495183562836,0.4148442494099167,0,0
53.7424734027825,96.5936156893467,36.4725687543648,0.0,1,1
56.88017890685062,98.22794484971436,36.668906698504415,0.0,1,1
88.67339561494376,89.49773474765972,36.64712959519315,0.0,1,1
55.41208425790323,95.97461321068361,35.962991365716,0.0,1,2
72.12035564097908,96.16369821490053,37.098946201453856,2.051562882370025,0,0
65.12638985069341,98.44604534342872,36.57836506070305,1.708768157993876,0,0
92.69887995869408,97.76219654007245,36.57022879671618,3.5682079760362484,0,2
70.04605306435543,96.97423090453184,37.074219762782384,1.8850742323476548,0,0
76.14375932013176,95.44153585779253,37.055774752940074,2.434503936547327,0,0
69.37277422601399,97.04487560155148,36.897769177962594,0.11847472709131068,0,0
102.53839120132588,90.46344271618881,36.66040824860535,0.0,1,1
69.75356038736805,97.31172627530331,36.38944351336589,1.7373433040943786,0,0
84.75080657108398,96.68281237215247,36.85088504201529,2.617362256795815,0,2
70.3798904814133,96.827549362313,36.89321334965572,1.8623761797244593,0,0
113.92534509487717,92.88551018188002,36.498500216679645,0.9422968917046515,0,1
83.93482960406286,97.62528896207002,36.55073194127582,0.6932247256254547,0,0
55.25814691009076,97.78096142128483,36.3130026126011,0.0,1,1
57.97973188173081,98.15838661312817,36.77638604881557,0.29958815951791573,0,1
66.04221762464987,97.69379130828099,36.84412138459177,2.288039210391366,0,0
74.65047172014299,98.5728340492664,36.97147427303513,1.6883718351738568,0,0
86.68261935171896,91.20415387199603,36.545184461455705,0.0,1,1
89.42147272719848,98.4247420264815,36.99179002149005,2.34961495149928,0,0
65.9962068511721,98.52942193835034,37.02693720398551,0.9518028168752972,0,0
151.08736896091872,84.75004084922456,35.40185888600852,0.23383597334349468,0,2
68.91977094189761,97.90507597120829,36.49898682861926,1.3865352503850097,0,0
48.95222659051817,95.6041239772761,36.50455376956655,0.0,1,2
92.49137588217307,91.97649770277289,35.98846604253535,0.0,1,2
33.77476747809699,84.40161107848328,39.407780289369434,0.6538132779002871,0,2
32.8213757758586,82.92689249172595,35.835632774581185,0.0,1,2
60.96130616387594,96.00659192533602,36.39331342470677,0.0,1,0
41.042169525125665,91.40608510987443,36.22003835131651,0.0,1,2
62.00374430430268,94.14359585136671,36.23189795355143,0.0,1,1
116.74800185991279,96.14072800676635,36.94022624014258,0.7289076840703368,0,1
68.69756410719044,98.62211084728281,36.82809339514697,1.362838744251665,0,0
69.20466024226955,97.95121622133755,36.62818453672695,1.2265465084751896,0,0
118.13743816680406,85.40850619004183,36.32394397774708,0.0,1,2
78.08524923764162,99.11754081901739,36.91473139265534,1.8943470702322553,0,0
40.173262440001686,93.11460017790834,36.8988367980757,0.0,1,2
45.968324943031355,96.98184636286305,36.31198758599193,0.0,1,2
49.01143226321201,95.53241118251566,37.681316078412436,2.9420521480912876,0,2
58.953094846763456,97.25275041575011,36.450196292597916,0.0,1,1
75.24044029134153,96.20949319152975,36.81659125559156,3.7299634255313494,0,2
140.77071654997272,82.32818172706018,35.475975100525275,1.7142612543710518,0,2
51.25054022546152,96.23867897054724,36.607387305056285,0.0,1,1
41.70683389203886,85.1535386869888,39.440397562291004,1.8140228864203278,0,2
50.42917450758922,96.2769191657892,36.494245925231645,0.0,1,1
44.17355366501754,96.67866392474453,36.021221265937626,0.0,1,2
75.40733870347049,99.22370731002077,36.5758648864908,0.8789832055104817,0,0
77.87798702726546,98.38780385400946,36.934119787866955,0.6351459394904353,0,0
76.66869892307582,98.397360479733,36.990432044704825,1.8303962081077694,0,0
81.02635775270085,97.90486503307861,36.899706038431134,1.6271264123657336,0,0
89.45626029813955,91.77629359074731,36.29833320864488,0.0,1,1
73.06382065094698,97.88312581787925,36.798519520799864,1.566900766757302,0,0
117.34115566363242,94.34891507364195,36.88548764561668,2.2118998282167435,0,1
61.54752475012361,97.81128622316031,36.806349751524756,2.432593912301643,0,0
105.96350253758759,92.49869385009502,37.703267166448136,1.3439517631102174,0,1
99.63767799543284,91.05091369553547,36.65112029821861,0.0,1,1
67.8387582197849,97.08457447942325,36.71408367088166,2.4802872526910313,0,0
46.85193964575097,95.85498767498595,36.269422918131745,0.0,1,2
107.99902429047334,92.82968889167174,37.92772102504137,0.7644335865337111,0,1
89.19556781303014,90.41140501543772,37.085348017070395,0.0,1,1
76.44166407193866,96.87015205160735,36.20632631395283,1.8772440752378783,0,0
56.04863894150123,93.41450858284857,37.5472537078265,2.3754801760892867,0,1
45.57858007550893,97.978740595413,36.40972895700433,0.0,1,2
36.04213201863204,83.60819506471907,35.17629266221963,1.0985273891388607,0,2
65.90075941997424,98.11721370261515,36.62719086953109,0.0,1,0
119.77412212073432,92.4520454571337,36.528982786845,3.0742528551821957,0,2
60.57109015690592,98.16557155463813,36.80654952950588,1.5546144173356882,0,0
63.619075893123565,98.40537855581351,36.90605847181319,2.4172259789630393,0,0
46.203165200250154,98.76716866685439,36.58778029769512,0.0,1,2
103.65843881987698,93.98263687870212,38.17643912464619,2.5293754872809973,0,2
79.53841724908273,96.01095484575367,36.65039810267989,1.2818144545566272,0,0
104.29036880276738,91.43161744903689,37.650590321330874,1.892487481918799,0,1
111.63329171645853,91.44238981669001,38.34972087470628,1.3752168879978675,0,1
72.20893704171425,96.4819079642045,36.921962503974946,1.8248689291540934,0,0
63.057737989787356,96.2231468330182,36.518238391178315,0.0,1,0
53.100379342581554,97.64491719245117,36.46943141408362,0.0,1,1
91.3612284948266,92.55561496146272,36.387643125778524,0.0,1,1
55.459479587220805,97.05347391379856,36.27114128382965,0.0,1,1
81.03343886299643,96.17090671136934,37.07636960715861,1.3142230107812092,0,0
57.85540500714988,96.48691864279554,36.84639667561902,0.0,1,1
74.28383239731272,98.66587258858434,36.72924185377153,1.309956375347959,0,0
115.51203865476937,94.03794984700521,37.656299870980824,2.4791858085539267,0,1
83.26025840634158,98.89024428365806,36.66618064797245,1.166404400999128,0,0
82.43189196712402,99.59973829172709,36.69012998175973,1.6215361802570611,0,0
59.295462496772856,97.59410014876671,36.1595593948067,0.0,1,1
79.47632077803432,96.27874036032173,36.65231499881122,0.6467446976227155,0,0
106.1607602207484,93.42235328904967,36.90972230542423,3.1100162001042913,0,2
50.27679258818501,91.58796217707491,38.1201798931549,1.3763235674897862,0,1
48.12653478739147,97.57974422091561,36.27585501156502,0.0,1,2
84.89109540345007,98.74655136142347,36.964181704233816,0.6303955780567243,0,0
85.6749534266781,97.1337366136392,36.70932930997988,1.9704718361145237,0,0
94.49635245087624,98.36209226208261,36.878034438576016,2.208691832338174,0,0
39.88028706523284,91.15967776183082,36.290059127976434,0.0,1,2
39.69026865869696,85.0951973639882,39.34679177105605,1.030411080105675,0,2
63.0550466368517,97.62053164232402,36.59928270636771,0.6521304825925528,0,0
72.40914272260233,97.85991043968448,36.96544496137475,1.0521807310305753,0,0
81.42654618507329,98.0062764058449,36.68795946153195,2.4418944072258753,0,0
68.9567415793088,98.17788228228123,36.76054198217599,2.4901270618233178,0,0
55.80622655743103,97.30469675739658,36.56326153159277,2.3417844382515627,0,1
67.33132581109808,97.26215251250092,36.47758211899043,0.0,1,0
73.12075570253401,97.5522928015655,36.80798133890395,0.8708302215219136,0,0
66.85767444002879,96.87702310162591,36.818781296332084,0.8643911518333086,0,0
54.1767297817348,97.17609194098655,36.35927195165594,0.0,1,1
70.9296908337776,98.38268696168161,36.533541025295676,0.26181727888883605,0,0
65.34734670913866,99.66529359928897,37.05075480359962,0.8815515812498878,0,0
71.21549341080937,96.20751279435508,36.5743943185937,0.15244330529866898,0,0
78.6537755729863,98.47860765907019,36.855601856977295,2.2413540638772917,0,0
48.51155291223235,95.98727290188135,35.93839458523687,0.0,1,2
76.88853978556506,96.06426606305237,37.28835771706595,1.250670948968814,0,0
30.59562639861143,84.7547287322705,36.118928129971536,0.0,1,2
88.68543338480607,98.75593806017831,37.18871681747551,0.5146111504287207,0,0
115.33272001094619,92.13628938632773,36.766383803119034,2.308313680049226,0,1
37.849128200937635,85.27018100856029,35.02618842773874,1.6931171120750659,0,2
89.48810067088824,99.51635849879945,36.88471176740334,2.269542812503785,0,0
107.75335106545361,94.96183542139242,38.00519160694035,2.603557190695089,0,2
41.58144277896902,96.47952717543144,36.44752657321232,0.0,1,2
55.481495468230094,92.97698564979943,36.6177439886194,1.5622166561461452,0,1
53.76824487022891,96.31844115227635,36.46417130772287,0.0,1,1
79.74732286551023,96.95012832859346,36.82287669502718,1.5809836720149433,0,0
57.24067213266664,96.7846510415308,36.29365963243362,0.0,1,1
59.31094178390278,96.8490960819108,36.566635632995656,0.0,1,1
95.69507533734505,90.07228570771564,36.657839637751884,0.0,1,1
55.05324075311447,98.60872906048657,36.195989499752834,0.0,1,1
53.37237208325826,95.11443566133832,36.179848385054584,0.0,1,1
59.85230057222387,98.66570117883461,36.53214657560238,2.0075926278503844,0,1
82.626130854312,98.24411642616842,36.69270917699541,1.7989408736750396,0,0
70.45931424071601,98.90898023852709,36.63353001708238,1.3169143817144275,0,0
57.10210192483298,95.65936761126676,36.35534839114752,0.0,1,1
64.10168165434057,95.7055624732851,36.773763969147026,1.9155612378397997,0,0
52.41399336500236,95.46867417584562,36.754208520534696,0.0,1,1
80.85427717563469,97.88602242504089,36.909507243856396,2.475335518131316,0,0
77.05296551191147,99.95248613279732,36.705212360795365,1.4335234172919276,0,0
78.9215832672914,98.3545285700218,36.16087518230199,1.6350441964314786,0,0
73.90669132615379,97.45860134686639,36.79404000476103,0.5177539297775402,0,0
71.51822697788106,98.61689791130655,36.37363864314957,0.3515295748950137,0,0
148.1135238301405,80.2955606334247,35.88997569341854,0.6745571876750576,0,2
85.66658628757786,98.04478461960349,36.922431361391105,0.24737579953869204,0,0
83.01126189122671,95.97114485840392,37.06004632577499,3.6318697323997817,0,2
144.51791614357438,92.85717114104553,35.70854980528548,1.1820344931880185,0,2
84.1203755476678,98.80946967249213,36.83566199126314,1.464066837845859,0,0
49.14298588918877,96.76465868827427,36.21929309246536,0.0,1,2
88.42683759244716,97.83979945411602,36.66652318912797,1.5188434890785758,0,0
95.60130951277563,96.67784637917471,37.036207414008295,3.2770290899665717,0,2
83.4719377852303,97.54562558297343,36.94736742482103,0.25123693766274513,0,0
78.09214877380664,97.46918948047772,36.97609729204483,1.9836093994783246,0,0
78.66446748053637,99.1150480595242,36.68607398469072,1.1016195358391818,0,0
149.269836838621,81.0363051752128,34.95538876309098,0.7674995359810335,0,2
78.50250653394959,96.65364739115492,36.64543330799274,1.5612810271101594,0,0
96.16659060548594,95.42166153005627,36.85727711952653,3.5321435989212704,0,2
77.06906554550987,96.65250958492622,36.71749478549254,1.5375199271773012,0,0
69.28594893603605,99.04499959440085,36.331628941673756,0.0,1,0
51.86779426094946,98.80313756017335,36.08915943483002,0.0,1,1
67.57224772741378,97.38255103094468,36.99819923594499,0.21047952674012455,0,0
88.809370802153,94.6280193970114,36.53361111901951,3.808365167430023,0,2
68.27086376968131,97.58656893480176,37.04182396199012,1.5688093535954697,0,0
68.69967986063541,98.23288649464044,36.59288040504401,2.0521969943700853,0,0
47.91994547591588,96.90977208685649,36.2706166277717,0.0,1,2
56.207744251129206,92.35489913377445,38.18858030460651,3.1241453431595105,0,2
51.152172197526326,93.19512641406004,36.737209562616826,1.137134058222519,0,1
75.63070444824022,98.08627333677744,36.63105251824176,0.6817549030045336,0,0
54.53255172201209,97.63244196127981,36.77663215907806,0.0,1,1
84.74081914006221,99.22546618999682,36.49858854178796,3.825064556998361,0,2
137.78303545984556,78.67963661276177,35.438725206376205,0.6403986154172039,0,2
75.1091647809159,97.58984439580912,36.60996490758604,1.2318272134643051,0,0
78.15682955250595,97.36648817879646,36.91193231406487,2.0616311761186945,0,0
70.25165834576768,99.6321196075773,36.868954994518454,0.6226302845176427,0,0
71.03981640738631,99.17274966624888,36.54624979847974,0.6615915490975066,0,0
75.8744962659445,97.52889030735321,36.501754433721906,0.2287651936232578,0,0
72.80141853123627,98.48677548904766,36.983881685750724,2.1659077356644088,0,0
75.37290640216486,98.03054158685073,36.36778880053014,0.9538257159863263,0,0
50.73669168351451,91.94542250515426,36.784245634116616,1.9891327629171638,0,1
119.06724511825202,93.087700517749,37.62435699577995,2.638982940272892,0,2
72.2403370146148,97.56401990113305,36.702011195805206,1.3340516342104272,0,0
58.26192476968364,98.42227854990797,36.20292268380626,0.0,1,1
69.03869473776078,96.1278404863555,36.670624819585946,2.038027831132357,0,0
67.3508853386137,98.33877712691894,36.40782984043342,1.3633926649477077,0,0
53.082882663175155,94.63114970920381,36.59600625624646,2.1893071907972477,0,1
70.52227076521545,98.111442084629,36.80970782796452,1.024337767147791,0,0
61.50469927542944,97.45797588428137,36.340990607111614,0.0,1,0
82.11156290972373,97.75508046184557,36.53616098944644,1.4885441324778879,0,0
43.411286265422675,97.36733212871933,36.44715308549375,0.0,1,2
71.57377141705544,96.56764249567865,36.67784701857354,2.2169305702690445,0,0
82.53789295198311,97.89306677628156,36.93511237958098,1.6810664283704908,0,0
51.62869209242509,97.07024195353652,36.368729867007495,0.0,1,1
90.83994264571974,93.68801429049105,36.79178098424334,0.0,1,1
57.62803155111236,97.12400525696097,36.28730387672663,0.0,1,1
128.4313205040404,81.41013622931948,36.78355415545299,0.0,1,2
60.87807468690403,99.14837544833804,36.64050789543871,1.477387374480155,0,0
45.05240203767424,97.55313537743359,36.20122679634041,0.0,1,2
74.51787268055713,97.19176085193546,36.86227798753928,0.8757922814656169,0,0
33.4087894498832,83.94832371056773,36.123349633737035,0.0,1,2
87.3621686821397,97.9870689379766,36.735495576178586,1.1316297848952406,0,0
61.70901129024385,96.66531008620885,36.28965562417634,0.0,1,0
78.27896813928675,99.50404647982191,36.836683891804235,0.5391945198450372,0,0
64.80938671870749,97.62089644636734,37.08178215149658,0.45687836391411574,0,0
114.11206751486287,95.05171590199748,38.06045414064865,0.588859151778336,0,1
59.634016241765856,98.56117722401697,36.48529490725084,0.0,1,1
82.38918565752914,98.72193660128535,36.98460668744714,1.6496576042788922,0,0
80.41004737867767,99.60441082669843,36.75322407933732,2.2031344712003054,0,0
80.40650268146804,97.59805393124698,36.54999486888248,1.6928683333897185,0,0
39.22280476299911,84.04787831706263,35.41866545549143,1.7896510419367158,0,2
54.76210104382289,95.63263851548243,36.63204070837753,0.0,1,1
34.02975633842863,87.56199251894355,35.421107525795286,1.4506636924087306,0,2
63.78800355329081,97.60331493900614,36.58877568269835,0.0,1,0
35.590967290871816,85.52324461581925,35.86861841656867,1.7751311136921402,0,2
83.13152037387331,98.24406597792336,36.896100046627126,1.8008924813176073,0,0
57.762068828953865,97.39793677657832,36.48048411104741,0.0,1,1
64.93585753004422,95.70682197760884,37.1016165700288,0.5864125751375312,0,0
80.09132204017504,98.53752806346654,36.85504973751367,2.0939025348137776,0,0
31.662689688606413,87.27285024282158,38.43320472714373,0.988774903473466,0,2
62.24139609383039,93.89580687372782,36.16114953372336,0.0,1,1
69.19993396191691,97.52120502022845,36.81349400505144,0.406734022708511,0,0
57.58008114286813,98.52320833972453,37.00291004794714,0.0,1,1
48.599394671892036,96.78342098635747,36.370542570601685,0.0,1,2
72.4112750283995,97.46522667529517,36.66077658973074,1.1026256118989013,0,0
69.08662336660828,97.81265446414865,36.80543543353449,0.6949527346021015,0,0
71.02934621182416,98.60984606111943,36.77031411978716,1.838061871969972,0,0
47.18385091882058,94.55188446281953,38.51715458010485,1.8367496149815217,0,2
73.94146799528586,97.93493953016325,36.27657737651376,0.9805495884769,0,0
51.1326271096465,93.48784835250238,36.54232971615919,2.4622413549752373,0,1
67.43593492291664,97.65246181189984,36.695626896689646,1.8315174408600374,0,0
63.785207635141525,97.92169267844801,36.52310933478854,0.0,1,0
56.73898025122427,95.89887135536411,36.16929676250439,0.0,1,1
61.34226051499219,95.66500406432927,36.69898547685882,0.0,1,0
54.64523920228004,92.26162334151155,37.17157003025813,2.0364976280931995,0,1
84.22670701566305,96.6992778003365,36.75418865557166,1.0054857384909757,0,0
79.4029848543919,98.59345248883443,36.72844261830384,0.3581888865132705,0,0
50.958204541416904,95.39839008186236,36.23611436604726,0.0,1,1
96.99106441979923,94.3172267334778,37.00909913087694,3.6301380215057026,0,2
45.95322133246486,97.4018758704826,36.59584618103856,0.0,1,2
83.74700133082783,97.67389758344184,36.94503202668068,1.8315268908915692,0,0
61.519655019775854,97.10462253451624,36.98309070421547,0.5413889229587802,0,0
65.63790311258214,97.32704824357889,36.65635168128549,0.0,1,0
63.44422037558546,98.0961335898856,36.68236937493588,0.983367292521517,0,0
56.569751581484624,96.7953412476519,36.38643634928396,0.0,1,1
47.218524320368104,97.33910130659451,36.56824499011742,0.0,1,2
78.99926149040621,96.5193878546389,36.629214217085725,0.3512923764698117,0,0
121.82968866933747,92.69787980751556,37.81654401649765,2.1002307779671128,0,2
83.76506938089155,96.52674454819314,36.82726225911273,0.38772608997761027,0,0
49.5865707837114,95.98659894113855,36.90073677101907,0.0,1,2
112.35804589194285,92.03008340991968,36.643179725299674,1.3143296290023443,0,1
62.695555880955844,97.87702802084587,36.93947014892761,1.9907996516451922,0,0
68.90158906371042,97.83082420442756,36.59996648971025,1.094519606455064,0,0
57.485406515809174,97.32505725754547,36.66216017728016,0.0,1,1
72.68631375257974,96.85524714799111,36.789657377738386,2.1560757355061653,0,0
49.76343357526877,96.298232424741,36.437498772476935,0.0,1,2
37.99665281713513,88.8035537383569,36.74126065781262,0.0,1,2
83.90267537046395,98.53661993290056,37.06574828601985,0.550067315071746,0,0
74.21462207221704,98.82916082746962,36.81140833693579,1.8456484409823029,0,0
67.99527844834715,95.42836339770977,36.052538233485684,0.0,1,0
112.13812366406357,92.26015568744609,36.65883918897687,1.1938159055280313,0,1
59.53985479064163,95.0855706418445,36.48800965323953,0.0,1,1
84.63618812840136,98.49182879131173,36.343817578358426,1.1369025124635435,0,0
76.12454619850082,97.29702898909336,36.54644228714766,1.4056294992714635,0,0
63.20463425897836,96.33165618998218,36.407616851701,0.0,1,0
56.74218112719555,91.90658449782768,36.61683763916489,2.5850112081413346,0,2
82.02908875734654,96.53768544934178,36.43349911932703,3.504149059917109,0,2
69.67500806981639,97.51768795807507,36.61125891371398,2.3600675956039825,0,0
71.95986183403859,98.74925730185291,36.707243125724375,1.6546138270864101,0,0
125.48908274841556,94.14951223840349,36.808265366375394,1.5215547288071625,0,2
118.32980298999168,92.10796888604926,36.90310312680302,1.1045519551610088,0,1
56.4771036657758,95.39802063520592,36.02751594883994,0.0,1,1
107.4167706355977,93.39165720941467,37.072207472186555,2.0914966956314727,0,1
72.45782754651043,98.78033867021776,36.757838335098754,2.4211937323265253,0,0
47.562141908583435,82.76645665536702,35.53383122352552,1.446828515088122,0,2
118.91401982085064,82.44283470850769,35.78073988008795,0.0,1,2
81.59398097721649,96.1179327163022,37.06321989037009,0.9998745213727934,0,0
62.92726675646546,94.56331825342521,36.773066127368764,0.0,1,0
73.97087636885999,98.60854075832219,36.608379837267556,0.4435751479937726,0,0
65.24544561914729,97.5467787233834,36.56027996960741,1.4416156935661364,0,0
74.60042111203288,97.24287011140159,36.67225533589471,1.6872396161993513,0,0
67.29316439141596,97.79823097714076,36.89307258474636,0.42491690394269443,0,0
85.72390977299827,98.08950072246712,37.062932746195074,0.3607570699190331,0,0
76.88165503387299,96.17641291436516,36.756268228549644,1.1400208728839754,0,0
97.71210273276915,89.38237854137385,36.73491378224895,0.0,1,1
60.960706357023994,99.18349016443752,36.848945583632,1.2089435245471127,0,0
89.08443342679118,98.82919059020358,36.65404250250229,1.1889974894501234,0,0
128.24827628526128,93.15049041537101,36.877604361059724,1.5062254578387624,0,2
50.24965435666543,98.56532388696644,36.081260217904465,0.0,1,1
109.79908522843513,93.09979210007916,37.247505556960235,2.9321114005087487,0,2
167.44682255430257,80.77623389747156,39.51530625636481,0.751515022746675,0,2
72.25136232359746,95.79210142623593,36.78100872609937,2.2658884940932493,0,0
56.390780257147775,96.60193769403996,36.05450161220631,0.0,1,1
60.12990232437564,97.27979098654592,36.81937320649517,0.4848618534493605,0,0
126.07239808750228,94.04718472275546,36.94411297035761,1.8459701596150737,0,2
62.47797886644967,95.11398980312012,35.80045922618727,0.0,1,2
35.77470552889492,87.7496665238043,37.23362679817588,0.0,1,2
89.61138992352296,98.64485359002504,36.63245722502558,0.9969604403955217,0,0
56.886847666724485,96.90060514289284,36.52745629540183,0.0,1,1
107.83764253434545,93.02882523329981,38.046331999627306,0.9326176952594136,0,1
110.95037285851902,91.67379230277713,37.85684568375335,1.364251394503989,0,1
118.11349025707388,93.78507540779609,38.22844399835565,2.519926160299501,0,2
85.7638111286486,97.33389180045582,36.67886887329787,0.9780920875575415,0,0
49.2218426143622,91.52176954671363,36.85548422224747,1.3778981048241057,0,2
50.362159395000276,96.07222763764454,36.49050613774712,0.0,1,1
39.860615979307674,79.09945327007088,39.11005786351531,1.039579368220805,0,2
105.59718213000896,96.77179869951271,36.40015441089818,3.2000770845064377,0,2
92.28710914800604,97.58731026569488,36.742459422374175,2.4413839226453415,0,0
53.5013643277577,97.13424704219769,36.61905314483042,0.0,1,1
83.9223963767962,99.9126873871439,36.96851848853776,1.254716345985916,0,0
53.07845781932157,93.49845554700718,38.29054654622782,1.8235439381019205,0,1
72.80612624562319,96.64534781509641,36.804735011266054,1.7599107774371172,0,0
81.4753817603498,98.46013157945083,37.01443716748605,1.921989954792115,0,0
57.346643465445396,96.33858184661206,36.55127883363473,0.0,1,1
55.666530107829,95.2460899584533,36.690725643136034,0.0,1,1
74.82275755826511,98.33030993624796,36.80132760207622,2.372875352616226,0,0
51.836541833586324,97.08232440121785,36.59503942931416,0.0,1,1
87.71892885203854,97.10550158975195,36.88697859253546,1.2225574506747292,0,0
65.78052079255895,97.02738299359491,36.441698416132745,0.0,1,0
91.88181228537086,98.82728616973968,36.74198964334315,0.8940443316943479,0,0
69.93185762893762,99.11605596020962,36.7101919614535,1.7846675789790116,0,0
83.24258476860228,96.22860440551702,36.57058597086175,2.060028974262216,0,0
39.202637795543865,88.41907147811767,38.99983699042975,1.8595166082948307,0,2
51.55848505645469,92.84684858561941,36.763150804229184,2.788336409347448,0,2
115.00068786262216,93.94510616803335,36.45232048429564,2.974314878871155,0,2
73.1324304855466,95.7297264554866,36.808235903389786,1.6908102406977517,0,0
28.792647017903537,83.12396287641383,35.482819769086326,0.0,1,2
79.74093023955396,97.08930800753299,36.936723662387266,0.6368205089318533,0,0
90.14342933471627,98.76074001182403,36.42769732786816,2.2220095804261266,0,0
89.94092684058987,92.2664270376269,36.29336961181076,0.0,1,1
119.17885878500789,93.95439632614627,37.02024391614554,1.0583501891655374,0,1
49.475477623265405,92.867221021883,38.36063197608496,0.7692537201783856,0,2
49.19676744688516,93.47530920583172,36.793881387153846,2.1060282810391824,0,2
93.89839790683304,92.7255194045645,36.81772202258109,0.0,1,1
52.03203658970504,93.50713388797695,36.4367466999732,1.1840405840767194,0,1
46.89963739351521,93.53538688555471,37.03418615571908,1.181045891507771,0,2
49.80766296972864,96.48106677332039,36.2538766418014,0.0,1,2
52.76646087924577,95.9783083241692,35.97101523186194,0.0,1,2
123.9903697445131,94.03248114810667,36.865366441896704,2.903019641673956,0,2
82.92286967240057,98.41410580528968,36.72803190784392,1.399534785791409,0,0
97.67478634137277,95.80519103532392,37.38744566807381,3.7545369369410193,0,2
93.24472882857698,91.01650445531112,35.94893429990937,0.0,1,2
109.5094974963348,91.01797981381081,36.69576652659837,0.6582974911409767,0,1
69.99792953846611,98.38823679451505,36.94438425048167,0.32392282805740863,0,0
51.089775110690596,95.84192385462659,36.466553815038225,0.0,1,1
50.49505996361063,92.70694195178919,38.512794375077505,1.3968839747389459,0,2
48.298546594677916,94.54851038954024,36.63495742489086,0.7513591960661461,0,2
74.58523308566654,94.57310037521941,36.42926175364606,1.7014231503576378,0,0
79.13854575203626,96.84300151465973,36.838564310072385,1.244722938630267,0,0
82.58953791074214,97.7825026543449,36.73365044158001,1.1532081714019142,0,0
51.960133156382064,91.00811332499379,37.931088036797576,2.0219959924291175,0,1
30.0,82.6094444345535,35.56184061388678,0.9685290911092838,0,2
75.98310656012141,97.52003386719346,36.822549787615344,0.7012038325232879,0,0
54.75231535964578,98.55814186181453,36.4205507315657,0.0,1,1
73.34724976854764,97.79914440042995,36.9649214583844,1.8015403502544136,0,0
59.779565816337644,97.62904308592796,36.87624996010256,0.0,1,1
71.53410453132679,98.42893910969647,36.77456744074117,1.146242778138708,0,0
33.83070801801399,87.28150451654551,36.39607885673852,0.0,1,2
55.00337113281526,96.8739611585689,36.56132423960776,0.0,1,1
74.74802887542647,98.68904177173437,36.71504567317663,2.1422339858397783,0,0
62.20424650710212,96.96297524385037,36.168665907140365,0.0,1,0
47.8350480634521,96.11719036343257,36.04206757586881,0.0,1,2
98.59333607522183,98.60993301511677,36.57926614580656,1.79023188836883,0,0
78.55826832447738,98.64633521799588,36.59893301882805,0.1014679243734089,0,0
54.88568769607072,92.63529282286156,36.618069594833386,2.2606993144905663,0,1
37.347672576910234,90.84621483485381,36.55697303506232,0.0,1,2
92.86937638503876,90.25278269151326,36.3460959025462,0.0,1,1
52.22172243984969,97.98348214871184,36.42785808318108,0.0,1,1
74.55847048268879,98.72482621237674,37.02950412332645,0.4248699082246187,0,0
59.919841854080715,97.63549240593838,36.22797946835492,0.0,1,1
74.41118275717213,97.3670140911868,36.509625276625364,0.3913978367486901,0,0
77.54295741198506,98.69459148256922,36.76187829284815,1.7251478495899917,0,0
80.29701766989842,96.84478452950373,36.86103463662579,0.10499353402308582,0,0
33.05820867150859,79.42376520627255,39.12281184899512,1.8581743234883241,0,2
89.95208187260586,96.8039550598301,37.04443883602136,0.5325607643643069,0,0
66.94795758918269,97.81578477336065,36.71910754241517,1.0811473897415569,0,0
65.49669618593408,97.99380900833111,36.79871984947937,1.7167703938773837,0,0
84.3202137589015,98.19412651043415,36.77573826572208,0.2164622837840633,0,0
83.4245760532855,96.8401496977837,36.75501609208893,0.5001597947328238,0,0
72.64100670172513,95.72504031910469,37.18243560953259,2.349254917302051,0,0
68.5006896925095,99.38611413142131,36.807616901143895,0.6170125686574753,0,0
49.578659975313776,93.33294390918711,36.93291048287883,0.599166110045972,0,2
119.64864034044615,93.47700713410917,37.39927162019757,2.2856401570421836,0,1
78.44138107664406,97.03352022709143,36.46058077134211,1.2030680122566495,0,0
84.3333338646668,97.57569317205635,36.786108972429794,2.4557241710013296,0,0
56.67709390337176,97.81465590987013,36.35408488517762,0.9637790259848158,0,1
81.85774458472795,96.98579532261462,36.685984932163066,1.4358541556327045,0,0
119.19385491006861,93.18732642297864,38.1393513898762,1.5210157134659732,0,1
47.28118303858353,97.60083997937342,36.02073174077359,0.0,1,2
83.77702505520075,98.95198556584745,36.59170671101167,0.5541647462782481,0,0
77.31423011467427,97.84385509769974,36.9627785627078,1.8173671251353734,0,0
68.73800039555114,96.75675659082562,36.73511941601038,0.6598183394895951,0,0
73.88420972722471,99.95863491583506,36.441546758843224,0.39367558903845823,0,0
51.82417877265259,92.71115691378323,38.13525865378832,2.9353678545915214,0,2
82.62011371784968,96.46970764368525,36.763146105390774,0.9909638427378867,0,0
76.64732180421697,97.63179470936788,37.05396278676194,0.7522732028588733,0,0
38.6684663968999,84.89614543136317,35.668686675370125,0.46129233953395987,0,2
62.21563176567015,98.11126169966751,36.694309800419916,1.4005142890544346,0,0
49.118117524296416,98.30924923917604,36.29783191357349,0.0,1,2
120.95135155537662,83.79546729956482,35.684247164358645,0.0,1,2
59.408868061062506,98.06677564173943,36.032005180742644,0.0,1,1
49.96121555590779,95.88667374520546,35.49119994311497,0.0,1,2
92.73678857294327,97.00220944567911,37.06921871048865,0.5472765542332414,0,0
89.37468686995511,98.26993623307939,37.343390606867764,0.4334702462625961,0,0
30.31074325010867,83.0834686568833,35.391399838302846,1.989843023620409,0,2
146.25923820485454,84.51990936472701,34.99322772310519,0.9801638764192351,0,2
49.783790498612426,97.63863829453621,36.30518852305718,0.0,1,2
73.75044790242056,97.54091594091936,37.03948463996098,1.2868058915102132,0,0
34.08587817999316,82.91183737796484,35.641206962262245,0.0,1,2
76.90528009114226,98.59464120357366,36.778333223351076,1.099576989685768,0,0
115.3257283860665,86.7877169459387,36.5546554884455,0.0,1,2
117.93937063845786,92.586958082802,36.898521897362606,3.068794892417428,0,2
79.62210070278452,100.0,36.784762866009615,0.8902617501338983,0,0
54.63921602265965,91.92117226353028,36.62314479272791,2.9188863600823773,0,2
72.10223246665423,97.97942952129493,37.05715180730211,0.6279449935696468,0,0
78.46502669229204,97.7228197238863,36.90857274407164,1.0494380364395857,0,0
75.78078167306796,97.82884889479318,36.739003740030334,0.28144381334722973,0,0
60.13999071921644,96.73282520540695,36.96418811804219,0.0,1,0
77.2856364102277,99.01077552193479,36.788983049076585,1.6468603256088645,0,0
53.60696215405742,91.67749852226872,38.513128675974706,3.1925346932864844,0,2
82.58092295978919,98.99661773600482,36.72436126297854,2.1257351986891257,0,0
53.16902620034211,97.32045098048299,36.51367223798841,0.0,1,1
81.55852914338475,96.65321690137345,36.493814473497466,2.3994724693583662,0,0
70.1848849343623,98.84520758203224,37.042976806036606,1.7983705194834883,0,0
68.60230495679063,98.21531147724033,37.08430065704662,0.7879284468358256,0,0
121.4925051829182,93.16078106873199,36.88173695245508,1.6225368467241252,0,2
52.51039244977508,97.97536524065534,36.84809752989355,0.4036616231573872,0,1
81.39315204095992,98.51626249646853,36.54897018655897,1.8377834122969678,0,0
64.27169438840902,99.49974274219863,36.91268087208961,1.9661800648937207,0,0
52.28545441114575,95.57899155599142,35.8640082920945,0.0,1,2
76.81905758678123,97.81466737268559,36.665657268624514,0.9831637766504989,0,0
62.702404034211945,97.2032416819807,36.90376878458802,1.3928079032450393,0,0
116.32958810882045,89.28685290109033,37.743471474112866,1.6967948216702031,0,1
57.780136942109785,96.7153920353495,36.33674816309972,0.0,1,1
71.1404728377343,99.31028665127315,36.750741971478234,1.164149598000258,0,0
58.81741497058194,96.91683608421936,37.06197105338927,0.0,1,1
79.6314871072302,97.096313234508,36.65154406289825,1.1337807397151087,0,0
137.83831483526623,78.66700929973184,34.87965448705681,1.17298434075809,0,2
66.77678445082094,97.43929549955043,36.75606259099523,0.9072175324498403,0,0
97.19600280426161,91.33010801011515,36.78259690159024,0.0,1,1
73.24410588036737,96.22851081242372,36.470897550974925,0.3354264789783554,0,0
28.15055286374993,81.74025796693466,36.04864292292248,0.0,1,2
60.184686352299835,95.57702566423205,36.16649862448432,0.0,1,0
75.8698318642303,96.10421717433162,36.629388288020884,3.7898836217704015,0,2
79.43070638244225,97.51719273488787,36.768455510986016,1.6756793677672046,0,0
82.4474969958948,99.78492099415382,36.60357722481712,1.024967484443247,0,0
79.10868231226083,99.54629220066009,37.14106580657952,1.7377747886927624,0,0
42.534717767865125,91.66833322960616,36.26115432672138,0.0,1,2
85.82222565964439,89.87872040851822,36.86644719652303,0.0,1,1
83.00836621337542,98.2186801288643,36.75892855522424,1.4245118610847338,0,0
120.06297264691375,92.57839807745314,36.87411613270061,2.5283215100518217,0,2
66.83874799471924,95.39553148659724,36.44173990359895,0.0,1,0
65.31338523879583,99.64766000294244,36.86173505881112,1.532683351028358,0,0
57.79873583781647,96.32206023448711,36.65444899225899,0.0,1,1
38.372531829569304,82.50912365368073,38.566501103712355,0.37902858241638426,0,2
73.4001644459094,98.52249576944294,36.736668447052665,0.9838245717521931,0,0
111.96456198741573,96.05404262808432,36.7689875910603,2.592885462922415,0,2
85.50779973202819,97.03104008732521,36.822537040032074,0.9354136774040394,0,0
75.34285563541708,99.61464916732308,36.82016077409195,0.3075626611639325,0,0
56.96400494760012,93.18788849879608,36.97552629425205,2.530519709583093,0,2
73.65924200073911,95.81096580382871,36.98719463185312,0.590756680601391,0,0
61.56960433385157,98.70553043599072,36.50553592304881,0.0,1,0
31.253829727752404,85.66997885475718,36.539928146127565,0.0,1,2
89.10624946509138,99.15778455205808,36.657299645000556,0.5146129455777345,0,0
83.33379891452671,97.14817632133541,36.92375454791696,1.3596004331233043,0,0
81.36324391247561,97.29431160689154,36.899702160840235,0.7954230448687745,0,0
85.58772138708177,98.92107636844901,36.60117885315383,0.3404104172834398,0,0
162.96370774758677,79.14664741315214,39.048551639046956,0.8704979207700927,0,2
79.42215155480488,97.52132109716044,36.49107576627851,1.7547510249486338,0,0
120.74082698009914,96.44822133736223,37.15586472032073,3.3653190649912754,0,2
69.73532220132053,96.72974455998558,36.95898520353479,1.3837091571222158,0,0
84.82466622634693,97.64424469141679,36.782690767863876,2.435021704981359,0,0
84.72783222095572,99.46277728917947,37.06021933869312,1.2434697671051886,0,0
56.66514810685777,96.18838644379096,36.4969643858539,0.0,1,1
82.56461449335158,96.49845361681466,36.88559333467129,1.1278016806237676,0,0
73.02055317570081,97.82881871352836,36.93886897888142,2.3157745209476506,0,0
64.57867991625922,94.68747255990758,36.843098693597234,1.0844920126804776,0,0
114.38123162589174,92.37716913729822,36.91405646088406,2.3551388746800015,0,1
48.078574017389144,98.46124315343833,36.622250528905774,0.0,1,2
84.9756039353218,96.26249678176528,36.78888189536014,1.0401642310842905,0,0
57.178590595966234,96.61858885401972,36.203060435594885,0.0,1,1
75.2561407412324,96.75679659881091,36.838717399013134,0.7670995771143638,0,0
64.47981953719855,96.14521504820476,36.70919072036806,1.7809445911247146,0,0
54.88805923733425,99.0204747331468,36.333709556941486,0.0,1,1
49.60471643556027,97.79282878901867,36.30349120281783,1.368436410783425,0,2
69.20781254334372,99.26537942749852,36.440877355871535,1.387685856701705,0,0
66.16663173185346,98.132346371472,36.931880357969696,2.2567753210106694,0,0
53.070485495973884,93.12538384992682,37.93766120267803,3.155431655659392,0,2
51.34844916658433,96.63265894346256,36.03055697306167,0.0,1,1
85.1395965040141,96.81685687373314,36.599889473053054,0.9916989386790126,0,0
66.37238060300442,98.03321456024834,36.72883623293235,0.976814232665681,0,0
52.53856990461239,95.21872634227422,37.18935524846436,2.1812570969806804,0,1
77.71515477905348,96.3563814427329,36.9556651048291,0.14232358972563128,0,0
62.44199580117713,99.61053484135155,36.61864145689581,1.3262333838259543,0,0
78.10352623008876,97.94942137069268,36.67706244149251,2.0399833574117547,0,0
112.67809096673105,94.0684896062242,36.79494136137819,2.112235818379383,0,1
50.28752804006406,97.22756022001651,36.72415969247983,0.0,1,1
74.45053071964496,100.0,36.73868138506432,1.3985702099166792,0,0
80.69481231027895,98.94205459235225,36.69448053148419,1.2961781025116916,0,0
55.10310310231317,97.36889006089316,36.90272575885336,0.0,1,1
72.95957079519755,98.2901892741398,36.76024280375429,1.7284716290486617,0,0
117.79230446091505,93.05187802757386,37.91394688383036,1.5471169395571658,0,1
66.0573915333614,99.26341744797672,36.873078156872424,2.1616920869111187,0,0
106.57410149982299,92.29953522517269,37.286106012740234,2.649300318131618,0,2
77.84856859585537,98.7866912199945,36.98254995598277,2.3405495478465594,0,0
50.01371291013341,98.12659463945,36.91076056086758,0.0,1,1
80.86105407478512,97.31787571567853,36.84732938253457,0.9535562387960722,0,0
70.09027787566092,97.25986096053639,36.729029853729635,1.2842600813501581,0,0
49.24651545996407,95.57572762026783,36.535881083137504,0.0,1,2
78.93588605240821,97.82261002381455,36.894896539250105,2.141950399528293,0,0
88.40898071573132,96.93563849757425,36.98433526389551,1.608714917365343,0,0
89.12415852407904,95.68986839485609,36.758664241642315,3.2493196277936764,0,2
59.25620436750048,96.97491416510968,36.43992199030251,0.0,1,1
87.87439272734655,96.89036782725529,37.07820849501119,0.3055609453969844,0,0
117.52868309638114,92.61639227104864,36.55515499832888,2.064997024474489,0,1
106.85380763879469,93.65776605669907,37.93954735201129,2.9538334780617213,0,2
83.94139044746575,97.17629264997835,37.04477179669534,3.695550119650716,0,2
82.91061875324614,98.39747293389676,36.59006517684864,0.32071496156203255,0,0
72.42618507421737,99.17096276012929,36.31961061120989,0.7708669249883654,0,0
37.93633801136939,94.82452504371658,36.55632237813552,0.0,1,2
76.24226909242371,96.82493927457959,36.85545205887323,2.491573278824369,0,0
52.197793325736704,89.81390157854462,36.92080953187571,2.9380371537671333,0,2
49.14906432278166,96.75775881797516,36.30674708712921,0.0,1,2
63.89466417252782,97.62558752034961,36.64739983239762,0.0,1,0
71.52619361635831,98.16374464416026,36.90195582613875,2.184581516889889,0,0
73.52397293792164,97.60637264037635,36.99288349162407,1.222096629440486,0,0
114.14058674851864,93.8844848047412,37.795371911043055,2.6323668170455994,0,2
55.60441147790511,97.22745173122112,36.32757820681161,0.0,1,1
56.09805970224392,96.39408772383796,36.349060121626394,0.0,1,1
80.33225997164357,97.02834540612805,36.695890176589316,1.6918735284587638,0,0
48.57485622669022,96.92244693200914,36.23896546053662,0.0,1,2
72.42836417395962,97.7182633239685,36.71914435115758,0.9207659326911638,0,0
49.5497862044053,93.0931181638093,38.029444241763564,1.3846685807884358,0,2
85.54084963981853,96.60366010078978,36.3367110286145,0.4578154449489198,0,0
58.737168909768975,96.13536388462265,36.34558621971547,0.0,1,1
110.48368454858159,94.77133784947891,38.01429650061834,1.1365560847316472,0,1
43.84747611182381,91.64212100387658,36.372104471749985,0.0,1,2
53.179918487080876,96.32485640260516,36.29322424592446,0.0,1,1
59.92541983261515,97.5647707549517,36.408685308384754,0.0,1,1
79.24927064104452,99.28963528338834,37.11372042128758,2.4179786186599177,0,0
72.1671432304247,97.10339031580776,37.179573615159825,1.4758229686342794,0,0
51.58850526737765,93.94472843377946,37.51725446002058,2.1054158256622406,0,1
90.49885034007595,97.6944751726739,36.56046012982496,1.7582027726584788,0,0
113.19809114460716,91.58587594448319,37.135945695274415,1.8694769405308425,0,1
50.531302899297096,94.74722876038662,36.43122182247525,0.0,1,1
70.65253575480983,100.0,37.00372490200676,1.8466995728629523,0,0
82.88878391205338,98.89941560179294,37.17632425787155,1.111748214680607,0,0
67.12128408584074,96.79621218453636,36.61121187133351,2.217634268415409,0,0
116.94071418556234,93.89190252674766,36.78572187285697,1.8481508998193612,0,1
104.54381978926622,94.08805882062106,37.823711065263744,2.3787369914778105,0,1
35.42151147568611,79.36243415874897,35.62340808327091,0.23425170608133386,0,2
47.60612484386381,97.81251877691419,36.29890866857992,0.0,1,2
74.59561665095201,97.07961164119952,36.68891992011153,1.958320282672362,0,0
52.0453353255267,97.05205446906027,36.893926275307514,0.0,1,1
54.55108947789649,97.35904580341231,36.442603567202895,0.0,1,1
84.21753248032331,97.78319868402225,36.92842155179972,0.7237111034795365,0,0
47.27572844118793,99.18873454420914,36.19685387143618,0.0,1,2
82.99179580825371,96.26608064446376,36.830412531830675,1.9789699446029438,0,0
57.32732630247932,96.08629757878558,35.970785619286154,0.0,1,2
112.92727151429241,91.74374579666821,37.5611825715576,3.0151561914253375,0,2
51.60668342558546,94.59177041209485,36.39565799812272,0.0,1,1
59.36512116315382,95.34033408880246,36.80372648149295,0.0,1,1
62.37621510149303,97.91819395273045,36.276272451127426,0.0,1,0
55.800561487920724,96.28737814948593,36.329634206237664,0.0,1,1
56.403263696868535,97.39593054974752,36.937669407407604,1.9792204958515842,0,1
65.92563558495969,98.20105830769363,36.654506858753265,2.099548729269821,0,0
66.23668631351133,97.42768164642952,37.11309093199182,1.9836839487853322,0,0
95.30248089335025,97.47338628180589,36.953450899739686,3.821198008486307,0,2
78.07583058469181,97.81879619198548,36.62889346601887,2.0852915202081643,0,0
122.07722960564642,91.74545459054411,36.60065631797167,3.0318911687176398,0,2
93.64671564401196,89.38415587009116,36.80548048182036,0.0,1,1
71.25921372842058,97.40715610923279,37.02145459440076,2.077958572479739,0,0
67.36204926302099,95.21834343396051,36.47300893043273,0.0,1,0
60.2463472477302,93.94619873682123,37.914378302433164,0.8057096390782874,0,1
51.86721148031681,93.94412066191128,36.1658156611735,0.0,1,1
86.2387238964912,90.05915112779395,36.328909690922295,0.0,1,1
78.19611189994626,97.61707670158741,36.55126537716223,0.6259479237581927,0,0
53.91085761998461,92.3923372626042,36.489288555410425,2.5817200842466907,0,2
91.95525872480803,91.61758990470135,36.74575032732366,0.0,1,1
69.6071046035149,97.31598037680372,36.960957488705475,1.6716536012036392,0,0
88.12317399410874,98.56429258142043,36.5517401454518,1.390313623848508,0,0
111.56514985713045,91.97654614815097,36.60900292930729,1.470047672564311,0,1
81.62794818168938,98.79441028121762,36.803571060296434,1.0173262422949385,0,0
129.8518828056166,92.21543596824753,36.725810899629074,2.107983057095804,0,2
81.06453237997782,96.6210038270431,36.66555622548952,2.0232331455081094,0,0
86.0454202059288,98.27460392303476,36.81034357696264,2.4549870416377377,0,0
70.37733749651647,97.70575615647525,36.83792959097498,1.024241629457241,0,0
61.19523338980673,96.55378775831875,36.56566958942154,0.0,1,0
65.60771490987551,96.95144574098538,36.93686051682769,2.1560651279837546,0,0
55.97220396167288,96.15239065388612,36.70749436511611,0.0,1,1
79.0329890645539,97.26729891244501,36.804005949764864,0.10605222808676809,0,0
81.9206269256423,97.59780966461238,36.61258846470677,1.9960642279414833,0,0
89.48051476266548,95.78007382605772,37.018205581838295,0.8400530541494835,0,0
116.50088629621214,91.71453325620534,37.53496083832968,2.181271755073934,0,1
77.11561972823358,98.58246602187467,36.93381505089927,0.18786331802128203,0,0
72.63253148332987,97.5896722271345,36.606549052403786,2.1132438022345057,0,0
69.4670957614321,99.08126964540133,36.82270429929559,1.1123171662828741,0,0
77.9286318112465,97.94411636277968,36.9579464249264,1.7953101037673,0,0
81.87948779403452,96.89165874829202,36.8061697334107,1.5976502559867132,0,0
95.8154330697873,97.47725544727666,36.9413792581837,1.074413855876982,0,0
119.65528656448747,93.10456330265977,36.68191184595934,0.6874257881933716,0,1
55.11555585418728,96.2879898887501,36.59923398141465,0.0,1,1
78.7391947999668,98.88251039276224,36.49053286270688,2.101380097418846,0,0
82.66199110868016,96.88098020893105,36.60389073457674,1.7092326366850423,0,0
51.25406814041021,96.82369872499031,36.407377147817016,0.0,1,1
33.2794335821528,87.00091568557949,35.84243637349638,1.283355953430575,0,2
58.261528756230426,98.65123337052084,37.01946025779051,0.40815081232540384,0,1
38.96971453969821,96.08986355009422,36.26501760827768,0.0,1,2
113.11754899061059,91.81506727911619,38.36997193754805,2.082116782489718,0,1
73.83595756723061,97.22069469142096,36.57777524671684,2.128581049217997,0,0
75.57956670463845,98.95332776339689,36.701961818754256,0.9132230837992499,0,0
54.724270894786414,94.87714831623242,36.93414366448715,1.5933536081569264,0,1
63.481164600356315,98.5656431064827,36.70426156221216,0.2548302657712812,0,0
53.73027020961521,99.48882219230268,36.682910995816,1.6495981869096272,0,1
70.71642105593934,97.02054379874777,36.90190027656488,2.4866324300806495,0,0
67.67626153688347,96.34272634180054,37.14519960041886,0.8501926212634257,0,0
85.54610873636678,90.97136547500416,36.45348987394326,0.0,1,1
94.43568203549057,89.35406110223144,36.59228933024725,0.0,1,1
65.13741434347646,97.4302833152407,37.16572505248836,0.2701919458863785,0,0
69.18726533998718,97.24595561591191,36.83564794878101,2.415370143044723,0,0
87.20621820956521,98.25596839988059,36.63929380771458,0.20768191135023956,0,0
98.02583608642566,99.21209637467759,36.70618587641123,1.0693205605266107,0,0
87.44024311137096,98.00104766428169,37.058210446540485,1.7334974281665676,0,0
91.21412566961236,96.3910960955746,36.59056312895035,1.8090614388485815,0,0
55.198095261609154,96.2994366990046,36.43655881975559,0.0,1,1
118.54773753576083,95.18404177532092,36.7957275255117,1.1067754392635847,0,1
73.92425520009678,96.3011752210932,36.73560460198516,0.998720533913328,0,0
119.80572141580693,94.35425493303742,37.93880817601249,2.3402053434993673,0,1
73.11546614568117,96.58822308079502,36.90652622687541,2.429563919314696,0,0
39.98229327303835,92.5639613368597,36.350929609899815,0.0,1,2
56.49242937837127,96.17964086457972,36.07269741186646,0.0,1,1
63.420283196461924,96.7967479994891,36.59035765601522,0.0,1,0
73.08167534709196,97.1284891552583,36.79017545547548,1.2324147132276662,0,0
79.0010885774045,98.04962602560472,36.98451639269223,1.764824887484613,0,0
82.99896700247373,98.2687752061135,36.59718233336348,1.0389235960994105,0,0
94.78868419558077,94.19769690789107,36.398983374756014,3.634215888942028,0,2
72.74914518903661,98.72409794096623,37.10053957326884,1.6479574289275403,0,0
59.04679254694659,95.42830567927402,36.317529028709956,0.0,1,1
78.27190255770036,97.11745995384645,36.69664648649074,1.8623807523879978,0,0
70.50495812169498,96.77396475244475,36.77828270463441,1.5971374334101,0,0
84.25391184411247,97.62796863788432,36.65313599953732,1.5255538076971473,0,0
74.63063043806773,97.97070548275451,36.619837651797724,1.0715971215645408,0,0
73.44723172599181,97.13044767362419,36.49316380786255,1.2475968718640598,0,0
56.088754041655235,94.37356660589116,35.900738140845505,0.0,1,2
93.39130596740907,91.3995468410157,36.55505678437626,0.0,1,1
89.20159902373999,92.49901206823355,36.87865537381507,0.0,1,1
33.0146820890063,80.21280517731913,34.98808017685857,1.5380467337198558,0,2
154.32838892362238,83.21708116972515,35.37392622223863,1.081000378813324,0,2
63.22672158780951,97.31299944410922,36.86077755185716,1.0718025120851336,0,0
112.3216090071069,94.15868827055182,36.87296575778843,1.1263563600819066,0,1
120.69370462837975,84.01430651219498,36.45665009297649,0.0,1,2
60.23769107158269,97.19311473828289,36.32175162641573,0.18819250389652992,0,0
89.58842564853776,98.21730346150362,36.73483764350205,1.5372879453444195,0,0
49.12465185623557,92.30993016457515,38.23631208625541,2.011839185399026,0,2
75.43224424123163,97.84085672131381,37.13996392759047,0.48911666866040837,0,0
44.2590858028199,98.01715350453841,36.38409398328691,0.0,1,2
109.80517442444871,93.56617091910448,38.2840121426338,0.8912538690966672,0,1
68.83242397128977,98.07103425286124,36.65278695629187,1.808001224765629,0,0
123.76621461601772,84.55327344712653,35.298103834250426,0.3531153286762342,0,2
70.57472765562385,98.47718314311642,36.906764014050374,0.8564784319704378,0,0
62.80398020059362,98.23236977021551,36.143455923009135,0.0,1,0
60.931156627884654,96.57658547004037,36.072936686143905,0.0,1,0
93.62263319068697,92.35389185932343,36.57145484638297,0.0,1,1
49.26025820735382,96.07318718330235,36.34607400556784,0.0,1,2
91.60731337019061,96.34282730157904,36.76771442039343,2.320207917966737,0,0
76.27815398475565,98.91854140933594,36.49848297304721,2.420074280306371,0,0
83.26756132516618,97.89808045027979,37.00576983072192,2.476898855121309,0,0
104.76174900279089,91.83203532996866,38.06723495352223,0.6028503212917271,0,1
44.4307660666441,91.17597808900561,36.14800676332388,0.0,1,2
81.34850093069701,96.35187522472313,36.75922330620403,1.3370138752165914,0,0
59.29550284291339,96.92441525106926,36.57918191192933,0.0,1,1
59.15535335036058,96.22427573700178,37.22583117248198,1.4520713141463613,0,1
77.1704477963217,97.61843054580689,36.80715509705915,0.8799697829370068,0,0
102.15856518992977,93.79944907284192,36.80256128455375,3.982862497111511,0,2
39.27937338699244,91.9310118548691,36.7479352581648,0.0,1,2
83.64688485219983,97.64786411320642,36.849983798804864,0.6859362848679977,0,0
115.12163135273373,91.16133385531163,36.83127543839852,2.420349597867937,0,1
48.53067917910575,93.75027416504773,38.3075665464675,0.802697416308733,0,2
59.27623777541168,92.9050533331386,36.89080701917512,1.103072898382449,0,1
162.16845930552196,84.64175132920217,35.43086412948345,0.8697782328803702,0,2
62.1099066856019,98.68077298367072,36.749149461555795,0.0,1,0
82.88148168625476,97.51846138984261,36.641750094046486,0.47166399405179615,0,0
84.88356755351438,98.29640099697869,36.943281478259806,1.6980557057389054,0,0
118.42512738469061,92.16522545985576,36.61181280947142,3.1683791912555463,0,2
117.92808091825606,93.02496482852705,36.770042756575975,1.4011919391278274,0,1
41.08936604855634,91.01133237836774,36.802830484094976,0.0,1,2
90.55413232673553,98.7350384430547,36.824214118017935,4.202216783457703,0,2
142.3568770832375,84.57715941766116,38.50342308624153,1.8484989361904125,0,2
109.72236214501606,93.2372584495895,37.94512315939249,2.7280804862423476,0,2
54.473149890190875,98.99498803816016,36.1060472549152,0.0,1,1
39.54824935487522,88.76020836963387,36.16706541324666,0.0,1,2
116.35505100422384,91.37814305488293,36.88294010279679,1.5772808750096674,0,1
108.94578301798902,92.25463824144451,36.611407325510044,2.349966263814178,0,1
74.69093603480052,98.25686325636846,36.84151672241907,0.6346194725130558,0,0
100.31177388585944,92.478183935639,36.07986987299753,0.0,1,1
67.07375714539221,98.9092275359342,36.71355342953352,0.13552821476431393,0,0
80.209888014816,97.83719327862066,36.52266084514648,0.5888878999757831,0,0
118.8403364861975,95.02578846348335,36.679483237363854,2.53384716325452,0,2
105.79750063877682,93.76761268076545,36.86002821773852,3.0732099592356787,0,2
95.63150938340311,98.35179111905505,36.81222346053952,1.4252466614433665,0,0
36.35337036384683,88.45690681052523,36.36278681415343,0.0,1,2
64.35621219506147,99.64936879156666,37.017387580006535,0.9443629970083385,0,0
68.12457663577955,98.09928714794154,36.7887566375743,0.14687027271260567,0,0
75.25097771225113,97.2953680108164,36.83563785440436,1.1481680267071384,0,0
94.89336473354058,90.78320796831207,36.439426288817884,0.0,1,1
142.86703424367923,86.69972894745726,39.37932017570718,0.48009240299190137,0,2
68.38897801121479,96.07702526529603,36.30553263650966,0.0,1,0
77.27868281526477,97.11033828253149,36.82664765731729,0.4242269358287435,0,0
66.0410275884361,97.87965422339254,36.97293255357213,0.13741020346087343,0,0
76.5906606383822,97.5506321616519,36.5739999247815,2.025625597556687,0,0
65.97433567006503,99.57272310175588,36.81701422783972,2.0139147768942958,0,0
47.24099477460433,94.33104957910408,37.68642275761175,2.493747773355785,0,2
37.94981796776228,82.39921779140661,35.84704427876856,0.0,1,2
150.4966981348805,88.68035696847356,35.91066537559298,0.8476766240608793,0,2
54.79011159166984,91.7417130381021,37.0256005252403,1.1041859365300577,0,1
85.28198505463695,99.57966188708768,36.911197486738025,2.492371479750838,0,0
51.34937775165315,96.98785056592003,36.02222661288687,0.0,1,1
61.33211840482626,97.02147145629608,36.31562477875277,0.0,1,0
76.852357411475,98.43496287361255,36.794366618310086,2.4737775432828335,0,0
54.8068842943343,96.60257270041795,36.352735519786904,0.0,1,1
69.25211602978338,97.32992628019204,36.59728048989785,0.4861726815124008,0,0
67.19820496255313,97.61210577671136,36.88600441483003,0.9651025290562039,0,0
63.00376835373599,96.8199000025141,36.469643506609536,0.0,1,0
92.071749245608,92.03797089570438,36.68061689963488,0.0,1,1
75.8223982125174,97.78445284635642,37.013632206975196,0.5140760816490608,0,0
83.69088287855051,99.38393644096348,36.44875395310408,1.794405782961259,0,0
116.98227290657009,92.15507310460535,37.0102243495516,2.797979304105893,0,2
50.0250464650876,95.21477652496222,36.36442857688871,0.0,1,1
69.35868702171737,99.7660342824646,36.8494991807836,2.018380401420687,0,0
112.4947161564041,91.99687226860019,36.47796604040131,1.5540648072873917,0,1
75.87124450275151,95.59124661049243,36.707189874747336,0.4921154955149212,0,0
112.1779137525428,93.13054188703296,37.52604687995396,0.7493624372460077,0,1
76.70021079876015,96.02025948883714,36.92409196049246,2.204495304385174,0,0
53.90318468960402,95.8570152131369,36.464664007495784,0.0,1,1
51.611449230811,96.859136691734,38.316755027142946,2.2602192605845266,0,1
90.09201514793602,100.0,37.026984856319835,0.5980723249907253,0,0
83.65239569429815,96.78896286995426,37.01754535026777,0.8095805724234356,0,0
94.33719985500403,90.18137891283581,36.536295325789695,0.0,1,1
75.35890345696153,97.99302213271794,36.593834974656104,2.036441442733037,0,0
71.4810280463447,96.91403743200011,36.448846428448384,1.1409478714590633,0,0
63.16922921708867,96.51944791938087,36.5253122717018,0.0,1,0
58.21892636272798,96.15756782506627,36.45629808187273,0.0,1,1
61.26715857890885,96.67519509717516,36.74977436981585,0.0,1,0
58.7249796717392,97.10727696547166,36.23776130359075,0.0,1,1
72.75959237643558,97.00152720320037,36.86395560822536,1.7751033066110158,0,0
54.416997361764984,97.59568496711464,36.406752638575476,0.0,1,1
70.08818652324982,97.0547827162724,36.80279762317754,1.6814820328130722,0,0
67.72789557840579,94.85367037934174,36.43627594847091,0.0,1,0
67.98935553460875,98.08082156558241,36.64607411129926,0.0,1,0
87.43828397684076,91.20541327045775,36.9627259194042,0.0,1,1
79.43058043701336,97.9777845564045,36.66300670602953,0.45762050418796274,0,0
110.14692909483448,90.6947842334121,38.12957169888059,1.2836782945154483,0,1
80.69247450716678,95.80642161757088,36.94147470342295,0.8066965426098811,0,0
61.65404461932884,96.62734928865582,36.20081494417297,0.0,1,0
59.095915043755525,95.53594555140045,36.556849621405334,0.0,1,1
77.73433022083594,97.51520954571723,36.8343882806348,1.456701782842954,0,0
84.64296546542533,97.45004172176398,36.8014510347272,0.6211685196044497,0,0
113.9308274697358,93.39960255533884,36.865312603172605,0.9119350221782085,0,1
56.483220397759794,98.62315729551581,36.2857618607141,0.0,1,1
56.55842647994477,97.02313558867921,36.56684577578514,0.0,1,1
89.07483806450658,97.00648897813339,37.07378069420892,3.7695883600191458,0,2
87.54626825958894,98.01265508171988,36.785671917421816,1.5578290262107621,0,0
46.40919636376262,95.63983028230975,36.64876318666426,0.0,1,2
42.50516813978397,98.1241220754893,35.842467436771344,0.0,1,2
73.88937415679494,98.12557953087476,36.460246138708335,2.0319486513629044,0,0
75.13016709224884,96.42556989315304,36.837819526109435,1.3440598391246408,0,0
72.76093111952567,98.37482788438133,36.74330759093483,0.3171671004389265,0,0
117.12890870907036,93.70843464973794,38.07804152806657,0.5872151648714408,0,1
83.40595680562056,99.22366558024238,37.03750110410253,1.8919634388102282,0,0
117.50605060391176,94.77719088494099,38.381941993942085,1.6533213111041207,0,1
50.18308496249804,96.72812487374065,36.261224681345205,0.0,1,1
33.473103245601365,80.46488446485117,38.7469690183816,0.47610458779300535,0,2
44.75872259435578,97.17703962567072,36.47782291256661,0.0,1,2
139.978921751703,83.93052748154851,35.71689484341316,1.9085792309461482,0,2
120.36542507927001,93.33939379214245,37.844475640884916,2.9432208509774416,0,2
77.21561502354908,97.62797595298525,36.90784202679692,1.7595500373797899,0,0
73.33492535873663,97.2529261434784,36.76655440613021,2.0921754356933855,0,0
62.86033729223904,94.49891722886208,36.04542427295654,0.0,1,1
54.49884594288582,96.26947438324439,36.362844904142136,0.0,1,1
77.44592172262672,97.05904333294383,36.71064451407277,0.4827775211949039,0,0
86.15703376466723,97.9317618760004,37.018458140404945,0.19373482915945378,0,0
58.47475232285504,97.4752827976423,36.6861653648999,0.0,1,1
75.71469877102531,98.67620599167165,36.914816256421304,1.4051572164223984,0,0
60.107782864179825,98.63266575788036,36.48159830857627,1.1566700100178846,0,0
57.71203221149469,96.06345856446815,36.20747022319206,0.0,1,1
110.71628252704268,93.65416905541265,38.4055918264178,1.076104149858128,0,1
88.62669356270962,97.59181285621878,36.846430953632705,0.1461052793764356,0,0
70.92110098686732,100.0,37.16506829312612,0.3174986481285158,0,0
109.25589380260627,84.51516349842088,35.67970597184507,0.0,1,2
76.08563461372998,97.76043217420205,37.0037599960306,0.5403596904640554,0,0
90.45935503538061,97.94388562665173,36.68316978803978,1.4296408458582852,0,0
57.4151166594654,97.27952709620038,36.39040917327351,0.0,1,1
122.51233054934848,94.91040328437941,36.63721027562998,0.736955981092992,0,2
88.70194099358658,89.63101851429012,36.32520063913316,0.0,1,1
75.58339868845616,98.03586506574956,37.0303030291866,1.6207178494386723,0,0
56.03295201763865,96.68451659545364,36.61796114246852,0.0,1,1
52.14789227565148,92.39476175954327,38.00471421128483,0.6804874935077254,0,1
64.58100026339949,98.32854509378896,36.49629524095412,2.4615365396376974,0,0
114.90693778111977,93.03764209931965,37.92223828430488,2.310721915081403,0,1
81.61908579483686,97.03574659507427,36.79553323645637,0.12381569719141101,0,0
113.6311795362625,83.10142930412839,35.812766564338474,0.0,1,2
48.58128578752896,97.28995667024473,36.309862743456996,0.0,1,2
58.269208351792486,98.42341715860115,37.187892709914024,0.9431534099724538,0,1
124.13618184109502,92.77624806838057,38.20859374943521,2.2842445060230414,0,2
58.39762424835213,95.88268901808591,36.13945629822539,0.0,1,1
55.60988249769084,96.87226223030578,36.50186407404396,0.0,1,1
113.84487861357466,91.5340225676475,36.70154472532039,1.8967005389031977,0,1
122.50473217217731,92.25260835053612,36.740959749379456,1.7569040143482038,0,2
53.8436417129526,94.30473761474508,37.78273613427336,2.6115250180000738,0,2
75.53262151584111,95.95843438351544,37.025718813495715,1.4074614296128571,0,0
53.93717096362106,98.32707119867811,36.67248402842449,1.059942757809141,0,1
81.65580371576479,98.04972548705359,36.79087142933324,2.1125448721552424,0,0
38.08336592855109,77.37783349180634,39.77853289380901,1.3493542640833438,0,2
50.28635631325322,94.62212609715706,35.95290276819891,0.0,1,2
96.4937663902481,94.60686516046701,36.75854585200032,3.9748640135970867,0,2
79.00145849960867,98.25467274094258,36.910279668555646,0.2518096740983017,0,0
75.04918014383384,98.30116207006844,36.36464405980563,1.5307153315078283,0,0
39.57644772148343,82.55205973438497,37.87355224562703,1.9725917968182578,0,2
115.07740777340983,92.63125219359034,36.53199920099508,0.5596531171828921,0,1
76.77844601522345,99.88600518552214,37.06748525076008,1.3935808218207062,0,0
110.25595816046443,93.42427937608855,37.726435645296405,3.002828641137774,0,2
115.24780850718919,91.33848405032718,38.57889200495493,2.894386637280385,0,2
69.26418776750319,97.35583257863628,36.660315512261874,0.17576199138371518,0,0
66.88841434640025,96.91526516252692,36.83021115138345,1.5280234660441625,0,0
115.27136979681903,83.63381843077742,35.787951157881295,0.0,1,2
66.56846878314097,99.0135529453935,36.95697994394972,0.69016730215184,0,0
48.9400255873254,94.80806431773252,35.97581601431224,0.0,1,2
64.46073615811181,99.0100659331756,36.738723727167525,1.216004831264063,0,0
80.16803117283922,98.20404916653297,37.15968299583296,0.24113088133193142,0,0
69.17785709944056,96.25780710581277,36.97710547446119,1.8820891898931171,0,0
115.69203874236302,95.14020001595554,38.30642399084407,1.892233041982113,0,1
99.4323085418142,91.00518248435365,36.682635329509,0.0,1,1
46.991039094469045,96.35110732867635,36.80902627764908,0.0,1,2
59.93715533670011,96.4136412164365,36.16918957390727,0.0,1,1
84.32886253219651,98.4530079383099,37.296828816149066,2.313943681074351,0,0
85.53981922006056,97.59755682581667,36.574499150582696,1.6714300684150012,0,0
53.20989622915536,94.08031082786468,36.50737974975006,2.822555220458162,0,2
77.9489601719186,98.83104273878266,37.0637215656356,0.8676472934313041,0,0
84.91265948908351,97.20835418465755,36.495713403817135,2.062831463345032,0,0
80.26077190091252,97.25278155973402,37.157958154061674,1.8550969265581319,0,0
148.5855445988982,81.77450144553139,38.9780560199036,0.6545187352415204,0,2
72.97342041607125,97.76108625509002,36.98548595383832,0.7743065276152516,0,0
61.407758047204545,97.40161695338016,36.38681872894125,0.0,1,0
46.156214917743426,97.28220988637642,36.515728194873276,0.0,1,2
58.32929383057411,97.27592407700452,36.7297689070148,0.0,1,1
67.51049842207335,97.88669457148553,36.948599082187826,1.5888132737487988,0,0
84.96103525064835,97.99267992984947,36.9587870241821,1.4975958933616214,0,0
77.70877259651454,98.05636098373846,36.91674587230436,1.7781735866453348,0,0
27.464044128295278,83.1723647278916,36.66872086816707,0.0,1,2
39.992544906560504,83.7365845161685,39.123423261312624,1.2549228871048037,0,2
37.284352631518956,83.69317415969594,38.76637876717726,1.2202101467313657,0,2
47.20754988033705,97.04204024117112,36.344150395914475,0.0,1,2
109.5782689950195,95.14440489060489,36.464724187213,3.964292232078581,0,2
66.24979013448655,97.1000905882326,37.18278256927473,1.8807200927543033,0,0
112.42151748227292,94.73915091408459,36.77736587034198,1.7799704352171708,0,1
77.1310454104106,98.66671799520955,36.92235370138971,0.18996627310081662,0,0
89.72070556266019,99.1762960778128,36.86061008472403,1.151451495154183,0,0
86.88131598906483,98.31916284064711,37.22442314580794,3.4803412653533146,0,2
76.37133068987833,96.87608160889673,37.08589294181531,2.423966094957044,0,0
77.10808466414188,99.49375062421475,36.97133755786372,2.4659232417964523,0,0
111.78320631195324,84.16008253843052,36.72896172992469,0.0,1,2
104.20385991270116,92.32733118588676,37.13883515163821,0.8881013912532418,0,1
74.51452403097083,96.23295342719399,36.83268746444283,0.6042824469576606,0,0
82.3286035509804,97.66405204194233,36.95690897451491,1.5087651592162947,0,0
47.205124349465834,95.81515105673142,36.683520074017245,0.0,1,2
83.74025482083167,98.26254792279775,36.875412181925675,2.309620230975113,0,0
82.25143135572422,97.37480704672711,36.72420318518836,1.09479406033348,0,0
59.85867563536855,95.98005899164657,36.63271832226642,0.0,1,1
84.93482275830733,91.31549680832349,36.79615935139272,0.0,1,1
65.19362061911453,97.78192408664427,36.97749551212195,1.3283078000828588,0,0
52.83513910493019,98.16633174427152,36.56469021445603,0.0,1,1
72.64230930789279,99.52196428813217,37.08437861774087,1.8252153956936004,0,0
79.13027965696699,97.14539697907101,36.7576178813045,0.25126256759569177,0,0
70.3212587244422,96.77200592678255,36.895823825556555,0.991906284252165,0,0
36.788901819497845,84.98146694703709,35.627669813764776,0.12882866992648606,0,2
119.97144772980575,83.73514883011333,36.23391909161046,0.0,1,2
76.00656502674425,98.36027047711858,37.02423108463702,0.3096169938734664,0,0
73.30501237834733,96.30474548199679,36.55243330597093,0.8384613847673754,0,0
57.75929346228292,95.21439349981033,36.40442081751078,0.0,1,1
60.027046626315375,96.88190629590011,36.31785837093676,0.0,1,0
99.6459959763558,93.6376800188059,36.7267048884081,3.9525008294173185,0,2
88.06738502899927,97.07117700949817,36.69976529335983,1.7753808849558077,0,0
97.778487460653,97.7680089034636,36.58461214946697,1.3525980896375647,0,0
48.258937927699314,96.14534623848918,35.92386887010784,0.0,1,2
78.8352980936869,98.41762066508464,37.04446905129359,0.9177744537064308,0,0
54.019556615612125,96.71709281027003,36.39045760325839,0.0,1,1
82.14493561944555,98.35940823420542,36.871777123034214,0.9897125527497057,0,0
82.25113200945876,97.67632785398192,36.58565638413035,0.5439992740047506,0,0
82.54237798828576,96.93332137864671,36.648108536003264,1.680415473261751,0,0
88.40508990604363,96.40327055323681,36.731798667241144,0.29637741483032387,0,0
74.68757413795144,98.2645627276651,36.99766462312127,0.2548537866343475,0,0
58.468423586848054,94.53188285371003,35.86400118433967,0.0,1,2
96.72299580156346,98.2122805981435,36.67677996935214,2.2116562452223705,0,0
100.8523830574019,97.40644462077073,36.3672636626318,3.880784203359538,0,2
94.69007257736641,88.76771064392149,36.53702310308147,0.0,1,1
68.2673968230819,98.1821312758908,36.60186049809275,2.2363423443517303,0,0
94.74989865768646,90.5536672028479,36.712889333757325,0.0,1,1
51.4028511539777,93.19178114727258,36.639741349873276,2.826293952485748,0,2
88.31077832375475,98.71126228303783,36.695309514033106,0.3570700367562968,0,0
55.879444225063814,91.6112792275509,38.00448364687025,2.392166699515249,0,1
84.69224446319058,98.32316003340216,36.59478638345177,2.3559598849379833,0,0
53.92160491593928,97.26479964952664,36.44238510255457,0.0,1,1
158.48787622840166,76.80818471119066,38.881925788629935,1.6647039143643696,0,2
55.00773944281478,93.8569328256071,38.056486416003516,0.809590656583293,0,1
117.90595262621623,92.21089166125223,36.89215776965228,1.2594959479262613,0,1
112.63964537226559,92.11558094905769,38.40356708934817,2.7716709171901974,0,2
55.26186182127753,96.66779032559127,36.892414171237775,0.0,1,1
67.69200529908619,98.14535686073451,36.802000889149575,0.6646466508320964,0,0
108.18198266106405,93.7044509088814,38.26613958704665,2.025639282984089,0,1
66.32866527287513,96.05462950765416,36.40042985876417,0.0,1,0
159.31889063774514,81.62298661933127,35.411355779642015,0.8495929296188978,0,2
60.45256888068658,94.99639601678155,36.60455447913641,0.0,1,0
74.51410589265201,96.68723592167895,36.98966785586583,0.35605616931825135,0,0
34.87376056310166,81.52621091701603,39.01980816776646,0.3496702064303811,0,2
106.02209589503269,96.6423815962753,36.8391626877285,3.5644594128391596,0,2
69.02047872414998,95.59496945744583,36.25995220483142,0.0,1,0
40.159983897548315,91.5224641173901,36.494435347757864,0.0,1,2
107.402824540218,92.71956142376858,36.6789872618556,2.283968219402771,0,1
71.50721058898505,97.80211842101747,36.75706109052263,1.2713499037923328,0,0
54.9865219520111,97.63704368919416,36.81263673376155,0.46442426954866156,0,1
77.93531987457199,96.23589823652071,36.84496334733829,0.8227972888030222,0,0
81.74345108658132,99.81411372335974,36.81027175176053,1.9988554373519198,0,0
50.09742724815861,96.726404537012,36.63475728937478,0.0,1,1
98.20997565872736,100.0,36.585398729271596,3.5756694439757895,0,2
77.05931981242908,97.25625888963407,36.79858082808548,0.8362379695670836,0,0
95.45337874025138,97.40510602060624,36.80267902594413,0.7779261527859953,0,0
78.29013612143153,98.30861156947643,36.85176728121368,1.187500976568652,0,0
83.60499636136133,98.23426726914376,36.85123260393056,0.6647401553808897,0,0
69.26622185602729,98.77666649522662,36.42957934909509,2.145028043312909,0,0
87.87386621010593,91.21987014237395,36.56610885721528,0.0,1,1
76.5796250384875,98.22547139158009,36.892005617023315,0.9095890644006209,0,0
96.71910415174143,97.84572653453753,36.39850081195386,3.9598351654304316,0,2
117.18827063925092,92.31962833079487,38.23395757996682,1.6628027617386685,0,1
58.42088394788177,95.31355266131114,36.72107343576507,0.0,1,1
52.23898018874245,97.92714014412758,36.73335979150824,0.0,1,1
39.12732600626603,84.95416013656052,39.05193338201483,0.9064314476016976,0,2
58.40383375175356,96.34863014014722,36.48166773038554,0.0,1,1
73.65865110071353,97.34734088340217,36.73793490853427,1.5893263806277147,0,0
82.82285151521413,97.19428308335141,36.9076347893055,0.8315515230746451,0,0
75.38832359328418,99.0607253490553,36.73306100629834,1.985987977336635,0,0
82.66579622515971,97.55640049224694,37.10467371062595,0.3579983703813816,0,0
87.77190132138838,97.22316175633048,36.84256652142507,1.8184327382388246,0,0
51.582203178745075,95.69056630650174,36.53658471388894,0.0,1,1
55.89923318761165,97.21615253279698,36.76435948734261,0.0,1,1
81.49030833385451,98.3066156599231,36.8488015259299,0.1261491352608232,0,0
121.96571614445537,92.8257256249933,37.19894679054164,1.5542917894204882,0,2
70.60704816789371,99.39122319976823,36.7104420763273,1.3034577931397269,0,0
52.124157286921346,92.81714700327458,38.361221844204074,1.9785415624286273,0,1
51.461449641305386,94.90046105476745,38.01506839800437,0.5731258680361608,0,1
63.842926507859,97.44136110921187,36.80584220314215,1.6897977905947805,0,0
78.67594566676274,96.64603380911012,36.55003921854497,1.7769656923607215,0,0
70.24984635904092,97.08622661531392,36.3404504899331,0.0,1,0
115.93787618689561,91.53822190551688,38.31806268186468,1.1241477130655846,0,1
31.92052785049796,82.833819423553,35.672540531095336,1.258670759340674,0,2
59.86783303418655,96.99300056933718,36.75287794713494,0.0,1,1
32.671484181476394,84.19469835407682,35.78832579047259,0.10096897913029279,0,2
81.91618787243925,98.27799938744694,36.73248668227276,0.46697306572054853,0,0
69.5213923438891,96.47941070049018,37.24881170238735,0.8855047445701292,0,0
76.5846570474196,97.61831352177452,36.91029970599915,1.0582609216373853,0,0
52.58483800835978,95.54965668798424,36.369846707590774,0.0,1,1
67.84121210013181,97.0449660040895,37.17932081371478,0.24321726480905728,0,0
85.35015133608896,97.85523043648111,36.730338320991194,0.6019904402374361,0,0
56.15421356222507,96.3636836868383,36.147250759981,0.0,1,1
122.26530228025806,86.25584997103365,36.037705399347104,0.0,1,2
94.99765843175628,90.52054058904955,36.291579656260765,0.0,1,1
124.84598593137807,87.04086265771414,38.365439030656695,1.3820497786436956,0,2
49.36859818465773,93.39195835470815,37.77795442759596,1.6538082527571367,0,2
38.63169697656586,90.59377567062651,37.07689846975302,0.0,1,2
117.18250520635556,84.70431952647247,36.41428749933658,0.0,1,2
114.01509049115069,93.81750747794501,36.84035702147419,2.4863596214095525,0,1
141.02259715754468,76.8686938954205,39.2507039956617,0.5721544222543197,0,2
83.11650940045726,97.90691421276993,36.772629614294026,0.7121426859267398,0,0
53.64662512971422,98.16510761623285,35.95894436034132,0.0,1,2
59.82405181801549,98.34432270476573,36.97173268781551,0.9310582395457803,0,1
80.34388161912884,97.05172534522231,36.71594719376823,1.221660945345234,0,0
63.97758630955944,97.59986544577185,36.55028366218004,0.10238047472710497,0,0
116.24089817074842,93.3437983311472,36.65993702004784,1.778063055016649,0,1
53.181483537327914,97.05239338205779,35.987411373961365,0.0,1,2
49.053722779599354,93.45314208770411,36.88873514537762,2.3822902861080397,0,2
94.35437773246345,91.19365531663149,36.61672193199791,0.0,1,1
58.988578538346175,96.52944270410092,36.332813502374066,0.0,1,1
58.364143592957404,96.72083818309551,36.75464784066997,2.1549446602313997,0,1
151.7261289108984,85.3771851182472,39.29780724641139,0.2948414392568285,0,2
72.80165316409942,97.08136606994718,36.95474908342974,2.3907904682914713,0,0
46.970623777133376,95.78174561979675,36.796783112863594,0.0,1,2
74.14899234007969,97.77732247451266,36.66598188523639,0.12373087604060978,0,0
120.47214202592983,93.67945163897905,36.85057665542601,1.8586239959632076,0,2
60.874214952805104,95.72821520335867,36.09335985502451,0.0,1,0
74.51355511920177,95.33611330531569,36.41922209317496,1.6682998676929506,0,0
55.15264409245019,95.10509724328513,36.60551211009302,0.0,1,1
124.97157862208365,93.18810886221556,36.91445307458033,1.1658382619366363,0,2
47.13297807751453,91.27936361686183,36.84994721357276,0.6157942515664095,0,2
72.55244959611818,97.10296853063514,36.85696793907109,2.432421019544296,0,0
95.6720034957657,90.54016843793536,36.48947376214141,0.0,1,1
65.61945496367579,98.59725229854003,36.4921890156859,0.957684829957885,0,0
90.765577884647,90.5809744151597,36.35620588323329,0.0,1,1
67.70308923993863,95.05509565979456,36.13463175676909,0.0,1,0
88.44762979253447,98.07683914813023,37.04671013947381,0.4061645133170352,0,0
56.71182403292989,98.41283416768071,36.64774040309816,0.0,1,1
82.83453871339026,99.09174785073263,36.856114993191724,1.8394783762585303,0,0
35.668282017602934,86.31594170447987,35.51335062469577,1.580185253375121,0,2
77.60116026432385,97.42833896631569,36.99383659747245,0.39893293215877434,0,0
59.401110774827295,97.71315342303339,36.20163463259221,0.0,1,1
66.80556338087871,98.831415906434,36.86436703800455,2.32146267605665,0,0
84.18642304383054,95.20925964705539,37.13396309751326,3.5416474271424017,0,2
77.54700168454292,96.07895287437033,36.60351675190381,1.9844344497358648,0,0
83.2091490442338,99.42386141232214,37.130727043205965,2.090704225554932,0,0
111.79149517245452,91.72333810598411,37.49004339155927,0.9570148269316314,0,1
54.79496871079404,99.03892497147558,36.27266372591732,0.0,1,1
93.77909602251226,91.90664838580928,36.68408738758978,0.0,1,1
73.67184546205559,98.02728888284545,36.45942988780881,1.5054203805290902,0,0
49.66533570359798,94.8639876711136,36.752918015963836,0.0,1,2
111.12006619843424,91.6518339371755,36.94412210973579,2.2521432270712984,0,1
41.289493031983895,96.2315968709625,35.934446668387785,0.0,1,2
73.78210641162576,97.6633893465324,36.58531581154421,2.4083995990991673,0,0
66.61116720267057,96.61515993952497,36.89474300530778,1.0715089740681718,0,0
88.60545517780234,98.5022043139226,36.99122580825865,1.931866923824745,0,0
48.87470978805094,95.71814410762855,36.594968632107694,0.0,1,2
85.68259079953242,97.42627912950957,36.87399584277615,0.10867806825176247,0,0
69.56789601636603,97.14070096314954,36.75276908642855,2.130164001849071,0,0
52.438063351133316,91.0589345628836,37.946377833894765,2.484537282844154,0,1
61.51360337344255,98.22872799329407,36.759138558279965,1.1298959626765317,0,0
41.707998514936676,80.9728459927534,39.21964058560875,0.9239272569908568,0,2
50.82687909877957,98.0444818140574,36.60891431279557,0.0,1,1
49.56095331440338,95.62959195102229,36.73623991654354,0.0,1,2
111.31974622916088,92.11984549059724,37.588513105204996,1.6078519889795022,0,1
59.71837811829481,97.32003058819645,36.19032731386412,0.0,1,1
52.45542914144654,93.77538130722735,36.61204233833302,1.9575775108652962,0,1
65.33576596422729,92.88737298042378,36.57234563574391,0.0,1,1
54.04384855146122,97.08714496861977,36.030136666727564,0.0,1,1
73.03046438990779,96.85653017559184,36.82892552675791,0.6207945905447604,0,0
60.239015754289525,99.88640029980608,36.66966298648993,0.0,1,0
71.06038071195516,97.98669796459423,36.82991191952743,0.2483576652266895,0,0
108.11842892598742,91.79863493053782,38.460139054611254,2.565201727250088,0,2
55.24613053746078,98.63979014190035,36.762205454446814,0.0,1,1
80.130287179259,99.07763334980781,36.90214641322718,2.377808357966496,0,0
69.47052662499108,97.95213371886412,36.5781384935004,2.1045695603777226,0,0
61.75294687935759,98.72580464159606,36.78361754085488,0.6383533823338842,0,0
65.48193818905298,95.81712633098411,35.92054183455049,0.0,1,2
58.54318964639231,98.64897029613527,36.63443822410838,0.46747247417376026,0,1
84.15867049907804,98.28452302294562,36.935089459286914,0.9618313204873385,0,0
60.32954439422477,97.0342788354782,36.313608220159836,0.0,1,0
93.27770053635875,90.20027774458903,36.99891923742613,0.0,1,1
83.50824588150292,97.14952600054077,37.04996421941073,0.5306386531251571,0,0
73.82400022153492,97.17793516505505,36.96443128653143,2.1150530823772393,0,0
78.13768524116044,97.52481756261365,36.734385925927064,2.4303679645686564,0,0
79.11878119501935,97.43675081774717,36.96942224148788,0.7256251044027676,0,0
74.22084679136275,98.78317848099901,36.8024780152388,2.185017835852134,0,0
52.1355626104131,94.85072090183104,36.4174451755538,0.0,1,1
116.84776931248177,90.01660011873437,37.024011327579956,2.7989717374945693,0,2
59.081880828382495,97.54666625851326,37.001763071008774,1.816832851089938,0,1
50.14885063551925,93.97902421209422,37.988524521474595,2.1921239550833267,0,1
42.511628460186046,91.72379941644442,36.445674971503045,0.0,1,2
83.28393705554957,98.87361029524565,36.624167210912695,1.2111367963497095,0,0
47.99935724257809,96.15139380735347,36.66209122140886,0.0,1,2
78.84038137164075,97.72767099869769,36.65247474694583,1.8705297668036545,0,0
68.78747603757188,97.03180576499452,36.52544175005072,0.9462368285074072,0,0
111.97641592023196,93.26596758586719,37.664135158056766,3.0233270517092747,0,2
83.55015027839458,98.72457786586284,36.846657516311474,1.2788396810310474,0,0
74.710980106512,97.35830989557152,36.67083020234119,1.5066570830493349,0,0
57.21545282319339,97.79427715909507,36.75902787314572,0.11106384633560361,0,1
93.91972153785159,95.96834877128637,36.619779342603124,0.3259522054797365,0,0
51.70273245513973,96.4028145087174,36.08510931778256,0.0,1,1
78.85754303195951,98.98326131942392,36.698807181804234,0.8691751294368695,0,0
51.959817418963745,98.5187866555424,36.55288027342603,0.0,1,1
84.87197695298937,98.32077644473401,36.80088770452196,1.6878675916201418,0,0
100.95639141163063,95.94488954165112,36.56846269729927,3.470239850249161,0,2
114.41817689398815,91.81183332990692,37.71652004316339,1.147572720898402,0,1
78.6905744769735,98.8530697175949,36.82964059372558,1.3266164827754046,0,0
87.03128994401347,98.09378668827472,36.91859016188502,1.5200330068768038,0,0
69.98212370778046,97.00853235748714,36.5636212051256,2.4181240310640213,0,0
77.40433795068118,98.6755050498444,36.781722065589946,2.376516921666102,0,0
67.5743488316587,97.39296817305394,36.921451003550985,1.470213164320895,0,0
58.72729347238281,92.72690481677779,37.60036471039697,0.7524311314669632,0,1
49.271740997842464,95.53598962965143,36.857617118749694,0.0,1,2
38.515979628482874,83.29258991548883,36.236687579899346,0.0,1,2
53.87294307961725,96.33774858424381,36.36426994193565,0.0,1,1
95.83208478347095,92.98304255835052,36.85913457095006,0.0,1,1
64.15644859981828,98.2402480302104,36.63533009232747,0.41099720303181453,0,0
80.20090354308653,98.84191260417748,36.57035854160566,1.0510732437744907,0,0
66.03252700547269,96.58736215323476,36.82770213602858,0.0,1,0
146.7647664247949,86.92316812092857,35.53154799455536,1.8110980680700128,0,2
50.10205524567994,92.49019082068389,37.54276629453437,1.352971262630217,0,1
83.22534073595821,95.78801863429429,36.45373508422473,0.3289682420923807,0,0
112.00612754166468,91.18212780110845,38.03459839887972,0.5563259761210043,0,1
80.63664998387843,96.92910117953207,36.82788303186928,0.29346709231892215,0,0
88.20221496817857,91.80590094311079,36.62696373612064,0.0,1,1
128.94366596937212,82.77185327690887,35.77096280023937,1.6908429779145462,0,2
109.37803462647975,91.163842885508,37.29264125374253,0.9519066991583673,0,1
73.67951006738974,97.77043427170969,36.41804988206243,0.0,1,0
86.65928046736572,98.89252541467842,36.91988820306125,0.8664919994518282,0,0
72.68795811889277,96.87530776947646,37.14351604100886,2.149636996494259,0,0
40.55745137394652,80.82597736495309,38.84286934456194,1.6021919448278465,0,2
93.15798704480876,90.34760153953752,36.55881267962689,0.0,1,1
39.45969219594593,92.76062803462449,36.34786957119909,0.0,1,2
72.24143928397666,97.61207062319926,36.83963369663645,2.084909178742791,0,0
118.3184472630368,84.47959366748398,36.64145076417792,0.0,1,2
85.8344855352638,97.43770989602204,37.04310136100462,2.0629003772443055,0,0
48.677255215944726,97.31103968952496,36.5503840046284,0.0,1,2
50.39362514338833,98.2347620559897,36.31910223217974,0.0,1,1
58.01136633916373,97.5503962809375,36.480594343073626,0.0,1,1
83.61021911101226,97.47218468976064,36.69665391249563,1.168101058024576,0,0
39.30059220236485,92.72904725619263,37.07159039561628,0.0,1,2
38.62232166839431,89.29351087232,36.995309304591714,0.0,1,2
69.61806801234812,98.48555836321718,36.91092644012814,2.3151547185619545,0,0
56.717669338491305,98.66533876638455,36.37538867145581,0.0,1,1
56.02902425120839,94.04893689818144,38.157405150171456,1.0533856880271577,0,1
107.94254337269089,85.85837912309542,36.148996808436344,0.0,1,2
72.44858804452086,97.24509313001133,36.70203051537363,1.3201997232580405,0,0
57.96089391383131,94.73760136800898,36.38431803025507,0.0,1,1
54.808295933732744,96.01997586695263,37.660495707208646,1.3814170801272583,0,1
77.24601526265025,97.69995368889633,36.74520150536739,0.6636968826100009,0,0
87.9098215218506,97.36126059445594,36.902835213147185,3.1614743727040837,0,2
159.16203322083967,84.3903348143482,35.52180683891063,0.9546642238641092,0,2
108.5448486289728,92.50625218828023,37.95162276962897,1.124056023689128,0,1
93.16834144538898,97.46982142522981,37.00840139887205,2.293399789350479,0,0
77.3599683317774,97.86116488315666,37.11744515076511,0.8102171465503196,0,0
68.25495192598106,98.14532225747033,36.810686350531086,1.1875212369284078,0,0
161.9645822024443,79.51312505539758,35.38390477025269,1.2745202443659536,0,2
64.41544708770826,97.42582703705135,36.397896583507155,0.0,1,0
126.34873069161533,93.36070430956696,37.903262468228625,2.1244164867230086,0,2
50.52793422970127,96.4450267468183,36.38417618528355,0.0,1,1
44.044593435324366,96.93630112861543,36.563660498206126,0.0,1,2
72.82643056027834,98.42942124708343,36.79873792726705,1.6000317978785101,0,0
109.97736203951852,93.34017192482278,37.164697760980324,2.689055963998624,0,2
84.59558863898829,90.37170150798225,36.540741418712635,0.0,1,1
85.36929478497447,98.83856055811353,36.78968082266084,1.6178453990566968,0,0
80.14024770179726,97.6689795759575,36.56402566389051,1.4076043712535862,0,0
92.33649958535531,96.57288250500451,36.584590075348316,3.3200834462205857,0,2
52.61093726625569,96.4529585687627,36.46511248129238,0.0,1,1
75.76555586662897,97.32995481484512,36.86410128251973,1.2354420675762179,0,0
94.53883012491889,96.71389031367437,37.05710009929688,0.6554876111671368,0,0
55.32793672547619,96.66761835834228,36.76334927645367,0.0,1,1
55.475868858416845,96.87360101870085,36.41372389962868,0.0,1,1
85.27842690128733,99.3122349106656,36.7926117627065,1.767237801844731,0,0
143.01543560455963,77.51271675823635,35.16253650838263,0.6253317518012697,0,2
50.89474855105545,95.66926103673714,36.390269261454975,0.0,1,1
116.24923065201303,91.32538237635255,36.783611503521634,2.597668607987167,0,2
57.812152723538155,93.50090643749952,37.77977183981498,3.0406971051277623,0,2
77.28489041724134,97.78183311859455,37.38763761343115,1.7666198788567564,0,0
114.66690361252638,82.55063551518015,35.79412894988411,0.0,1,2
67.30871237315506,98.29155791940258,36.90085144889683,0.8842136207968365,0,0
53.10884764045933,95.65177591818279,36.35750520344727,0.0,1,1
60.32656153404784,96.2524998686639,36.1382859550109,0.0,1,0
47.43449928264794,92.50434181339821,37.06426497227599,1.8734215066428337,0,2
67.88965007224222,97.076494890938,36.73975617118936,0.2516273198891665,0,0
50.98321710595257,94.38130423237442,38.00267008151595,2.93451932811286,0,2
74.49126519114947,97.72107332422544,36.72511991040022,0.6664662524627804,0,0
74.70201168033203,98.57576538528272,36.583359663363076,2.1624579484394846,0,0
52.88379522997836,97.4944885444227,36.25223856981829,0.0,1,1
67.59069114919845,99.24471088452337,36.57796807127093,0.6686461106139577,0,0
51.428991700557745,94.03102756099477,36.8634496402562,0.0,1,1
80.59864600038912,98.31304292336581,36.95538437095203,0.6618350056575987,0,0
146.18049466689774,79.34911226946944,38.13323489421148,1.4678853242601744,0,2
64.15536981311178,97.26868228873806,36.99671966462294,1.1655727047250601,0,0
109.50419451180909,91.14572506200159,37.304627505175766,2.45938377591448,0,1
60.778988352126056,95.97049326858792,36.194006210397305,0.0,1,0
78.83185546136805,95.37088766283335,37.12848384918566,0.5540124726441024,0,0
92.43640132465738,97.5895480287062,36.457072589349686,3.356422834510822,0,2
55.609466679810055,93.61162060889546,36.921578301843304,2.5520605315373395,0,2
138.89850254419855,82.84216437993088,38.22076321688119,1.4022509672281234,0,2
119.6496097565323,93.39361166158008,38.01883548189228,1.3065310052364605,0,1
79.58510981925366,98.22076319769171,36.986014491860445,0.43343975065709084,0,0
44.737345899231045,97.52635305584278,36.733437262156876,0.0,1,2
70.65480646786611,98.76874462116724,36.755088991681866,0.3183276362244546,0,0
48.649297063473774,97.71092409407366,36.30774995268712,0.0,1,2
118.0496039287801,94.9952472192042,38.22471468919663,2.1715549939227254,0,1
85.13601310465879,96.82322355216678,37.10961551096617,2.1857819561624856,0,0
73.37571756144902,98.59843682788365,36.851898544206165,1.0023680057689726,0,0
109.16350537391929,91.52220050733408,38.278918722350774,1.5477323835618244,0,1
83.30453175548845,99.63236050936494,36.766123655308284,0.4278134521034175,0,0
72.85530892965856,100.0,36.93396208593403,1.8885469139945745,0,0
132.79484047911566,80.57843729199149,39.76046561657031,0.5317651729873165,0,2
57.418846889147794,92.92831491622442,36.74509811847545,1.9048602422583634,0,1
69.26469567332755,96.99194657090996,36.74991840128639,0.2096217725592477,0,0
38.50503108117276,91.67402471082981,36.07115513334713,0.0,1,2
68.13298621641056,96.84760161486952,36.73428934964194,0.1877578669818602,0,0
114.34999091578423,93.8335730140055,36.99949262847724,2.8917255858258835,0,2
115.42964597360333,90.65361576500521,36.5591382134921,2.27017367720147,0,1
79.38463968259482,96.44621723920852,36.92498789806317,1.142547745305652,0,0
75.72549335400153,98.86969168173961,36.584566634768294,2.474997261565068,0,0
81.30706439077909,98.75833271468514,36.54348866139894,0.7605278162514053,0,0
115.08449715881066,93.07847378452195,36.75809432369659,2.4912151326486045,0,1
71.27979224727343,97.26714845913982,36.57339868684372,0.7322641779700981,0,0
65.55590049933623,96.7372997244721,36.71690990339225,0.5692062164717285,0,0
78.63668110784555,95.78558345319175,37.047793116931096,3.103413103420902,0,2
71.19262453663748,97.45973032204583,37.18933969247311,0.2336965496642179,0,0
135.53959981748446,89.49042456110043,38.86664884416403,1.6549306570829578,0,2
69.58243635677515,98.7769099334165,36.8421311380063,0.6221186320344592,0,0
50.52191263961872,97.49568065718485,36.281866503679495,0.0,1,1
66.45671616586735,98.09716714722491,36.98771916063502,1.0743074952150145,0,0
74.03947930365392,96.69790804440744,36.82874748756417,0.28599045198818124,0,0
72.65741184952495,98.39191190624459,36.79616938191973,1.124310246551583,0,0
55.03471068895992,96.6081325150773,36.048580798074,0.0,1,1
63.70832237163103,94.97031769609254,36.91313234211303,0.7499087112337921,0,0
76.72528106491339,95.8291991839068,36.81241165294108,0.2522783287840909,0,0
81.18597234693927,97.84115312640316,36.78490152571073,1.8999105321280645,0,0
72.71333258742267,98.03152783030048,36.66648342058821,0.9148141774524251,0,0
39.66683127856388,82.85580546867855,38.54785411465336,1.2973994985586412,0,2
71.6049329284004,97.06048942870595,36.664006661013595,2.1319169279033625,0,0
58.0199726430734,96.38390071360358,36.29289456749999,0.0,1,1
94.61404502547211,95.37822567379853,37.13795536810571,3.207840153892023,0,2
44.80972084212961,96.1532935849247,36.782296530867676,0.0,1,2
91.89820613854076,90.85717695204059,36.677701847776994,0.0,1,1
88.24137644176417,99.23567710379979,36.82451103139015,0.9986467776376344,0,0
50.453097897759015,94.5839957382236,38.15313609314602,1.75454420308013,0,1
85.18788098328935,95.02164400039128,36.985636493040836,3.5242683274945144,0,2
83.8817613824728,96.40164292553978,37.06324945943225,0.4826228965319248,0,0
89.56290795343948,97.47189071163976,36.7904805509763,1.3954347691539883,0,0
30.33735514193947,84.66807025791299,36.406245720314175,0.0,1,2
45.1116579796077,97.16635302801635,36.731327249316934,0.0,1,2
75.20468568547358,98.65690705818433,36.68484331413139,1.0599870323427996,0,0
112.19369474069535,91.21660527047206,38.07245177129846,2.1004809433061604,0,1
37.36691045945032,91.1707989039338,36.543066510129606,0.0,1,2
120.53181735531031,82.28778469468713,36.23603339101604,0.0,1,2
93.31629543185045,91.34460932059412,37.25753109961524,0.0,1,1
96.49038221416885,100.0,36.698042430625904,2.339074258135065,0,0
58.75287408618898,98.06618433113746,36.641187053931375,0.295458081572639,0,1
92.3821503246943,98.64663162103315,36.89760254308037,1.656942168340909,0,0
71.31834134848796,99.5190358336359,37.17548960719189,1.3751450485343086,0,0
69.85199237360204,97.60032269814353,37.14181103666471,1.5672881357429758,0,0
69.87610836691142,97.90846814483876,37.22833959947276,2.198653084385785,0,0
125.93824750363547,93.21559924664591,36.99056375544469,0.9562496968998815,0,2
54.32002508393413,92.49194701171712,38.06765940496537,2.347124730905873,0,1
68.37004173191181,96.64366310047325,36.73027798423141,0.56567187577505,0,0
78.48166508996131,97.67618465740439,36.67243684671223,1.223920477492353,0,0
92.68149574718065,97.22325217453113,36.52832454629919,1.3669513217041422,0,0
70.52432408468401,99.06873645712977,36.91930833284089,2.4084289708644024,0,0
89.24891914304285,99.20254602222057,37.04991898664742,0.3031598430553856,0,0
26.336413288332956,85.40500603812671,36.981865017385,0.0,1,2
33.022255809005216,79.56995080472171,39.0250468493871,1.460610967619577,0,2
66.54846990738152,97.73397801405397,37.11370678774186,1.201151027779442,0,0
72.64692965128876,97.0853871878757,36.53233163493561,0.2669468403673953,0,0
51.25171499888035,96.68411285646246,36.016706351159414,0.0,1,1
62.067442797991,95.82545821598862,36.948023464336224,1.0993822707467344,0,0
115.67402769239426,95.87024806734874,38.034169748896794,1.7888761227938774,0,1
89.63179017385627,98.71211477710565,36.86301804669391,0.10261969845509666,0,0
74.84040439661936,97.6980756230276,37.13132274294145,1.0894540539385114,0,0
77.71662682969776,94.96726753570032,36.70742111022879,0.7966159370460655,0,0
86.40520163495394,96.46360827167658,36.91655717080642,1.1324802321823781,0,0
67.08516593412709,98.12324979763652,36.29615019179125,0.0,1,0
52.52078444933417,92.46202406994753,37.551096516835095,2.5945406346745528,0,2
51.36658206817941,98.4029294816556,36.66394955961664,0.0,1,1
67.35391417476602,95.47359991665677,36.700160487309816,0.0,1,0
80.49544554626816,97.46782220606926,37.10025537670234,1.7084144609414436,0,0
59.716723285589474,98.65705381362318,36.28405068258753,0.0,1,1
79.24023683555355,98.3448183424397,36.50106454180648,1.381868412166032,0,0
50.587508870488655,93.64965524716229,37.0329376189972,1.5258428827286774,0,1
78.18331292186605,98.16213611254912,36.836045764832924,1.821211340939843,0,0
67.70690838897457,98.55027450849347,36.778540199139236,1.373525397693895,0,0
55.42763417873884,93.6498995183993,36.83524254112772,3.0565906998114656,0,2
49.82233724850402,93.3590347466161,37.50233901721607,2.9344912196272466,0,2
113.82795402124844,93.86060396953594,36.68712791506319,3.05271648531803,0,2
153.26744303106292,80.6036409044873,38.96127725622323,1.6084618229464125,0,2
87.05906196551952,100.0,36.871206493425426,2.363459362528317,0,0
82.89319089858522,98.49351766422541,36.515584934514834,0.5547879252156466,0,0
53.75745189240235,93.62003464095154,37.449364789079276,0.9283689589003536,0,1
71.88802977337329,97.52186566171018,37.28247533078476,0.21257538491476122,0,0
49.69246631914302,97.099110182698,36.26952914657374,0.0,1,2
83.58843439723393,97.15686420797162,36.59256106044663,1.0698788357107838,0,0
52.51989821943728,96.60030409115517,36.32298658173233,0.0,1,1
82.94063582005018,99.23017274361878,36.878425625097535,1.029178494720245,0,0
102.4378152992194,93.2728138376539,36.66711376099313,1.5008958876596885,0,1
57.09133444141939,92.4618297228133,36.294807743646125,2.9717186952607655,0,2
77.02390690941812,97.04567536145359,36.53504281792015,2.1627178671293574,0,0
87.93381054935466,96.91785549925534,36.82418053970474,3.6168320053151097,0,2
58.448157962245595,95.69490274677827,36.75397766012317,0.0,1,1
84.0085187405661,98.11207955378424,36.946060749327835,2.1745734984204734,0,0
32.71575256379182,86.08573081911922,36.77061446176266,0.0,1,2
47.485532893086734,96.41263180049586,35.99832041644466,0.0,1,2
58.600698731467034,96.4742980460572,36.266469589596774,0.0,1,1
97.50583102851664,91.14055640320674,36.7028948902099,0.0,1,1
75.66119875174024,98.32016708872935,36.777220628255755,1.6859622003036148,0,0
85.2532256763983,97.39848686709709,36.48482229428849,1.6135145131699917,0,0
70.73762584323028,99.08338597624135,36.56586414329926,2.008919617894283,0,0
84.14576343387567,98.30563105125312,36.838500987403734,0.14950391683303446,0,0
81.3152019922324,99.02665386508242,36.789839280423514,0.200645597437285,0,0
43.738014840954676,97.94005466380473,36.33218881562081,0.0,1,2
84.02509602644453,98.03179276262593,37.02245365860702,2.168001420827808,0,0
67.52385132244659,97.66958517318288,36.75063533390468,1.0545566975288494,0,0
82.5429313995971,98.04322157325223,36.98039967564202,0.32434941022390457,0,0
72.50211246273301,97.08722211517241,36.801309593327325,1.0419755229621523,0,0
108.77987611720103,94.29652883533547,38.32923648037267,1.6055648105250726,0,1
56.24576438809545,96.65590268529354,36.44484950979511,0.0,1,1
76.11327583614803,99.54566902867299,36.7924910084152,0.4070995938599269,0,0
89.47054210664965,100.0,36.51060829569084,2.2093658887500887,0,0
120.9931729619693,89.50614009681522,36.82880234133388,1.2491338861974488,0,2
79.47313619207455,99.2588275466785,37.06557198550164,1.5046101429716385,0,0
75.41268618086025,97.58884101992486,36.664180527286106,2.0559216112476304,0,0
75.10141506238743,97.77235870239645,36.66149100876221,0.5539104083816959,0,0
99.2754737379062,95.77654250285346,36.563951710779484,3.432947881911047,0,2
65.11907429260908,97.79140508460573,37.04907066241113,2.1942831284718713,0,0
75.00952380137701,97.29820097356621,36.64855283022235,1.5276780421302443,0,0
79.87761400179427,98.56963029034446,36.850213912195386,0.3712303008327482,0,0
69.55713922679935,97.38313982928824,36.717854222004505,1.5793492594644623,0,0
69.02180723891682,97.63079026167436,36.84335641434272,2.4497665681203347,0,0
68.15637683225118,97.72198871177369,36.925405733183844,1.146018648764829,0,0
49.23697879021075,98.2188887091653,36.53007051545017,0.0,1,2
53.19065754202688,97.2651420944938,36.46969205731396,1.262890600513736,0,1
81.95383295649277,98.65599729030654,36.707433895313926,0.568253933614786,0,0
81.37962220308924,98.96446469251221,36.768362124035555,1.9680694331068826,0,0
105.45324416789035,93.82329652631996,37.60898246448448,2.302783956607473,0,1
79.4320547841311,97.46079523479011,36.85839317249158,1.980352356421146,0,0
34.48745970770943,88.4617408047949,35.745561115730546,1.612928918765874,0,2
63.372642943525314,96.69063760774378,36.14533655467434,0.0,1,0
74.64629073467563,97.75947761647306,37.040800226017126,1.4025336806518116,0,0
72.34404769154833,95.96000775058637,36.7467872688476,1.2461215729532107,0,0
82.84151242714262,98.24726655825107,36.68103593790918,1.2980404586922125,0,0
76.3263857457905,100.0,37.169160264074385,2.431961195035853,0,0
68.1634774829236,96.99821089204895,36.87243686442093,1.7578159748376128,0,0
71.80085947490812,98.13262078478104,36.82034744116798,1.509285111704349,0,0
48.13797219076565,95.9983890456399,36.639893973096285,0.0,1,2
84.23806531447225,97.65255109221947,36.84551405656302,0.9259924642043295,0,0
89.0449518409309,97.14199414897786,36.75934149898382,1.7473896249787964,0,0
56.42417803282783,96.50900356937802,36.34089634243034,0.0,1,1
76.5128205196018,97.65273017248705,36.74210334616243,1.7245252402157856,0,0
65.26465466616632,98.02275803051796,36.82581773150434,0.0,1,0
70.86415221163615,96.96629084404137,36.439175456057676,1.9585881078085703,0,0
42.93653122982863,95.9022474077419,36.23089302848019,0.0,1,2
74.22717287853881,99.53081519304475,36.66673655669107,2.2353654460093724,0,0
126.29635332109595,84.04915428454629,36.650834330220896,0.0,1,2
119.14675213681369,86.98758869573625,35.886686488479874,0.0,1,2
107.20582310168724,90.90080846060441,38.33923800501991,2.8883422573171718,0,2
92.23907157104217,89.23994721984718,36.07580838941029,0.0,1,1
67.24266768656514,95.9435684500638,36.88077761894812,1.6859390630260682,0,0
71.02587449928934,97.70438697658808,36.80075477131104,0.15817022599401476,0,0
77.95392842288457,98.14304853069405,36.89322942609899,1.78217604191069,0,0
85.53376241921357,98.50589419610455,36.98647504832943,0.764775476283725,0,0
77.37536679125957,98.11988796785441,36.98855274503046,0.10347332925039839,0,0
98.28729531195245,98.7818219444386,36.565912848500496,2.0565324501090836,0,0
69.86181942112015,100.0,36.75712221360464,0.34883269689047014,0,0
64.39062043344546,97.10039984878475,36.20634966302867,0.0,1,0
49.037048266856374,96.12094279418075,36.36436319053465,0.0,1,2
74.9584357375619,97.81644092861939,36.620413821323986,0.41100288909943106,0,0
81.04543889678304,97.44839257171813,36.84845163132405,0.6516135899168689,0,0
76.66430559850643,98.22211811490446,36.9796692250151,0.44647494128721843,0,0
86.43952163206427,97.53088919746969,36.599136323123396,1.4655115262207032,0,0
81.20248957997075,98.65845884263902,36.85018863864733,2.490784710920018,0,0
78.92844732368633,96.20254578167088,36.78521352694862,1.5947203323455434,0,0
75.52312123689173,99.74682196234612,36.98332553774456,1.8767883634128608,0,0
56.70707189512987,96.46405442464817,36.48291849040882,0.0,1,1
61.07291401617134,98.28755800516537,37.38409808088412,0.6762301510683701,0,0
77.41352427384142,96.98404023821314,36.97896733762891,1.0202227199533769,0,0
80.54296289870032,98.60911433295506,36.77818716083242,0.2765911315834037,0,0
76.98158454995887,97.92036976627682,36.55332610365797,2.4301889688706355,0,0
75.29275940609477,95.8744379822298,37.10712920700417,2.4395386414001856,0,0
67.25301850922312,97.34517844944682,36.84890175781103,1.606749829768013,0,0
73.91593797374688,98.69900960646791,36.5814743011144,0.7224940804580703,0,0
81.77022329499513,96.73491661735005,36.63041793745822,0.2192048941619423,0,0
40.30964877929775,90.28779897514937,35.44308740122782,0.0,1,2
61.44563978452073,97.65130350407964,36.08655573195461,0.0,1,0
83.97565985218095,97.29539540451502,36.659587287528936,2.134282684549295,0,0
160.02727680799285,82.60663861025098,35.397032179388596,1.854220764071744,0,2
77.18042068725948,97.17795652555795,36.80061854033504,0.22363654225433233,0,0
80.23783923218902,97.03934817098366,36.56055223214007,0.20464812060691032,0,0
41.753401252097326,83.62848874318485,35.55595186506502,0.24412219301034943,0,2
77.81267143221847,97.09467166905733,37.19377177024097,0.7976795527526093,0,0
82.8814729617446,97.68518296035157,36.739391635810584,1.3901555597985136,0,0
71.63556975670778,98.34975122164508,36.83252312471645,2.0094614195667355,0,0
73.99316271017844,96.34306245447927,36.97361093084555,2.4033669386137295,0,0
57.980209673454354,96.05510693564699,36.40517314571356,0.0,1,1
44.93710673500339,95.27685906198816,36.54102277484535,0.0,1,2
68.03463172935297,94.36642935835718,36.34395841762726,0.0,1,1
90.31454084096443,96.58782994341317,36.50318651877808,3.509607603010465,0,2
64.54288975643715,95.943651374468,36.512131319648006,0.0,1,0
62.72664249973383,98.59751030687812,36.75628833233231,2.154015101187807,0,0
50.77089093565566,95.77801708533305,36.27612907972517,0.0,1,1
103.65325599223281,97.93844062032706,36.38123292966091,3.801872224193491,0,2
59.91344983808371,97.19041945661745,36.502257349503125,0.0,1,1
81.59123033201412,100.0,36.99174156899236,0.9534803924933685,0,0
55.921287858543494,94.77685402636638,36.346234490984784,0.0,1,1
56.397788510469525,97.46057580703047,36.34577337630138,0.0,1,1
147.30957451055448,84.41629007316529,38.955689359385445,1.206666647892187,0,2
87.67023734757784,99.38769119423196,37.16853994712706,3.0578477309570853,0,2
55.239943884784644,94.15956920852764,36.02706957788659,0.0,1,1
49.14141850958244,93.0773460998736,37.01476836559032,2.9863262259901684,0,2
51.80874524258638,96.15595241383562,36.567541815532614,0.0,1,1
75.7488325034718,97.0431888743174,36.8655166944355,0.44444719394141496,0,0
74.87294701994644,98.25666597268996,37.08274860095256,2.1636994001686443,0,0
89.15394994318069,97.23231527192434,36.674410783711195,2.3799186114177697,0,0
76.32312101422836,97.25730301259563,37.0426065004434,2.377263160426725,0,0
55.60414443315945,96.69180341140785,36.47631116201353,0.0,1,1
77.68227651116183,98.33803483915446,37.145957477491244,1.063150786585002,0,0
69.40461369069322,98.62120114975183,36.910973448042895,1.8491348776465306,0,0
66.3902974488539,96.96225832565113,36.77690853656216,1.595475616390659,0,0
50.33970626207434,92.83199628152224,37.075441961429775,2.7777842291920303,0,2
54.45447518125722,98.29280629724906,36.53520705259612,0.0,1,1
40.883281180687845,95.48908339348264,36.7335323670193,0.0,1,2
70.69608030983161,97.21129516644322,36.631775726487916,0.1581336122035289,0,0
65.45153519136363,97.16240997237894,36.542325416972346,0.0,1,0
70.14596180535801,95.45523352757766,36.43498939742613,0.0,1,0
63.93637668577477,95.72148025110947,36.7380295550619,1.7196870541687832,0,0
59.3131805172442,94.89744164786225,36.71485045074803,0.0,1,1
81.79201804000013,98.47707208884533,36.79686250804831,2.369304549222327,0,0
79.05759369536098,99.0611455222174,36.79582877768777,1.9592964832373476,0,0
41.32894224460049,90.34177775624981,36.844296855422336,0.0,1,2
81.12661347275977,97.69189865793646,37.25735952449877,1.5979898941789008,0,0
55.07553359947132,98.34657465530724,36.19606004756884,0.0,1,1
29.46613560469688,83.62636925906988,35.941635776466995,0.0,1,2
65.1982552247033,97.06639205391336,36.654896339111616,1.9667919499364892,0,0
28.684297794861273,85.71772139402933,36.28476013416703,0.0,1,2
118.14685905790441,93.8159623977574,38.74901704931922,1.2085609596547588,0,2
66.13044668537161,98.05232997337167,36.86782833724157,0.8460882813219353,0,0
68.07482151926352,99.17726390381323,36.54002511852631,1.2282874385595253,0,0
29.367531467795185,85.7374580256964,37.38075249139831,0.0,1,2
79.93200863684439,96.0149741609303,36.75435649311309,0.11440187601755679,0,0
84.09036358378336,98.54668485609467,36.66708290241028,0.18967758433266663,0,0
63.291974908734616,98.30949486165552,37.068451356572034,0.5938492526904914,0,0
51.85058822278601,97.18593045296853,36.70712940160373,0.0,1,1
66.08314550895582,98.73154508585326,36.78176261142654,0.627305110516124,0,0
120.76036524820914,93.35975540588751,38.184213325214586,0.8672713471695275,0,2
53.705425635248076,91.4587019676539,38.009380308168446,1.2012853922602194,0,1
69.81341323646636,97.82407171965615,36.73594486763374,1.2373954009648516,0,0
46.15452607690921,96.33836735941921,36.41529197565437,0.0,1,2
75.06588702954956,97.13277676311336,36.224793543590714,1.9732928623348007,0,0
110.6288267426711,92.85183875049064,36.93821985001373,1.52625095351371,0,1
42.98535369275991,89.82102289978953,36.39998703247752,0.0,1,2
70.34255568752037,98.51373521966136,36.865594078094446,1.718962362704768,0,0
85.30162448547213,91.60791554857286,36.545474047942264,0.0,1,1
63.958976977255546,99.03286679138671,36.70626789810404,1.872455791771345,0,0
60.715543047712266,96.96539281041075,36.74434164469529,0.0,1,0
79.02683175482183,97.18739345973421,36.82495223826775,2.465842253979552,0,0
49.190440462583524,93.69550106611649,37.79929223874324,1.2124351653077838,0,2
61.072672712298484,98.70388716083468,36.16053365114283,0.0,1,0
59.817699559116974,97.03771785602123,36.25344307642975,0.0,1,1
48.72189978587548,96.36882956410308,36.49376320258627,0.0,1,2
68.33037016685132,99.62096722526623,37.24265558360226,0.23927334852068932,0,0
56.22993488385346,95.3786175820286,36.74379476440181,0.0,1,1
54.13764182915175,97.47672628942858,36.33719929678516,0.0,1,1
76.66190337803903,97.37976092513502,37.03718165108597,1.5475867843285045,0,0
59.36942864383519,96.32941859167782,36.62326695674669,0.0,1,1
93.5906073621498,92.21712992115611,36.14333840852225,0.0,1,1
75.820705089649,97.34785698240941,37.112506482709556,0.771070956221052,0,0
73.18363715702652,96.94276004441643,36.586794366657095,1.5379956960811996,0,0
66.80141627754021,96.30784804268669,36.855605893515786,0.6591927713270861,0,0
51.77210086280608,93.94663705902255,38.28807183110753,1.9990483400685821,0,1
81.52242342473548,98.62170212251482,36.73932374637255,1.114619010001848,0,0
48.25533433062875,93.16407918704581,36.62401731905537,2.622714603975928,0,2
85.20641565646336,97.88208825049054,36.652483511488505,2.0304604272071978,0,0
61.6995760468454,97.37574312710272,36.96152811617709,0.10348075981870518,0,0
67.91732919810849,98.48116206459616,36.80563981514405,1.2042358190918045,0,0
59.47297202546095,95.94488200059249,36.86656826906704,0.0,1,1
53.87497669762736,97.69462229259555,36.41365986041126,0.0,1,1
69.65901735703054,98.65963009436294,36.67153505650011,1.707462030489673,0,0
58.00958948633539,96.3968276700507,36.53985681364139,0.0,1,1
62.994513163210804,95.8904172328031,36.6419337236603,1.5580644692208123,0,0
104.56355520552331,94.70321547867302,36.47764298730256,1.0581853252322495,0,1
77.25574901639008,98.0976689153128,36.75737724918144,0.3921629655262012,0,0
79.893684242604,96.48290180324501,36.634453722060684,1.4979401621298554,0,0
53.542514613476335,97.79263100512135,36.75426925833578,0.0,1,1
68.51406877588855,96.88801838756402,36.66635152544852,0.0,1,0
86.47044179560132,97.38068696901551,36.70026299521272,0.724537650484836,0,0
36.08741310917489,82.0859631122188,35.4247156616976,0.7155371723780262,0,2
123.38751348755059,91.61445771895472,37.4942511602692,1.8566956561382748,0,2
59.51956039754775,96.93348408899111,36.931369904865925,1.668710637561557,0,1
87.94611857510014,97.49031508372371,36.6967587737287,0.2571129311248505,0,0
75.32659720954773,97.87093603807779,37.03211623538093,2.2665206435468783,0,0
63.26497542681297,95.78174461773003,36.33251494309474,0.0,1,0
55.35063216930153,96.60252642226389,36.465426820869084,0.0,1,1
125.59745445803112,93.27550487637085,37.81661449433554,0.6448105607660097,0,2
64.15282253015947,98.36436047435848,36.62138130107524,0.0,1,0
49.1956548799384,94.68378581884136,36.885304579664485,1.1960844308614207,0,2
72.89144602598184,97.78261589045734,36.75161577457354,0.35936630867474495,0,0
60.986477349297,99.52169261213514,36.74519080222285,2.1009974342096394,0,0
57.240221843830355,97.28830612808828,36.722576545284035,2.0005514839883394,0,1
52.98213972729613,97.30815065087266,36.63950881715721,0.0,1,1
52.804718394720894,98.3338190112628,37.05798497018672,2.456996562581051,0,1
45.07998335878969,92.74780362293279,37.77099808264095,2.233543768670902,0,2
77.83418363301402,97.58140345368246,36.23512534223407,1.9838544363629635,0,0
67.15102053125197,98.1431152797061,36.95361893923662,2.2006278583791947,0,0
114.55995592577581,83.38780121333784,35.96774588809892,0.0,1,2
154.0137671642892,75.30731923050553,38.15797196691078,1.1178132242215777,0,2
74.9109132090642,99.7801543515314,36.91498120818301,0.6532842927801218,0,0
80.2436148247132,96.15673096542972,36.72707158917657,0.47601254700035434,0,0
69.60095467589323,95.99187704605838,36.54482935906373,0.2223442323248223,0,0
82.99274722211959,97.79458866534729,37.033478135740225,2.4154810185889835,0,0
69.22716126089394,97.18137004925327,36.87079537701273,1.5495974295890595,0,0
57.67796112501134,90.19915341925324,36.94097285536288,2.1536189108347776,0,1
44.278194606694164,95.42289319429176,36.225046264085506,0.0,1,2
53.463004562525,96.01948255801952,36.13296644199895,0.0,1,1
34.8404715884569,90.23491021160704,36.426285082055664,0.0,1,2
138.92737764626565,80.69917621285082,38.68961890408228,1.614645853974996,0,2
64.35635250518918,98.93168583025071,36.473267141055935,0.8392870598277635,0,0
78.89467128142218,98.15076035811013,36.5907500940238,2.1453635594155056,0,0
62.0218943536091,94.57990223478242,36.17688172870904,0.0,1,0
52.394139504755096,93.85376854485958,37.9324509158536,2.6384577615844464,0,2
78.7469627983638,98.55550490646559,36.56709064437798,2.0596794365612916,0,0
72.09490975886301,96.98186577836232,36.39334017779197,2.0837023745737038,0,0
63.32883527129721,96.62308010786842,36.83118371721022,0.6220128008508012,0,0
75.0722299779083,97.47502140583133,37.03903708048062,1.6791389806365085,0,0
67.46066411289048,98.64938157737761,36.72540829795737,2.0739817036145336,0,0
48.13055045416614,96.4917752061182,36.67961735286084,0.0,1,2
66.06776500504945,99.07148906488412,37.0556812587848,0.8435973388938588,0,0
69.3120184924675,98.33239472236025,36.90727224052707,1.2942056888964864,0,0
76.73095731517373,99.73173300466976,36.85726823754266,2.2260712625815846,0,0
67.29539461828506,97.45830478780805,36.95905593146314,0.752783143024574,0,0
110.40469559007627,93.54708315980118,36.46141845751105,1.8351607026890437,0,1
57.15023186848518,94.70788992814325,36.455514514631695,0.0,1,1
113.62819350122267,90.87292518953593,36.667471321234395,2.5480870181737045,0,2
54.0493801352366,95.28262701078043,36.69516080791511,0.0,1,1
124.4957142624043,93.10175716069571,36.593124123567414,1.8112816641377647,0,2
69.34173258685115,97.24542298218213,37.07674007744588,1.1559049035093094,0,0
59.592555483704274,96.26599428211892,36.362661269742375,0.0,1,1
85.32098866726037,97.18102243159291,36.70901986637897,0.5315573679544571,0,0
117.56531080665614,92.98456274164002,36.63605372871223,2.5773945824562334,0,2
80.82028292469492,100.0,36.93127706016826,1.5624729076582098,0,0
114.55502792268348,92.09941610995612,36.592134540224386,0.8363323789374619,0,1
48.194833461308384,98.50882331292469,36.45408913364782,0.0,1,2
74.13202919018588,98.62416331684948,36.71363653806728,0.9291082553518689,0,0
37.41350975228788,90.09200825782187,36.704257648208014,0.0,1,2
87.04530926487257,90.99959081410174,36.292181450732286,0.0,1,1
79.21172774067622,98.01637148617917,36.98175666595603,1.392488245041817,0,0
122.17417868792332,83.67433192089779,36.07338171871611,0.0,1,2
74.32748814661993,97.5560922575411,36.64458136930617,1.1165857253961293,0,0
49.280059259580725,96.11351621017563,36.77437392897836,0.0,1,2
81.66253056510521,98.45118976957538,36.526173467523655,1.3939785360852388,0,0
64.99743454352783,95.79827451876571,36.90647440225934,1.865162573988916,0,0
95.20935754320868,98.45352747954252,36.71268247091378,3.1326707293373626,0,2
78.51180600387312,96.66488058058876,36.62665395333325,0.9235253284335185,0,0
79.51336339545861,98.44391301029616,36.44038432801142,0.23829611604198836,0,0
29.0624586911672,82.58431762848952,36.76012232294971,0.0,1,2
34.06786805312098,79.80967440121474,35.501237528114856,1.8789864091472521,0,2
52.35070159988893,90.5761801766834,37.500971089641794,3.1026414208558646,0,2
112.89687479748089,82.36787162301647,36.03185786936939,0.0,1,2
83.9931967569375,98.23138511840052,36.772165640796175,1.7777581906510154,0,0
83.7915277957238,90.84745505236287,37.015230009267036,0.0,1,1
52.371310436170496,96.33408620725936,36.2353243235489,0.0,1,1
45.6949021310869,91.58086735942176,36.62140113450852,0.0,1,2
86.74081287650131,91.39083930818941,36.285641698305184,0.0,1,1
73.46633654139268,96.1401321497422,36.96807271991095,1.569062582575209,0,0
113.34422142126999,92.90571678301345,36.62445453293542,1.024080171351192,0,1
48.79116901932773,94.59362699768401,36.20695882828384,0.0,1,2
72.71890990583215,96.82540069444596,37.11147539975285,1.618118667084534,0,0
63.1583430569835,98.11314372553768,36.71307821818913,1.1361849815798228,0,0
76.15722401478833,97.2272858364348,36.65037422427871,0.6268744475574866,0,0
51.57973604549794,93.9671829828939,36.72134254025943,0.0,1,1
43.300384224419275,85.64408445981837,35.57993382268559,1.9570989017530522,0,2
79.10705741524156,97.75063933329015,37.08211607975464,0.17296696258875804,0,0
70.32688098692564,97.63116780182048,36.92512006591159,0.15111961102463073,0,0
78.54272766019923,98.35996424027581,36.906707327860005,0.3892524155009176,0,0
80.19893288422934,97.93713878637759,37.10223774142028,2.3958036657407185,0,0
76.89949860889743,99.83372518821629,36.772416791788096,0.65151149242864,0,0
80.82269588755607,97.79309827240084,37.03621958544101,0.9502055284053736,0,0
59.39715569528103,94.66237951662464,36.6099980415926,0.0,1,1
40.17763892343046,82.5705009990934,38.48222552127689,0.64515738968185,0,2
59.9117421009429,94.07753633206497,36.102601040542474,0.0,1,1
53.111278880286434,97.99527070990428,36.52494816886975,0.0,1,1
85.50952140050039,97.37560476819048,36.72117752499017,1.3026834815946076,0,0
73.70356559105666,99.37101665644839,36.9464034529794,0.2362028372152573,0,0
82.23351777128724,97.01386936381739,36.722697390957215,0.3285233897665798,0,0
58.95305190622889,96.13046713240995,36.228324248752536,0.0,1,1
75.40520388153662,98.14997553562569,36.68590306287178,0.5152954387328224,0,0
72.16533564828094,97.80588377785037,36.825800551602754,1.4062525463219817,0,0
73.68000892522433,99.73296317546853,36.561670292220256,2.321562896639823,0,0
69.06148392996535,95.84923267262849,36.63417998957678,0.3068291858272863,0,0
80.73056128459075,96.85187605356745,37.07400527527524,1.8014822184019768,0,0
72.36893120920742,99.40761738682444,36.883279251748775,1.6193030163417352,0,0
49.46884792043453,97.6260696008715,36.019132372674115,0.0,1,2
117.5494151907183,94.40670181558181,36.91395667010688,2.476567662087221,0,1
78.73672197016788,98.82280483458824,36.94408948865117,0.6971957335981194,0,0
77.49717935774427,99.45701073392543,36.817429318751586,1.173377699748422,0,0
68.16286578365182,95.36778395762725,36.29040355632853,0.0,1,0
79.53714943367174,97.5347712477753,37.08827982206435,0.8757605849628503,0,0
51.312823964958795,97.77335810833856,36.055739952640735,0.0,1,1
66.41473270019992,98.79990706716505,36.948957862446804,1.04216972896758,0,0
68.25404775758749,98.85216368128141,37.02555869143676,0.24136603650874716,0,0
123.09194582555787,93.90535899472215,37.37261942430764,2.582190579519216,0,2
85.93653487171868,97.45055076686269,36.69972325812137,1.716399665964326,0,0
143.93863941627586,83.34955671071239,38.88584448235578,1.166905238803441,0,2
79.97092994907973,98.16251101134417,37.053039777590584,1.4177144740425456,0,0
47.4671919418455,96.85192565053211,35.96717329758181,0.0,1,2
73.83536456832388,97.10470154268748,36.78686541512073,1.0592221370604888,0,0
48.90357370012946,92.15484651661896,36.911420489387226,1.5587602678932815,0,2
62.83588773908356,97.21195875385075,36.73890093714667,1.4886315272309114,0,0
81.75504830698448,98.42418658580408,36.93538922487712,0.8111491322729054,0,0
80.3298492320864,99.56516090123938,37.08005396310262,0.2964745695876295,0,0
91.1356456944211,95.26959491140467,36.5514524233581,2.1639981250763216,0,0
71.796792202098,97.45488485907045,36.641649368565886,1.544434312113352,0,0
95.39570926802718,93.46711169905889,37.035360871258945,3.7725773285562654,0,2
79.65770108969589,95.88132383447726,36.699224911959405,0.7800615927097116,0,0
121.36242526647192,91.02171888046455,37.941050534432314,1.6050363673446972,0,2
63.50831778229033,97.83129148361077,36.66562654760142,2.05986209344258,0,0
121.35323107945337,93.35576107925907,37.66484742233314,0.987193396344116,0,2
50.11869215614399,96.64576773460671,36.254619430320325,0.0,1,1
88.73758331230545,96.47674264323145,36.516028493083006,1.1339672515807455,0,0
66.47432454443872,97.2111984333805,37.081419857832216,0.8934714624669605,0,0
49.757478812607445,91.70655828847643,36.75312679565611,1.7105452890103254,0,2
51.60394162887986,96.14488695174948,36.08483897100283,0.0,1,1
95.7828788033803,90.23192964453563,36.004927296565604,0.0,1,1
79.73864903716519,97.26059588556095,36.465083993633904,0.5251629268144786,0,0
36.73198189115142,82.98910095728897,35.76407878233323,0.0,1,2
81.21546720824023,100.0,36.84295454369837,1.4029479552558917,0,0
75.28016030929078,94.85263373155978,37.09090577379548,2.231164717712,0,0
41.137803470186384,97.31767253613214,36.78902237170277,0.0,1,2
52.58234158834297,96.58007174748181,36.18283077112976,0.0,1,1
74.15475064905561,97.45334742608829,37.074729514340184,2.0227328999170355,0,0
69.12076053458016,96.95817819680977,37.03685691940651,1.1854264241805774,0,0
79.49332680129999,95.22914510496688,36.724894348039584,0.33550383180853693,0,0
85.65194094777,98.21305403178613,37.293170235766766,1.7820507467419957,0,0
41.60235643581567,92.22498140805588,36.30278594358357,0.0,1,2
37.06006607182375,82.43276537640538,35.097637056439886,1.8743957799774422,0,2
73.67702524787254,98.57119190532974,37.08267458493704,0.3105631945141404,0,0
78.56369297209265,96.72645655647611,36.76534427034131,2.4417053590813795,0,0
75.93599961378975,96.96548514442786,36.65460140147631,0.48115815081656277,0,0
101.99808983629104,95.61841813934551,36.40274088177765,3.9292742242993173,0,2
53.952510510657646,91.521550479887,37.148862250484655,3.12198010877073,0,2
54.84144687179762,96.19173201929013,36.30004566723135,0.0,1,1
48.805320461343356,93.75826803710414,36.4566834504628,0.0,1,2
91.07975769932253,97.96685938989268,36.65350922480573,2.182192073905683,0,0
49.32034053873072,96.13840176631594,36.76918843246223,0.0,1,2
50.67026685262381,98.01036000860381,36.40211994435912,0.0,1,1
46.10892699351223,96.68902099679936,36.7069969523964,0.0,1,2
65.10376254399199,96.20992225987558,36.9377823643594,1.7067624659393732,0,0
82.45800161712096,99.10705390780342,37.019410684495014,0.16582904503947055,0,0
89.25313925149302,98.61548933229967,36.83354480992759,2.2756006636321766,0,0
72.21860881648055,97.68056211736292,37.12589236973301,1.9959345072774675,0,0
74.41726980985072,97.5666778739635,36.6410389309028,2.3370447039384747,0,0
85.06548331258006,96.97249132747568,36.88076347876957,1.031484857728901,0,0
77.83063487343175,98.5804667886468,36.788101006703904,1.9463934131791234,0,0
39.03844682900209,92.3957074818675,36.28178051281334,0.0,1,2
56.42338097982051,92.6049545240053,36.538356160420726,2.8563381714983707,0,2
80.5587070051597,98.42124039213233,36.80609696093486,1.7811640241195514,0,0
39.05198568658272,96.8094228595019,36.49337066257428,0.0,1,2
53.47587660297595,97.21911539048095,36.33518100640531,0.0,1,1
64.38408410927087,95.92083515463872,36.219808438362875,0.0,1,0
52.52766607143654,97.3863296793121,36.629590778733466,0.0,1,1
97.57738828932371,95.83802479988209,36.842054009300476,3.7693164705378273,0,2
60.57586952324563,96.44701028625047,36.01883648587718,0.0,1,0
74.20592966848412,98.46925256412617,36.78664583645785,2.414446951936398,0,0
54.15755014284786,93.2354908547262,37.58494876658214,1.3035767055376302,0,1
96.10914774567122,98.99088593286652,36.800270660493126,1.8132214721195836,0,0
69.37273514208985,98.24066255681204,37.10013216989201,2.099745299852298,0,0
65.6605666991991,97.38639928567473,36.87534336957387,0.16086826518574765,0,0
81.53009992807044,97.04676752333538,36.71184166079762,1.61273074614447,0,0
56.2507433023142,93.81602581613514,37.0277831369225,0.0,1,1
144.80068438342755,85.22592260849557,35.34362209220506,0.6232043758311748,0,2
106.44898563172947,92.84833313566024,36.61167644688326,2.402966331070324,0,1
58.03560583492451,96.1894389636693,36.490313070840884,0.0,1,1
108.7165943664861,97.6063234382572,36.564751177342,2.736198480613559,0,2
108.46465304876043,92.98945257345267,37.91586673118165,0.6195925212892286,0,1
114.29925945260212,93.17756265675932,37.592344089842335,2.28084964305391,0,1
70.38033174140891,95.50531211836552,36.867854942300895,0.18941730565071913,0,0
122.91223809828982,92.89867585637336,37.67154230005277,0.8416495852308106,0,2
44.631056082384674,95.60754440265607,36.257728667379915,0.0,1,2
60.91070925783696,98.41052839420932,36.83252689398003,1.3425199991260515,0,0
81.47267183020892,97.03232984569519,36.79432669911408,1.1111732761298667,0,0
48.10489979557801,95.8722992039664,36.2176097304631,0.0,1,2
100.15749779638062,90.6010038557777,36.71347769469538,0.0,1,1
76.65524330083258,100.0,36.42979789981632,2.0404955600727357,0,0
77.70065370198215,97.86630707912943,36.503285550360154,1.7591824648307117,0,0
87.7377851977043,97.77844613924903,36.73585408737999,1.8829686469177584,0,0
73.91753778303355,99.28194287919213,36.7705804031791,1.4001016596974056,0,0
69.1419361443367,98.56812211921476,36.56989300586014,1.005100239655005,0,0
81.66750559531428,98.55748231445023,37.01463296351959,1.1791797386625817,0,0
85.11680993882723,90.31537020282245,36.52138943344757,0.0,1,1
83.68548984553317,95.81136677041779,36.5420424626678,1.7019978870975658,0,0
156.99212541597564,86.65679639482015,36.19537987889297,0.7655758049046512,0,2
80.85333210791904,100.0,36.59694914533074,0.8565015820473312,0,0
77.36357640330372,97.32004323091498,36.627968244147716,1.7872155588047487,0,0
77.27229011785388,96.9582659310059,36.71144181241443,1.202107068725869,0,0
70.95601188602598,98.37482648446186,36.8980514888857,2.4867135277504033,0,0
54.51069522946133,94.94334615300048,36.440033724245716,0.0,1,1
71.3309953163628,98.39307111322809,36.68219366992026,0.1894449346324957,0,0
111.32961978148873,93.2733047055106,37.56210042999557,1.8801693915378839,0,1
101.75618842342571,98.29879963591391,36.392280050933365,3.3455541012807877,0,2
86.70703923011166,99.28037074998566,36.72787042850164,1.9738306305961673,0,0
73.75826070148605,98.36078486912743,36.79277678489621,0.8163112881891443,0,0
69.62675512161609,96.69481744174037,36.92567567607824,0.9566837668338072,0,0
122.08190703506575,91.5023872933276,36.50981364318396,0.5006622843823813,0,2
53.54535858732742,92.4340289056378,36.84402196475873,2.7167558124333397,0,2
57.277253808112995,94.93033164391888,36.826616839282536,0.0,1,1
61.933283577209295,98.01582694762163,36.76064790536134,0.0,1,0
58.62096520638459,94.88683519253087,36.106903408553656,0.0,1,1
59.46038940186926,94.47437378648375,36.460115686200425,0.0,1,1
74.79093937520808,98.64345989630861,36.72718025602301,0.2867202719730371,0,0
55.610474750333914,95.72948267781442,36.69827378895415,0.0,1,1
70.38162229447012,98.32628586868198,36.715657629631295,0.8954513656350718,0,0
45.71295723232803,95.21453813238715,35.99432335731403,0.0,1,2
93.82848510828349,91.18604771215121,37.17493629630491,0.0,1,1
60.4829599368733,96.8112949528853,36.763158833369175,0.0,1,0
58.55452604432384,97.34456885870189,36.28189696397291,0.0,1,1
79.9102917902592,97.87477557858348,36.42198585190693,0.4213050019923035,0,0
71.38922990612998,97.02126735074029,36.95358179347432,0.15497407983324124,0,0
79.57343702440538,98.83469834247803,36.980129719502685,2.053553615614717,0,0
74.48365481899994,98.00470252423791,36.68515627595862,2.0140894253965036,0,0
72.85431813773982,98.17621949712225,36.589452257065744,0.28499686326561857,0,0
80.53159240339481,99.59295105621541,36.66798479331132,2.046324636328095,0,0
50.69644862451969,95.97402526827263,36.860462733153824,0.0,1,1
76.50124915948638,98.24896755557022,36.74851389517783,0.8904097886725616,0,0
48.930578345773654,95.83066956497748,36.11625645877518,0.0,1,2
44.94523782308346,91.75546171387096,36.99175832585605,0.0,1,2
60.84471080940219,96.39033973120412,36.46917803117361,0.0,1,0
39.70906000031659,90.95449132662974,36.37690107049512,0.0,1,2
116.69001141905665,93.47054149866503,38.20837776418855,2.8163827808430977,0,2
45.88602902045679,95.20713324332128,36.676827633484834,0.0,1,2
54.63478258041365,96.59864520357645,35.91449693836682,0.0,1,2
77.96894183560323,98.1962679165655,36.84457279924206,0.5432650641815827,0,0
80.12724984251223,100.0,36.73974706308515,2.323502649607057,0,0
64.57653575316544,95.84656625967837,36.150296182952616,0.0,1,0
66.06277319366711,98.85682960919871,36.86275607463222,0.2599858318668855,0,0
70.23133826629919,98.1108307240139,36.22450759331597,0.6184965387365913,0,0
71.54354829686974,97.9857107904159,36.506042101472964,1.7102992817687148,0,0
51.69741723076292,92.47233796874686,36.841559956551535,0.6412285044761513,0,1
82.5853680844684,97.91967904986595,36.758995306645716,0.25241312627599655,0,0
48.575910344839706,93.64354373102384,36.16911016982962,0.0,1,2
100.84233039000515,90.78178053617553,38.05711492515164,2.1572571894136185,0,1
79.68191154582334,99.49561253327808,36.74911265446286,1.2784806876803236,0,0
86.91895499084058,97.26073528877264,36.53643781260197,1.599618985628099,0,0
92.24762893879318,96.50502602590392,36.81193237873939,0.23539449438421914,0,0
44.114151271662294,95.98788460539372,36.477848839353,0.0,1,2
79.61735501246604,98.14955765418419,36.696371095857124,1.3397471835645554,0,0
78.72698197769432,98.69570129985124,36.69872376401402,1.2139340856981609,0,0
68.71942594904831,97.045345033111,36.86157055488473,1.4449030381169803,0,0
82.47248976771957,99.04858747921651,36.947075110990895,1.4305232939956238,0,0
117.25018988551865,85.35838428384835,35.74593594812567,0.0,1,2
53.13496511035001,95.60224463582259,36.58715425801236,0.0,1,1
92.04614635607709,99.0630280698169,36.83761991323055,1.9871171585855254,0,0
80.06010297665863,97.28119995762863,36.946453523985646,0.6037064120050941,0,0
30.0,81.20217656520457,35.46312931121324,0.9651986384844137,0,2
67.76226027626284,98.21874191445474,36.82466487952571,1.6652059050202166,0,0
111.20533484761613,93.22393779128828,37.256667431478256,2.6567884036368548,0,2
87.2337292934011,97.48292066524091,36.587534063685034,1.695954460571274,0,0
82.37742678726669,97.20805243743233,36.265980004193324,1.3951545292728758,0,0
84.79739847515373,96.35458575302377,36.80281536426628,2.2689806783423863,0,0
92.83902290123126,91.08398157749475,36.622091667882074,0.0,1,1
50.29334848755252,96.3815936799355,36.61035810419318,0.0,1,1
118.31215141894596,92.83312182181886,37.2475773112305,2.590250589685564,0,2
62.87505606372661,98.63987587009342,36.25929891717553,0.0,1,0
77.10312124462699,97.50321556225882,36.73952894973747,1.5703741485480953,0,0
92.01978818007638,98.34873089114117,36.986262624772024,3.9348241306990603,0,2
53.930685924592865,97.05223659801814,36.64735316424569,0.0,1,1
58.190192403939164,96.5216881681084,36.39938303767195,0.0,1,1
45.96271077456095,96.00797283000273,36.38545982587423,0.0,1,2
68.2566534398076,96.18764236907462,36.77069634419769,1.2910663817377652,0,0
80.94886838088227,98.08114325269156,36.60208391925417,2.4985854108559287,0,0
63.53285086928853,96.03714155715392,36.37468507788587,0.0,1,0
74.70984399521618,97.89657718195083,36.6986973207807,0.9308342209832848,0,0
78.69260627212633,97.28349540562047,36.466895789855954,0.5117798650315264,0,0
85.96530033951231,97.09536380404036,37.00928239343593,0.16206492049263305,0,0
74.59657241188242,97.38162972393029,36.950135030900384,0.29334591857194897,0,0
113.99309869393142,93.0710081586726,38.38100181975068,3.0547558887300648,0,2
83.7174196669124,98.04951314937873,36.820709028165375,2.078295701258685,0,0
113.96306738631924,85.9236776648548,35.772668731551775,0.0,1,2
116.73860286613922,92.03169349702826,36.91241443343624,3.0328302006936156,0,2
37.83323747069622,84.67781300824247,39.26702392418121,0.35128182509649974,0,2
77.87656015949227,98.40108273810776,37.00244918153058,1.2720867686916424,0,0
70.81242677302463,97.47025684113012,36.95716928263123,1.777262153271746,0,0
86.82889687637413,97.80030496426228,36.812147225116256,2.298461246444675,0,0
84.32453498769847,96.66413937058321,36.58926877968724,3.494294207123338,0,2
90.6393663768523,90.94306328865194,36.18867144412918,0.0,1,1
33.80348508044859,81.34570156281079,38.18775188514143,1.1297330961095922,0,2
56.6127965552485,95.61898020385178,36.52830433689291,0.0,1,1
107.5901370177873,94.86367172405053,38.14439293777223,2.1715981817403307,0,1
115.26288515699056,91.70770442712463,37.99407252469422,0.5897488774638473,0,1
74.53597696300876,97.10672387607684,36.72447900938841,2.095935102387144,0,0
84.4893018589908,96.19931689098401,36.81159493932313,2.3131746228259655,0,0
60.800229888379604,98.3075550978646,36.01297790257688,0.0,1,0
73.18813091071064,97.64459359069416,36.87137466266358,1.029049980085295,0,0
74.68877671979864,98.22553679269602,36.963795571586914,1.3638362324003517,0,0
53.845215979167435,96.49345205382423,36.07039134220884,0.0,1,1
96.28620069272094,89.14733967602764,36.63460847283997,0.0,1,1
52.11647982453261,96.63479848206464,36.777785290003166,0.0,1,1
60.400950061259465,98.2501158409152,37.31743964856775,0.3146757962196299,0,0
63.162076930303584,98.02899833671195,36.558972599933234,0.0,1,0
83.87489975665622,96.47050642780708,36.8809495010631,0.24166410596901516,0,0
69.37685706107352,98.23535812704814,36.91006073480182,1.647425716545011,0,0
53.20791849345404,93.01951444162694,36.49512818596056,2.936513746163436,0,2
89.56487888103392,97.4743403194064,36.65949167408967,2.082108825900292,0,0
79.78406363973924,97.25788421331711,37.52227001256313,0.9690692343540959,0,1
122.19144202519752,92.66400831743061,36.68478990784788,2.2754710943689878,0,2
56.91517866785272,95.57562375453092,36.127199105396194,0.0,1,1
56.31369098010529,93.42840531035948,37.422762447695185,2.425246869270976,0,1
80.87768604509368,97.05852182025393,36.77872840051404,0.1983898284112816,0,0
76.6797764927551,99.03060177926541,36.90568082691806,1.4105499919130986,0,0
55.817869522972664,98.20052850907412,36.48820664944852,0.0,1,1
129.50975092318583,92.27915503763917,36.72378744936779,1.611798684518365,0,2
73.45277140756725,98.52727937593716,36.79678522276758,1.3220712475313432,0,0
54.567614736996916,98.08292123293519,36.43889377818964,0.0,1,1
46.93924931235492,95.02621555468221,35.98488216754915,0.0,1,2
112.67546439928242,90.97247181559408,36.478856564375874,1.0818323016106177,0,1
89.87106510702887,99.07737403851321,36.41804046606821,0.6104234307877031,0,0
50.18837514961771,96.342087101404,36.5066579464942,0.0,1,1
113.8916445281231,93.64660644424451,38.52286405080725,2.443064270960395,0,2
73.5760610090174,97.3079070363678,36.80484835450311,0.8303120837399816,0,0
66.33866132807988,98.78436112468016,36.65526142669819,0.0,1,0
83.9001044038757,97.24695499228307,36.86008321991025,1.8511557002109258,0,0
90.51940728069209,97.2027346267265,37.011621123599205,1.0146583286682807,0,0
78.83872124456238,100.0,36.87157088022093,1.1082472753737915,0,0
126.03003101577534,92.4493732701741,37.76675825881416,2.889204947863172,0,2
115.15422929216744,92.76949771698834,36.890376048302976,2.7112360586448196,0,2
60.915110674009036,94.80449888070216,36.46370480458675,0.0,1,0
89.72860757118814,96.40810726990463,36.70442123319664,0.1463530119090101,0,0
80.28562523659402,98.06020378937642,36.82315484921111,1.7692749964283976,0,0
68.93106473860261,99.49360670703658,36.909992065017605,2.1105261835249043,0,0
69.26273832498384,98.85306223975569,36.680676140240756,0.9612945563817429,0,0
51.71488247556172,97.59792586985229,36.073917062772004,0.0,1,1
74.43366639087955,97.4072400779158,36.436903617336135,1.1031712580532964,0,0
119.17576753182163,92.16064833295314,37.746932187415176,3.089408584407567,0,2
89.79534688487925,97.99977622183509,36.8390859832053,0.9950822095379248,0,0
77.43454800927843,96.99200483088512,37.00257811480747,0.3810257947359954,0,0
71.62260316684986,97.66234312152731,37.140421586820324,1.3329883467531078,0,0
54.09281568581727,98.60610032691385,36.274293820266095,0.0,1,1
54.00721794145611,95.82460502076697,35.98581538646387,0.0,1,2
118.80200764749135,92.55728089083117,36.696696213224875,0.6400654861918775,0,1
71.14138471665842,97.20725627058805,36.98834977107287,1.818079859354221,0,0
58.169564563986626,96.1332198858931,36.10314846128658,0.0,1,1
46.86774469404913,96.0459469103273,36.407810280744485,0.0,1,2
80.08918168315158,94.50191110688448,36.554462698005786,3.8542878496562594,0,2
109.4361987104488,91.58220689331453,37.512661291311225,3.0199128302350253,0,2
79.56383339750022,97.75018166909399,36.715071334216816,1.8282666852996796,0,0
57.47332416139268,97.20369081196388,36.16914609375241,0.0,1,1
55.45488860594395,96.20853324460873,36.15585688029642,0.0,1,1
78.96306110404026,96.73850235879381,36.85048575144315,2.1465361068034157,0,0
94.43027447373994,98.3390941042551,36.4812174946632,2.0423617015013376,0,0
50.64397538052399,95.75130295778611,36.19449936997127,0.0,1,1
42.04594350796794,92.09176349091665,36.757260771914154,0.0,1,2
43.275098558026954,97.69753323612716,36.4456782886985,0.0,1,2
38.662361991319514,90.6320618730597,36.66073884552578,0.0,1,2
77.47818854629004,97.716089101216,36.79395745464314,2.087139798587291,0,0
67.13557338536447,99.5758468947912,36.564723629096896,1.9492781128915495,0,0
70.76623790937794,96.39650098300152,36.58145962735058,0.10298290875682961,0,0
78.22274247577478,100.0,37.04925255619973,1.309355690566832,0,0
74.01522360294551,98.16229680364656,36.72346097178344,1.4829958002908505,0,0
49.34643283663623,98.74693839297046,36.77918619938345,0.0,1,2
81.2633010527421,99.36319815325703,36.873777100310036,1.292229158747449,0,0
56.76139680336738,95.75762284328725,36.480647733565775,0.0,1,1
78.37719932713662,98.31702764482475,36.971710294020674,0.3097045981762978,0,0
38.322506955564116,89.60199770476268,36.260968333783,0.0,1,2
66.6000188056533,99.3622442106383,36.768487608889245,2.1693936861396153,0,0
109.44136660326531,94.20773278788394,38.29778719952117,2.6643993677497644,0,2
86.75284555003564,97.97766099646898,36.76547935047663,1.605406691244882,0,0
50.675858474429816,92.74835313405742,37.8270275791429,1.7407371371701812,0,1
91.67670590910318,92.28665514054785,36.26425144970807,0.0,1,1
63.09683863156974,95.35223942751247,36.51247722220781,0.0,1,0
69.3642581233577,98.26612161924986,36.6448810475021,1.808440534903135,0,0
92.19779536652807,97.53796745301368,36.83822457195032,1.767418040114495,0,0
78.01750926633947,98.2868276281111,36.90281193617458,1.5747014223360711,0,0
72.19725965968895,95.1403759120572,36.34486063381443,2.476235486118524,0,0
40.975230229555805,91.00082133677947,36.60875512741663,0.0,1,2
46.031517264282435,96.86604949734044,36.54106880266226,0.0,1,2
116.05501909926684,92.5207638104193,37.83407532073343,0.7500869591301065,0,1
61.03297192183827,97.5008330824716,36.35654662177707,0.0,1,0
72.17306626729649,97.52381621323883,36.64107194512194,0.8183682619341667,0,0
54.285599296569295,97.71276407291532,36.242476531612645,0.0,1,1
117.63435196522224,92.9516021476826,37.88895575001727,1.9915082061319205,0,1
124.01680991779095,80.20602537900196,36.654366371706395,0.0,1,2
57.60407329773247,98.7276986213916,36.59007982893986,0.0,1,1
118.7574655963799,91.8063392711569,36.8602345885775,1.0833936782181068,0,1
54.65832511216964,97.27226891242779,36.35457928474795,0.0,1,1
65.13894044040875,97.67321074833406,37.03075370781771,0.829694708537354,0,0
52.20595437122285,93.07593242389216,37.863117089433,0.9733846888488986,0,1
69.59327267069769,99.36458124105741,36.615088956106135,1.2924732537873758,0,0
60.60597248035599,96.85351114513205,35.874754697375096,0.0,1,2
58.85298810992938,95.68744650701855,36.56975401901096,0.0,1,1
44.80904450987072,94.84853453551482,36.31197375146389,0.0,1,2
53.278060495239515,96.4470370685982,36.392767739908805,0.0,1,1
72.21703470397323,96.07316385197984,37.119914024414115,1.6706076052953345,0,0
121.41358040464571,85.55072100444117,35.562893402409,0.0,1,2
135.8260801473672,81.01563767014768,39.294894895367705,1.1335423080156406,0,2
74.64406423354237,99.08480369987124,36.68550303869097,1.4808836852267007,0,0
83.63614889541165,98.81946992502948,36.734673319612476,0.618371664245812,0,0
37.43016206934997,91.88523661364998,36.99292714976221,0.0,1,2
61.08115681054591,93.54863032254623,36.23974786411537,0.0,1,1
87.22193525799787,94.3113588901199,37.167884124025306,3.815977338399078,0,2
161.32245258898865,82.1120854883414,35.299882382798295,1.809008713861857,0,2
43.26962174367096,97.60060080288604,36.388953850705825,0.0,1,2
108.17793777620093,91.37425377919534,36.74339567889221,2.383217752814485,0,1
54.94566241826211,98.05783269403594,36.80452669576192,0.0,1,1
50.86949006840073,98.44368689886117,36.64400264109844,0.0,1,1
85.52686487737019,96.92879102096698,36.679697697046024,0.5007672470619815,0,0
105.1809479523689,92.80391945910253,36.61356778902692,2.1281562903752294,0,1
43.65150140468993,90.00591700550143,36.9552469437967,0.0,1,2
45.918074953226096,96.80293826594439,36.4122077812021,0.0,1,2
68.53262986631786,96.87738816453319,36.976204036811126,2.1202249797119004,0,0
32.45834710130071,87.20380156953975,36.118484972233304,0.0,1,2
71.96351574211111,96.41115663177052,36.97504299503267,1.6677909168542222,0,0
73.5671990894468,98.0229014537554,36.70505909819904,0.6005656679894279,0,0
40.588651334008546,91.15342119550392,36.2401137145078,0.0,1,2
57.34497530919623,94.78071199108295,36.15473030440177,0.0,1,1
73.21762111716495,99.25567485745836,36.65973437997236,0.34661306156941407,0,0
42.89043908002583,94.86267132937849,36.28787739228339,0.0,1,2
83.18637496964838,97.89101846347162,36.92536861223641,1.053152566047679,0,0
77.52130555580408,98.25332049975152,36.635540377552125,2.1281169108818334,0,0
126.04340425082866,91.3619346683155,38.581539858532494,2.680583265054853,0,2
42.35621023157765,96.65370306585196,36.324171131418716,0.0,1,2
123.83958883667904,78.89619384172597,39.13572072237767,0.19533092692526532,0,2
61.23048500434342,96.06565066601118,36.909075117355734,0.410249507007709,0,0
138.96181841779216,77.72535199038637,35.37768836913094,1.0227924193671234,0,2
56.8136230777271,95.86299631314238,36.26532682963297,0.0,1,1
72.87178945787556,97.16705880325111,36.97325287232554,0.7634358680819386,0,0
41.451940485898575,91.12415860384722,36.34743799472488,0.0,1,2
140.76058700439216,85.79533179657538,39.08513703162791,0.45659320520985724,0,2
83.00225141308141,97.60708462890861,36.71775863788584,1.9734989083928847,0,0
65.42305646845008,100.0,36.877289236703604,0.3308792651255119,0,0
43.7268585175411,96.7123510996878,36.987584780038574,0.0,1,2
62.624873377941476,96.10492180021163,36.66293792498984,0.0,1,0
82.10008464611198,97.22065943042418,36.65965453068082,0.3850211287018013,0,0
73.41394437561114,97.81387207217597,36.68834448075839,0.6129781971743684,0,0
74.28753783494386,96.70370441031375,36.671710136300426,1.0569983422025406,0,0
77.14719074426824,98.36896438483633,36.51736443162684,1.5125007658369776,0,0
72.04378332438176,97.01279031221493,36.840387980667096,1.2065576541030791,0,0
64.42030194378272,97.66595123349781,36.8188854448707,2.439752053013541,0,0
71.08207507105692,99.07394672947494,36.50097206830322,2.483576891741285,0,0
80.61737865041901,96.90583951854242,37.46279850633922,3.4147222836288593,0,2
142.04270129129196,80.90043032102673,35.24150088898818,0.7375414460619876,0,2
52.04396896816795,95.36208780967034,36.556745416199206,0.0,1,1
70.11828497277973,95.95259993914442,36.754681776294554,1.7714590506576877,0,0
119.69105987946143,91.66702965149335,37.64102669501957,2.174370331893855,0,1
56.5307385287407,96.87590151176204,36.197213996312385,0.0,1,1
71.0577870710899,96.60804351335493,36.62022836557847,2.39826275950805,0,0
75.86095413662687,98.71150898688519,36.46581911316312,0.7651428197909758,0,0
47.30243084603686,93.37746335502887,37.54150108436643,1.4116704256154937,0,2
73.29609659771295,97.30624660813844,36.99514778895509,0.6606166198104735,0,0
50.85790772315013,92.91311382321852,37.11635274059229,1.522511353619368,0,1
125.20607446322035,93.2353311505582,38.60884947301751,2.137552330127356,0,2
54.557736915219245,96.84963573918053,36.533033001959,0.0,1,1
77.18053835643916,96.92621711289168,36.724587836563586,2.1052243709969427,0,0
113.51417347105408,92.7502427009466,37.18805085869638,1.3240596090739762,0,1
76.50810609024367,97.85994288939716,36.74790229343733,1.1155444512315469,0,0
149.35624879507185,82.23767386520493,39.06499053565926,1.3426627132649909,0,2
74.71217834508182,98.30461320231966,36.710250980626014,0.5900777502226626,0,0
52.434158780898485,96.03742296820378,36.42972876659364,0.0,1,1
80.2265876521685,94.50443882003269,37.031352396492856,0.24851250699087793,0,0
67.9426021143388,96.85088237172,36.664012811048316,0.9475193803441897,0,0
66.98293933054525,98.12339385506569,36.81001802971416,2.4788752247660564,0,0
80.44685161241485,97.73363016078994,36.53866413387104,1.7545136040076008,0,0
57.966645540961636,95.10089599645164,36.228130843399114,0.0,1,1
71.9217318666317,97.5485632475265,36.8229362318513,2.483009321281449,0,0
69.23581286731698,97.66026311782623,36.618634933979614,1.451995009217909,0,0
70.69756822688574,96.06690838484414,36.912101246028314,0.2006909710975095,0,0
53.495093394359756,97.04337367196608,36.50459112329434,0.0,1,1
73.33597622410953,96.07744517211971,36.64069488496793,0.7988273553973964,0,0
72.30641027529933,97.34499125427885,37.017363606013774,0.9349636973148201,0,0
62.675054664089146,97.381876331046,36.6173492937697,0.0,1,0
44.537298119527634,95.54256731736592,36.52872352701648,0.0,1,2
83.57549745564165,97.6202016474947,36.89634820651752,0.34786644467460115,0,0
76.60720818307495,99.61214058730776,36.50732127429895,2.048715060898188,0,0
117.8071070159201,93.1769628426995,38.517705798658376,1.5179536130114466,0,2
75.47858586462198,96.49535400138554,36.87436336219894,1.1982379139292858,0,0
115.5153756738969,92.54543463109914,37.278295363451974,0.7338746183258217,0,1
63.63236177661567,97.62166161250528,36.8503570491351,1.122589580474292,0,0
162.60043765134856,83.19550502324961,35.42287646075985,0.43425356572753593,0,2
88.60900765928524,98.9852276940859,37.122822903218854,0.26925292909265786,0,0
83.95697935419996,97.03615133726603,36.55292734492534,1.2213577175434756,0,0
52.89822332773599,97.48490613303639,36.37686632653453,0.0,1,1
69.82898218928312,98.12098596927142,37.0918659303203,0.639560657414717,0,0
70.78189453004997,99.82286611836679,36.853707186048915,0.3720809589627603,0,0
89.67397968275935,95.55401518236813,36.79353136463339,3.9317606792958286,0,2
54.16072791636573,97.08639384471257,36.26921406338962,0.0,1,1
69.83170948687182,95.92955242702367,36.7977415554468,1.3385468132472684,0,0
81.81925707995354,98.75979846207342,36.7426603106948,1.4018803818430023,0,0
74.24198651313908,97.85588927954,36.628763109191006,0.8843060442587091,0,0
115.0842024032911,92.16050076420322,36.79562537249106,1.8052977157193477,0,1
91.51153704508572,97.3664528279246,36.76377264740146,0.5014833743041894,0,0
118.819590265052,93.68969631495061,36.54231997329149,0.9002284310375828,0,1
77.61572914093873,98.68599997477483,36.39251726932927,1.2963468261708755,0,0
49.8672897293866,97.2412738905212,36.556538428455795,0.0,1,2
165.4611419766843,80.28875384626804,39.00996084523289,1.4943867080707611,0,2
65.4673169127758,97.73679546554776,36.67362707903706,2.069149795988583,0,0
60.066639689517324,95.99472470050279,36.37083768827773,0.0,1,0
67.17552588695189,100.0,36.70213352490756,1.6463316177259368,0,0
93.06611745249484,98.29972627298464,36.96754924511103,0.8919415082264602,0,0
119.51208427637046,93.49333696957677,36.61799471069122,0.7539190051369646,0,1
79.15977025352373,98.58737513822399,36.64460175766129,1.4772861205772938,0,0
63.24586972392543,96.73134089326916,36.53207208311866,0.0,1,0
53.21414478402102,96.1543233321558,36.693486414425344,0.0,1,1
123.34926450008851,92.8942260972427,38.391676794685914,2.9275629695827052,0,2
83.56171449800306,96.52548979069508,37.19802955476365,1.0186519733056696,0,0
55.59391892224151,96.37107229419564,36.23578167942665,0.0,1,1
44.18301715616406,91.95027928348829,36.69661416129771,0.0,1,2
38.606594101667305,92.57039184033782,36.63336627464503,0.0,1,2
122.37868916183629,94.4705052737504,37.23878503036089,2.378232341372094,0,2
144.33297374534277,83.17256126889991,35.61273464010543,1.0571733242942345,0,2
57.64030396416144,96.99784987890692,36.379072535715245,0.0,1,1
69.63201826704517,97.95204181076527,36.938910020800726,0.8262376968652653,0,0
35.02354413957542,83.45534470522009,38.384146196865885,0.8896109314147509,0,2
68.47734249992345,98.24087989823748,37.09477585810134,1.163887560525351,0,0
75.98322146093645,96.7700679196882,36.66623074142624,0.40196192299560896,0,0
69.77675420660348,97.87453400022224,36.84300716242744,0.5281072939447446,0,0
47.7280589985371,93.84824014048986,38.10016675412938,2.4680094156043233,0,2
50.20518279486121,96.92329953035062,36.35309771383893,0.0,1,1
67.8648438860992,97.68154994353455,37.07738176681193,1.262889622452526,0,0
46.665827076380914,94.9326550893623,36.59296732818559,0.0,1,2
81.66525804646261,97.42554508529862,36.70701738488879,0.9438411250189032,0,0
83.84919615520627,98.3038878713794,36.854617771705975,0.9827590025944863,0,0
46.98912033003485,97.51136322951264,36.46464372518428,0.0,1,2
77.7987951096424,97.07002660492329,36.5751334682881,0.3810092016516273,0,0
73.17512678053247,96.45339137311059,36.71191597448513,1.6092377082814668,0,0
48.46736602251854,96.63186607580765,37.082705961019165,0.6198712035188413,0,2
142.78281506188216,81.28441515322038,38.5686073760852,1.1581730207333887,0,2
51.564168883454784,96.11179679669003,36.57372870272785,0.0,1,1
51.995473487855776,97.05120430974277,36.31577159553308,0.0,1,1
53.082786168970436,94.25837987336824,36.54300625073961,2.005011475646616,0,1
111.48149632906865,92.73135029858236,36.931307876427205,2.2513967756491313,0,1
66.31768708615697,98.43066540988767,36.79139201355268,1.1201927611404685,0,0
51.360507885285614,97.3497345682215,36.60346031731514,0.0,1,1
101.45260077894137,96.23195993793952,36.583299912844936,3.6323162338446933,0,2
78.82104075874193,98.13636739276686,36.6284405054722,1.635562863036464,0,0
83.6819742597233,95.64431424038462,36.6190159486363,2.2927362082961333,0,0
61.05533001304865,98.84290939558488,36.95071200501234,2.317546435278257,0,0
91.22650465139397,98.50211159948913,36.652717997908375,0.9850884157476241,0,0
68.0848902982251,96.55712859733539,36.422563473086164,0.0,1,0
87.03568733041344,98.67342481994733,36.52624909288079,0.5784627269872594,0,0
120.11376070180404,92.92957061648482,38.15161984302117,2.047897006169401,0,2
47.91985651540896,95.19974456906178,35.98395426135724,0.0,1,2
60.6853671138285,98.07942940437971,35.880335770910435,0.0,1,2
66.35860383613021,97.34030185752607,36.75194863203311,0.7436912452540012,0,0
88.07995459545545,98.06298612410471,36.91703374884183,2.08563991225879,0,0
37.45109929376586,80.011102956364,35.57945079895539,1.2403930294260757,0,2
71.75548343090676,99.63283669202909,36.31264194165362,1.8216901440896556,0,0
53.71595608561448,92.71068306121452,36.8882208968734,1.0318138783413167,0,1
81.85991233124889,99.10227585774476,37.14887692363519,1.417478824111935,0,0
69.43135992228575,96.6443738774845,36.9143536525944,1.7655718822219972,0,0
41.76793097991604,97.80465135412568,36.43832008680265,0.0,1,2
60.629292146958235,97.62440386533704,37.162578043988184,1.0411458871944501,0,0
83.9264228489828,97.39926420138364,36.650695852129495,0.7524026176597713,0,0
57.96994867711426,97.9585666954686,36.677908346854444,1.1753665673088314,0,1
63.40388012114443,96.76370354615305,36.60169350892809,0.0,1,0
59.47611756841522,97.17863359017745,36.35233778842145,0.0,1,1
53.426631176597006,95.14042628637048,36.51490650930396,0.0,1,1
65.29924189526483,97.30484415060633,35.74171423899449,0.0,1,2
53.046272301100025,95.77318734469138,36.57237670708226,0.0,1,1
89.08945040845678,99.45551622466667,37.19962230716707,0.8369006211758209,0,0
77.74932498073512,98.66839722968753,36.73160320295652,1.9155533919437502,0,0
91.02698562775288,97.02001034298783,36.71622428554123,0.3112984184903579,0,0
61.286346394121246,97.78117725405998,36.34023423010314,0.0,1,0
58.94782708479946,96.75268490280072,36.41311951429261,0.0,1,1
81.21601164682198,99.09531676160493,37.13616403345883,2.274651734451943,0,0
88.14331428978409,97.5019395392858,36.78911118181039,0.6633517155768933,0,0
78.94914512359797,97.10855862460855,36.56277794445437,2.0515474984348456,0,0
59.76948437025547,96.21635021134858,36.2458389740535,0.0,1,1
91.62925398381378,98.08169591382735,37.22528836550527,0.9758092345599625,0,0
75.03841325130051,97.7078259199467,36.64526981762645,1.6240457681724991,0,0
84.4392057407789,100.0,36.71325741866179,1.9215094950847298,0,0
73.1787561050874,98.61498745479626,36.62461308362509,1.8665648608551568,0,0
57.29917690725045,97.41006645561338,36.17930788041527,0.0,1,1
103.73365081653876,95.53326957436187,36.714107202094475,2.142486533942132,0,1
52.65769540353825,94.93086219177437,36.77607700067559,0.0,1,1
77.37443592572804,98.19886812413114,36.78765575786371,0.3587092520313404,0,0
66.59216156986312,97.11247616809503,36.716681190869565,0.5258482822561982,0,0
76.90795476980594,98.55977085912585,36.87412279438957,2.0163802493273306,0,0
52.28105263788439,96.57567803538575,36.64376101368072,0.0,1,1
71.17007125466989,97.5979832813583,36.56982393134477,0.5752790211093478,0,0
58.546142157590864,97.62355908264702,36.82000209986836,2.122942417472552,0,1
119.19330960870771,92.84193950067511,36.79983536222721,1.4610851231067439,0,1
64.9518164656995,96.03210656830402,36.3724456806861,0.0,1,0
79.2334771353449,97.37072577712682,36.98166220824236,0.4414173879299569,0,0
52.5030712173223,94.08808488263772,36.578869607945755,0.0,1,1
75.01691166418469,96.43763996611452,36.80839742504021,1.2711768893813484,0,0
52.61658099464938,94.29028956835359,37.29371697873253,2.5485434661334425,0,2
77.85021068609234,97.58931386229628,36.680079710222664,1.5974661203103049,0,0
72.34031744614232,97.02264562535903,36.686837375676504,1.7779105983122447,0,0
112.8200772441663,93.726615504283,37.84455431786612,1.0887826160442164,0,1
77.21078054010457,97.95359025634475,37.00223616535758,0.6000216744233146,0,0
79.9945969138198,98.68259082607922,36.866334220171716,1.6851267096850808,0,0
46.59651111478385,91.3433553483863,36.5299230803166,0.0,1,2
83.81586246129565,97.41405064010338,36.804363010111196,1.291998834264042,0,0
58.90712271341634,96.42896033401452,36.47378163821632,0.0,1,1
80.70254051566167,96.95232805078496,36.5205889953706,0.31632367540990536,0,0
107.96548262396854,94.65761432185344,38.38124427267414,1.070122219359837,0,1
78.0043570265869,96.56952394182275,36.88285337995828,0.24351842062263715,0,0
114.530109338223,91.7536147037663,36.60771111120512,2.210420169961814,0,1
79.05605764362211,99.20361966852833,36.76716567620927,0.897998494431132,0,0
73.63467510331657,98.18356713170706,37.00792646586022,1.7405207609382576,0,0
108.78092421544847,91.95869752237509,36.731473571397956,1.2899405998544933,0,1
80.38164954530515,97.71938363518491,36.68787502312496,0.8342947408474297,0,0
54.383010962084256,96.00541213376982,36.2120641088282,0.0,1,1
46.23603180664027,96.3492589046887,36.35516750827933,0.0,1,2
69.39508735758875,99.43775501853811,36.849345642257255,0.3701649674236125,0,0
127.59105471747914,91.36119247800174,36.56574635796827,1.897362874428555,0,2
78.02979602483354,96.39064314316347,36.78078898276598,1.3019849015470524,0,0
80.62622815420978,99.30282708524958,36.4917284689977,0.20954175886554474,0,0
83.80378364536908,98.55985650505946,36.75281502978296,0.18370679851401894,0,0
81.74024413120543,96.807730286872,36.67340059354074,1.2837074549727738,0,0
120.66160031676759,92.72897821335332,36.79345196664609,0.8368063109701334,0,2
121.84796957738135,94.63151595058038,36.61738805238794,2.8302297172915907,0,2
68.6912013951755,98.21069531377752,36.562555918051416,2.0609110105676076,0,0
59.425640586861775,98.8762356100275,36.44269603690005,0.0,1,1
90.55664799088726,91.05124351165303,36.55482349817741,0.0,1,1
73.6423425750908,96.88366549374096,36.64498052124092,1.282469395602279,0,0
47.006556727331066,94.63447581476538,36.47841692439952,0.0,1,2
52.57048785577901,97.12295677633932,36.949534879869866,0.0,1,1
76.9316158216588,99.20826907477468,36.533892941469766,0.16779089490418297,0,0
72.81570715411567,97.82707803824924,37.23301644348692,1.922098474511308,0,0
76.8588585406979,96.48669292138132,36.656784819601555,1.474952468040195,0,0
88.14382450970642,92.37757733584542,36.146211367761744,0.0,1,1
50.252636940118094,95.1426518158874,36.27125386890874,0.0,1,1
79.56168703131249,98.46118099059271,36.93350721895882,0.2795983242819207,0,0
73.82928667819192,98.05453430103695,36.66995338275414,1.5420217111730172,0,0
84.6636546323254,98.59411593457354,36.903946661199,1.4921167824072958,0,0
79.55637515850212,96.2566869375947,36.65241212135754,3.2347605013787466,0,2
83.83544281879857,97.71099946339153,36.688421548019264,0.333183384297256,0,0
53.34432534344016,97.05084068588805,36.2919654716078,0.0,1,1
76.9727323165921,96.81764802115057,36.65009724564798,1.6473363751088779,0,0
57.40083339827926,97.55074906374459,36.48201571768399,0.0,1,1
118.79401965651775,79.78628854460224,36.17634757985617,0.0,1,2
59.477044322200285,96.57903567958371,36.20582197728515,0.0,1,1
67.44072685467033,95.52903472087236,36.521843879313344,0.2755350904330206,0,0
70.03694732671312,97.82292897210256,36.91646120970057,2.4493943755876773,0,0
76.10004012274904,95.96729091491689,36.82579891744694,2.4930771321090437,0,0
75.40053904301432,97.79289987778427,36.6831880539131,1.8851794489243174,0,0
74.35621785893667,96.10862917717972,36.91435677804978,2.0557510966071364,0,0
85.74290812001777,96.52944049306166,36.76411749000141,1.3986401241458033,0,0
78.20620416479031,96.52929672035442,36.73955352563666,0.15167824071663533,0,0
77.59592798899273,98.35645450275715,36.84015958279571,0.8644336900966687,0,0
68.41508825239845,95.77940546746014,36.487189601323884,1.6938613371592695,0,0
126.12658540309985,91.16039810567588,38.198437634716235,2.1246015685700383,0,2
48.09801739916991,96.91153851693066,36.58316897634287,0.0,1,2
50.74579533082779,96.90334748353469,36.082136575143046,0.0,1,1
75.02455669134402,96.87150873931746,36.714040712400276,1.6204430966891794,0,0
75.4014124287027,95.64389824185164,36.8785556385464,1.8398546574650931,0,0
78.95737723726994,96.84717603388286,36.96554779775636,0.6150596601560839,0,0
73.10818774769031,97.94465139154045,36.860031595289406,1.1291872232965263,0,0
55.09953142410694,90.88137445330104,38.17287534832653,1.6304172060330924,0,1
56.23468862663455,93.96062451201665,36.5092612487822,0.0,1,1
72.22124506837537,99.475975871068,36.77409925727453,1.2640496984550311,0,0
85.54715549118298,97.71406052750316,37.105866130738335,1.3305873831041797,0,0
79.62353274510255,98.09700129426473,37.016071160254725,1.490519401099377,0,0
79.52383837909774,98.47618827157834,36.766398638710086,2.452715996766895,0,0
64.29697730554057,96.59634237408807,37.06532432789999,0.8303664340610535,0,0
86.926658310319,97.49168563079014,36.64430168697633,1.7865490793482288,0,0
84.63422154197221,96.94711195611325,36.45366849520546,2.2488444813094284,0,0
68.58285611571566,96.46989961720011,36.84578548054055,0.4538474471740773,0,0
106.2178767389949,91.82822646544004,36.851069377549024,1.7273537390128473,0,1
54.492271512703915,93.65074922902305,37.49489426667191,2.6218534929797928,0,2
153.82257509608075,78.72479967456702,38.351944902896044,0.2864395013589721,0,2
55.131779593299555,96.68811283812215,36.26378027895657,0.0,1,1
94.3171131105208,97.902428664078,36.90547094935047,0.25609230333086386,0,0
68.83132241695961,98.01386223282894,36.58662803166754,1.0293111904055876,0,0
81.05136507633148,95.22166519527192,37.11318085112681,3.2381120217497172,0,2
73.14858641417763,97.21874405002445,36.88471067920709,0.7250117644831278,0,0
71.05236487696467,97.59029789370445,37.15448730865918,1.6406837701703312,0,0
106.73926705025706,95.76343131980083,36.83625555978871,1.4360640179789799,0,1
57.16114110619133,94.46230862249652,36.5538598128228,0.0,1,1
58.920624873911905,99.60944232146433,37.14555520748922,1.0209215452928797,0,1
70.86011832552873,98.67919218642653,37.04075773133299,1.5710740680507722,0,0
81.31599587638848,97.32195582911606,36.64440495355257,1.5751014601106683,0,0
53.92269346543975,97.48997487734012,36.28736264485298,0.0,1,1
81.03025679704254,98.47436778564838,36.797071729239335,1.0333671373395956,0,0
71.37469101550509,97.70777884187258,36.64962865120601,2.2208798190340864,0,0
115.03671198485081,92.0102318502698,36.859619433598276,2.7213775042769677,0,2
115.934658735205,90.93606969767711,36.756075631853676,2.605539666694219,0,2
98.57986829774974,95.20216209699389,37.02707231659795,3.1688478721948656,0,2
71.40495592705051,97.89942845822902,37.04336735828488,0.3962560232634341,0,0
91.98275818901716,99.30970181918764,36.647080425888916,1.9088701423234102,0,0
38.5560527242359,83.71170462689305,35.70659868854393,1.4706683854295137,0,2
85.21296485451332,98.07825969862904,36.91980668345674,1.588916679437517,0,0
73.5404953512786,96.46053802108223,37.136251751956635,2.111285444435619,0,0
55.13749593062879,97.6248929354482,36.51221361347708,0.0,1,1
70.64498713426987,98.12394278071827,37.027619418822084,2.351582945455502,0,0
116.71694130339728,91.76895417408126,36.77771917291954,2.0227751152923554,0,1
75.20304040175621,98.03105912108295,36.85624210599117,1.9848879321066144,0,0
76.53750140395199,97.1901787832727,36.623666974383525,1.7184059289748035,0,0
52.74895765098666,96.40764255627148,36.16460425838314,0.0,1,1
92.40542938661838,97.72374370368406,36.912770641012195,1.5786741659932573,0,0
54.87914853349341,91.61656055814346,36.72159202626057,1.0771333897086046,0,1
93.60110890639598,97.13446693603412,36.64793379503983,3.9115856152037467,0,2
91.30666291850699,97.04181832793728,37.15862194967688,3.8345372946484906,0,2
125.44996398383373,93.61632148076964,36.76062545096739,1.844600647561912,0,2
70.68341428946674,97.6933109483366,36.85775857103734,1.9260977249854587,0,0
80.31685468024793,96.4900756800339,36.66807238909601,0.8709191173512694,0,0
55.06425645663651,97.0926592348514,36.58282819559891,0.0,1,1
73.84873859027992,98.35778672388616,36.766615733282144,2.2567258112146615,0,0
99.52461006011201,91.65012161463011,36.268558122345915,0.0,1,1
55.168457086697025,98.54159012774798,36.618246410335644,0.0,1,1
38.68545664240795,89.61965164626606,36.47549585946103,0.0,1,2
56.077413049906056,91.6865448298572,37.375161577859274,1.1424290406477742,0,1
106.38270517856864,91.861975072054,37.616753428214466,1.4357720852393576,0,1
60.75640927404936,95.22333852379838,35.97302661626532,0.0,1,2
83.79439057097196,93.54770214516758,36.376069507480224,3.271728265994052,0,2
70.42385948610965,98.17709472744234,36.902853118482966,1.7343988339841254,0,0
44.519623800903446,96.56979667876672,36.34535494897802,0.0,1,2
51.69579470819646,95.58309735888356,36.05943894736874,0.0,1,1
73.69186819843547,97.39790389550346,36.76059262794463,0.8826392814152735,0,0
75.13102561688393,96.9464716918965,37.104789161832656,0.8842057345080993,0,0
70.20968968708895,97.0594184597951,36.804928313327586,0.714184231412617,0,0
54.38659474070193,95.63622373880807,36.50043140943154,0.0,1,1
60.11840720259587,98.98271642770536,36.23885326570826,0.0,1,0
85.79145879092901,98.00541269721866,36.79203588477698,0.4400994628824314,0,0
75.22523471238573,96.51541116858232,36.6812288019765,2.2749494491644917,0,0
61.64112174683541,98.2635726639901,36.3557426360213,0.0,1,0
70.13977824150295,98.5801316239135,36.94131726175129,2.2646426201108922,0,0
63.54196261910889,99.00043686667303,36.92928979544756,0.7223794215819681,0,0
38.54099836827094,89.94757403975733,36.36127347688158,0.0,1,2
70.04268078068068,98.33228625441393,36.59745454731742,1.4919802168842813,0,0
85.51594987640128,97.11084374386864,36.840059312959454,0.7610871333915373,0,0
67.65684245115428,98.86229688191129,36.671020935232356,2.239052413211427,0,0
117.3464890565003,92.74805665963066,37.8485550999824,3.0697915835947924,0,2
95.41183114385355,90.60208742638197,36.229849024123745,0.0,1,1
116.79490583774468,93.38177077763565,36.652677813298496,1.3681307367879114,0,1
54.74803689262839,97.22821909826487,36.59944223032619,0.0,1,1
80.53453545649649,96.55076448042736,36.805430981844495,1.6105112070805714,0,0
74.38400002353106,98.56920634749754,36.708289467973756,0.3431400803749939,0,0
85.3109683643545,97.5428993821894,36.55311886844765,0.3930548901539064,0,0
63.41252128807589,98.46872450527248,36.533756002298574,0.6355785481670237,0,0
79.47688572439138,98.44884754062464,36.867725031527314,1.6087375640171424,0,0
67.31250943676926,96.11225859187563,36.75177301112242,1.2211123426323591,0,0
112.79375749578058,92.27946103196808,36.50229107219361,2.2229903346048694,0,1
71.14072601859091,99.4656790805139,36.94618708682031,2.081354774428916,0,0
48.19924216569725,97.79189037829312,36.631993384355006,0.0,1,2
143.4865426535072,83.88518859119706,38.609457234123944,1.9076338149609078,0,2
65.92531954935643,95.63329511312445,36.364155123790006,0.0,1,0
88.55707603662171,97.0842951672785,37.017767553079686,0.5202658463052583,0,0
76.96192667459174,97.75888926783597,36.79232561314113,0.2992100739486275,0,0
71.91904491967209,96.6121920929155,36.55069050316801,1.6254615917084074,0,0
79.59577470076081,99.26052529347564,36.75430618853553,2.4585159809611015,0,0
81.61127355740238,98.60836743005792,36.91640941611548,0.2276158880235702,0,0
56.654790454486196,98.13716140339254,36.44383309931712,0.0,1,1
52.6279545215017,95.99627634515983,36.23079731611342,0.0,1,1
73.12037197278407,96.81922507984835,36.7757027738934,0.871865440613972,0,0
85.97184001022062,97.18128580535027,36.5001870538493,0.8982523581569004,0,0
91.55066216690055,92.54395060476115,36.27813296528553,0.0,1,1
115.07442989887952,93.93335370206569,38.28286743307136,2.301922326760228,0,1
94.4387684172682,91.84866095217222,36.31304991309779,0.0,1,1
51.521440739655866,95.99826119048058,35.7826115429573,0.0,1,2
51.59446987009151,96.79200747831699,36.11425820033864,0.0,1,1
77.4232500760496,96.95665817060267,36.75482083324755,0.5156884066773109,0,0
85.38296595084478,96.99855959585094,36.91241480124899,0.842493669911518,0,0
119.00943164943676,92.80301347980742,36.875124246340604,1.2360566161021902,0,1
42.46878465736718,82.9647705439353,35.25439448703664,1.4665563559379136,0,2
44.38065198465653,96.31452941613472,36.42301557388664,0.0,1,2
73.02950388277628,97.12145393819169,36.93964351016075,0.5644414129748739,0,0
50.50826758135224,91.09429906194676,37.89766742486341,1.755296547212789,0,1
58.72482508011747,96.55158187171082,36.46129927254546,0.0,1,1
112.22836250318863,84.60313705717273,36.33132035295204,0.0,1,2
41.672598995349254,96.42288184588446,35.959187267002015,0.0,1,2
49.52684037276328,97.78688730379619,36.90731301528967,0.0,1,2
65.12568758863868,99.45052090308798,36.765559567084146,1.9522728454839107,0,0
71.8013670284882,96.65393205789167,36.69795004205429,1.6163094899314558,0,0
93.37498208134096,92.36257686042207,36.766598444161176,0.0,1,1
52.916486458218436,94.05368161077494,36.770083581067226,2.849131668420573,0,2
83.55599882899328,98.22845468156032,36.90034326484684,2.0798913141199153,0,0
67.91736169922773,99.2236311818185,36.411913954898324,1.346002453322949,0,0
68.96580430335457,96.97748035581832,36.89498397475876,1.9335426031485787,0,0
64.4882558150286,94.06181173241343,36.357380962754576,0.0,1,1
52.95738202920712,95.11368305992333,37.423269606603604,0.6397719285435759,0,1
80.43977223280109,98.67667053526698,36.72667838104942,2.4032253617662143,0,0
34.903185555564505,81.59394586503716,35.218969770225094,1.3873285004425806,0,2
75.77785015726919,98.10299085666573,37.00150628049771,1.477470831332209,0,0
80.84548968903354,97.75039548884122,36.76706079050841,1.673985361424423,0,0
67.14240161712802,96.81099556171398,36.59834644842673,0.6607745110185177,0,0
55.09183944907306,97.80669261519829,36.24737691843199,0.0,1,1
65.01340576191343,97.6078954434501,36.96909645682904,2.452938891023382,0,0
71.95689666690379,98.49778339004557,36.48097685552649,1.1644477131419881,0,0
120.39258801243798,94.02029462324266,37.735110441743046,2.734695951041717,0,2
66.78893011914494,97.44845708355159,36.791280793109834,2.064675860220741,0,0
77.73115899398358,99.06234379674022,36.76503591132052,0.5256802501273594,0,0
61.20634973379737,95.70198126426885,36.03465248401606,0.0,1,0
78.87841716196462,97.00046362035803,36.390392225793086,3.380323643256694,0,2
55.6129517856985,95.4687366427151,36.12998563117456,0.0,1,1
77.56180520131186,98.19580100521749,36.83693534584674,0.11705859301086319,0,0
80.03449193181157,98.05811761597042,36.94603042281244,2.4559533677686596,0,0
68.43310235174374,96.40317319109708,36.5677356780025,1.164317717816267,0,0
50.127049798724876,95.87387488929102,36.34142241727575,0.0,1,1
104.64637070572321,95.62244607994194,36.95700940458256,1.8785534222012008,0,1
76.87162973816646,98.13555585463959,36.361602940295114,1.3719746507320207,0,0
81.37590192109197,96.63447061042369,36.93812350442912,1.256387463562218,0,0
155.89504459563057,81.46391145722215,35.6715986912178,0.4400549371587392,0,2
72.90490959089433,96.7300230453761,36.778520629710236,1.935103066442543,0,0
51.58076375659751,92.67485919194766,37.03235664027115,1.9200295625379165,0,1
68.71408102728456,98.4954666411386,36.73187574987088,0.40550899360902504,0,0
87.18424772027888,96.83830838497414,36.657842900279704,2.077159545201389,0,0
77.78429640922481,98.36520823307495,36.82535140874781,1.7576316692379923,0,0
60.59217336428133,96.91255589585595,36.48475524783158,0.0,1,0
59.012784795191585,96.7520763355489,36.45141366648243,0.0,1,1
58.229375870982494,97.12248132305179,36.05138166093167,0.0,1,1
68.56894033271867,97.1310055675603,37.028504563900825,1.998852805063359,0,0
53.60055997942719,92.64705327584957,36.75766128208582,2.7201449071132675,0,2
73.32693408925311,97.95256924874093,36.84134178320217,0.5757710213848705,0,0
73.72268359651784,98.47690123769435,36.663986873748996,0.21515118690797222,0,0
86.66116414956747,98.42620556163224,36.612646279865416,0.28156624475364406,0,0
89.58407747909003,98.90455452499118,36.898934303889604,0.7925844470064725,0,0
147.79097337221543,76.52129996707203,35.65677914591901,0.40933973716173744,0,2
88.74998075235224,99.56866123957919,36.803397856076806,1.9024292146122643,0,0
53.57394313435476,95.51283413871059,36.4224216499886,0.0,1,1
82.6134881688633,96.98674067926149,36.72203138911648,1.2357369666547793,0,0
48.17178195408829,93.00733928041014,36.78794029689312,2.795375650004318,0,2
115.21691516755496,95.08195149212261,36.898244298272715,0.5446471411216645,0,1
79.94227179138822,97.14968460512692,37.13293360605352,1.954449848549162,0,0
58.464137082078416,97.42988839657748,37.119292904960034,1.0052324506580959,0,1
51.81017097923815,97.00087913304384,36.344494962404994,0.0,1,1
52.05760448462547,94.74066610415113,36.59057611639508,0.0,1,1
58.740129366500966,98.03929011478036,36.93119112444376,0.44408874806877063,0,1
55.37798671347127,96.41491027150309,36.19886434632648,0.0,1,1
53.978368822883986,99.73229264291189,36.06002488619265,0.0,1,1
48.729412277006645,95.1440289550587,36.4949182139211,0.0,1,2
93.03512618858184,89.24177837013042,36.52854913728721,0.0,1,1
64.90896742227373,98.66657362382331,36.865468302725404,0.8903630326007644,0,0
117.06783363682925,92.75160375541846,37.877677502730165,3.180088778411827,0,2
81.4471643116865,99.5255621861101,36.79515559035878,1.9787848479002776,0,0
62.27347480777461,96.08204281077099,36.773189530737675,2.037023100870413,0,0
49.40259644682214,97.131493937157,36.38075623784474,0.0,1,2
88.10833148481836,98.36902814598146,36.95920199400117,1.8434834643242473,0,0
60.77012831157625,98.28632233034239,36.444895222329784,0.0,1,0
50.9558407163804,98.4558429857013,36.8087152916541,0.0,1,1
54.27959283840003,97.16131637997181,36.549151403398014,0.0,1,1
50.354463369623396,95.44399652718992,36.51922585639622,0.0,1,1
79.9104645952268,99.02057029234508,36.86035776615943,0.8502246416265837,0,0
82.94128112844491,97.76350072255383,36.68834352139795,0.2554512651588081,0,0
85.7261980512638,98.27894018893262,36.9942436826385,1.1201791954312472,0,0
74.0265330592927,98.25228716578347,36.92640166457197,2.454927852937257,0,0
71.58820870976412,96.30724882409397,37.00635975091988,0.14899228164431041,0,0
67.04043783538229,98.07118420504388,36.77360382025386,1.3530506872285637,0,0
55.97466343122445,94.53987510632167,36.64597653883323,0.0,1,1
120.74357845707499,94.69169376863779,38.208022535032995,2.926230970790946,0,2
127.7721687583158,92.71938814183905,36.704755223859,0.5582491962970553,0,2
88.91438286551852,98.99508488963399,36.662959953942284,1.133540997217179,0,0
70.34927697787202,95.8867254824034,37.0730915788998,0.8046802735774565,0,0
72.75334578143412,96.45761696853837,36.92885811862049,0.3974380303694467,0,0
29.10193310872154,85.18707797279663,36.304059430711376,0.0,1,2
71.60514054659161,97.08254692755811,36.639566629007625,1.4815141558554241,0,0
48.50668156193607,94.84038079352997,36.23950183601221,0.0,1,2
76.09984564388752,98.14298434135911,36.4190537562752,1.9838781253116584,0,0
48.55403216282958,96.38985218382464,36.52853672690858,0.0,1,2
69.64894763841343,98.99985533552191,36.5812703933279,1.3562994012757585,0,0
112.85179274345941,93.22691946812022,36.68637101894891,3.0734587201302834,0,2
116.2718256138999,91.54253202921277,36.86274337080506,0.6609800403865973,0,1
54.77664459691532,96.6604939203856,36.03947667308232,0.0,1,1
118.2283262586091,92.8472517483107,36.51199789273599,1.6483246811894745,0,1
53.13008454602916,93.91163534932754,37.48097309424534,0.5626732301162539,0,1
54.906771047580875,98.61578253757997,36.55113323602524,0.0,1,1
61.555004825535875,95.19211660532376,36.17826699785876,0.0,1,0
80.31832586696879,97.28672586320532,36.49083926473487,1.6004037575917804,0,0
32.38932719698286,83.07588105844339,35.35582540544757,0.0,1,2
82.98337585885763,97.81542297088897,36.62910669874659,2.393273543062899,0,0
75.61280759497137,96.40706736241138,36.680901918638625,0.643069966028394,0,0
80.05106030790446,96.83623895908846,36.509655808397284,1.207085383015497,0,0
48.517493585029776,97.02334770652375,36.212090932245175,0.0,1,2
41.66445614451676,90.31930358083821,36.192652798010016,0.0,1,2
80.97712778960512,97.80848634071158,37.06816432305362,0.2886274458783887,0,0
53.52748804023002,92.08730535205305,38.188654232967245,0.5718206222501147,0,1
83.82968888939205,98.54739035859309,36.79001187714365,0.9209762962115235,0,0
64.30564779608176,97.39056670805675,36.52147500154676,0.0,1,0
50.45808205487146,95.20758475898147,36.58077397178837,0.0,1,1
67.73112914445242,98.34798948932558,36.78036856843722,1.0279092823585219,0,0
67.73490046412253,96.51443070175033,36.56625284060816,0.0,1,0
55.882850915792204,97.0155095639769,36.289670248899974,0.0,1,1
54.78843718628062,92.25105573255968,36.48713393471018,0.7674502034218209,0,1
113.60582873886217,93.51669538155183,36.73085526530199,1.5906786174151848,0,1
71.40632823662573,99.82444762756603,36.301160896384786,0.5998371504028981,0,0
66.0422949089857,97.9380228450891,36.93824940177324,0.858916931541655,0,0
67.39619430589313,98.01470704475376,36.59056100162326,0.9211447397121694,0,0
80.33440661853601,99.34467468011624,36.813764172919505,0.7046339312375279,0,0
85.83854677251945,91.53463653263746,36.59758991893222,0.0,1,1
70.70359235521362,97.51938423876567,37.024638001488206,2.180124947575477,0,0
77.09061945636547,99.43019680017605,36.56883472191173,1.9291368509416948,0,0
91.93996326951981,97.53804436874138,36.854266760429056,0.15373928636883685,0,0
78.80948286048623,98.03428514610215,36.84951769655411,1.0331362795569021,0,0
70.75798968311608,98.43873927947713,36.700753887902394,2.245452302690966,0,0
78.29176069146814,98.88657190493052,37.12002581988809,1.9645591741109993,0,0
77.13490638565705,97.49646599328224,36.49137662903777,2.4800165188809635,0,0
67.97368407123444,98.02944190292057,37.16729874398795,1.9479343502839666,0,0
114.9655384269045,93.08532462878081,36.698218039057,1.7343725743947702,0,1
104.22456095604093,95.73670790610443,36.17092574623244,3.2026947991683357,0,2
37.377139128398845,92.03767954073027,36.75262221594216,0.0,1,2
44.509510026337225,93.01223721840854,36.77308478642199,1.4038108678194452,0,2
60.79390539697697,99.13958738311563,37.030736219872,2.0901560625994002,0,0
91.56319964893338,91.1519188637568,36.60301547167026,0.0,1,1
75.89960844307085,96.84355141076482,36.72210681492046,0.5683647245798056,0,0
107.96676029286633,92.79418900933051,36.63577360790238,2.6188159445314265,0,2
63.13141706063094,97.81907401446841,36.629324624152325,0.0,1,0
89.50842068433917,95.3592064008825,36.52600508165855,2.9715477806656025,0,2
99.7222810141559,97.01579099779978,36.9430925055994,2.648561155151118,0,2
35.85965936275949,84.59782921705711,36.27755700644078,0.0,1,2
50.926944733806714,97.85206836413437,36.02832038252369,0.0,1,1
46.67273522267577,96.14707067489127,36.726952332339515,0.0,1,2
32.26352640978849,83.69278029211897,38.96424873003258,1.8323537019193967,0,2
67.45533248314091,99.68904969277968,37.08745011729378,0.954224103089974,0,0
101.62170031099507,91.73203414235337,36.949092290949096,2.282475463987007,0,1
70.39325611570989,98.33803836392491,36.80920716202253,1.4284574899896334,0,0
70.16407911390874,98.2640724064289,36.76843068875773,0.7840077570099757,0,0
67.23016720597202,98.53610287329766,36.36813378300883,2.4077902267820526,0,0
60.71034907001238,97.24370734887962,36.42932296699106,0.0,1,0
88.09970813342152,97.65919949319994,36.28540421934529,3.890537829993626,0,2
78.00282086760843,96.62630118924626,36.53033369894389,1.4001530304014596,0,0
147.0276760162338,83.43750879872591,39.2222765895689,1.1402683308436672,0,2
68.63805191340683,95.8320125612426,36.46765521047323,2.0060319157087143,0,0
71.13921988556517,99.22756635915493,36.497600537378325,0.28677668535047296,0,0
75.14943260949745,99.21046182635799,36.83223039803746,2.3285732689497944,0,0
41.47106784213153,81.57517623136152,35.67136784703347,1.2246482667168122,0,2
110.46266987553379,94.27663615689346,36.44342499674573,3.072451181958466,0,2
93.28959839769782,92.41107106234553,36.2155145273683,0.0,1,1
54.35623633939672,96.55230519673015,36.529882608128986,0.0,1,1
73.88520464908989,97.29211292563974,37.07220911953198,2.2768194910254898,0,0
70.95316569199973,98.0817080039995,36.97718886472007,0.5278797477183714,0,0
56.846503337237394,96.86544487821915,36.21135160774165,0.0,1,1
44.42375805975038,96.33767535115489,36.305663454230015,0.0,1,2
75.8329268030008,97.82646608961568,36.77849403843838,1.4442230024205005,0,0
59.956137537770445,96.8783288851392,36.59642106239318,0.0,1,1
71.78414985340928,97.7026490057094,36.727299951126895,1.3186173180616412,0,0
48.89995374387331,98.2701603884395,36.02597612715139,0.0,1,2
79.01981911004557,91.41401294194469,36.20926317480239,0.0,1,1
87.27084246534298,97.25880651744937,37.028556998597196,2.442772696300676,0,0
52.94681719467245,96.08646326297641,36.14581593296746,0.0,1,1
85.5523758693006,98.18144152531903,37.04822367449907,2.019769425462128,0,0
41.69114416728679,91.35814267780415,36.85886881567059,0.0,1,2
85.29393840404613,98.05197881090604,36.69032487607312,0.5415322257852009,0,0
45.653697300822174,94.7132149968345,36.39481711799608,0.0,1,2
65.05815912571012,96.05429939707987,36.57205498616783,0.9130632280228728,0,0
69.20988900503593,98.63450156158531,36.76017380449629,0.6386245149012117,0,0
72.93962547890389,96.86200952814144,36.88854427844133,1.1271569339243415,0,0
53.91307425360918,95.25247631992777,36.47418494078337,0.0,1,1
31.81498369895939,83.71861866223118,35.93281224329343,0.0,1,2
53.38246216634964,97.97885504002075,36.03440356703315,0.0,1,1
62.618069446060765,97.62500724397484,36.28553943626453,0.0,1,0
70.97389221533784,96.98784163644842,37.157005958322685,1.3906998268368713,0,0
74.38469119775141,98.02141706172426,36.67705261060681,0.4283035231559912,0,0
74.3934621236668,98.88932135662814,37.037096103808324,1.425128290830453,0,0
141.08669594771135,82.26117676574738,35.57665673103865,0.49162624869491145,0,2
46.09378278848657,94.08558897829181,36.70613436373649,3.189399229644115,0,2
69.70120730575596,98.54336523050593,37.092767633745744,1.8786896620842313,0,0
83.13449945355752,97.54404820741333,37.02588646356262,0.6192868425629321,0,0
74.06354529031302,96.97471975038489,36.64455579009065,2.2173648438741975,0,0
73.40053812518445,97.27457596072088,37.04253516258421,1.084566439090163,0,0
92.38610169382468,96.65738718480132,37.050255404992285,2.2603340046635783,0,0
54.84412237970788,97.45419893304387,36.733437828859266,0.0,1,1
54.10755571120517,96.32438159579816,36.111022554393855,0.0,1,1
91.92937691997778,90.37982437648525,36.543049461580964,0.0,1,1
78.65940232786052,97.27588990437303,36.840298903568936,0.4590468619380579,0,0
123.32323161047684,92.80642473267176,36.49609733235178,1.302907888601214,0,2
40.7320181894284,90.48820398634803,36.42441798303866,0.0,1,2
68.09996481426947,96.57608479516128,36.612959926815236,1.8672103335735608,0,0
54.83700234365473,94.30724194675004,36.72919364635267,1.3102486948232714,0,1
118.99235782033496,93.08799591390077,38.20403003425744,2.5954698101629528,0,2
69.90118102662387,98.12911144967323,36.82243595595511,2.143473880235156,0,0
62.21612808280982,98.82350744180536,36.803707478010395,0.20166218234534164,0,0
83.24871393742805,98.3373665288665,36.914162542993225,0.4115195219520159,0,0
80.92422929592279,99.3697546827278,36.953665624170725,2.383081111084742,0,0
79.1791100782517,96.94586570321759,36.73243522392894,0.3315115699476425,0,0
86.61152452173519,97.79470127057974,36.87504625266219,0.1288494164253997,0,0
32.53198508942343,86.4610900104171,36.29640125506495,0.0,1,2
83.69409479662724,95.29907906974768,36.98113672121953,3.0157495206482943,0,2
106.92471751143972,94.56844251834585,37.82401298854238,0.7334320507571042,0,1
56.59498314779098,98.84094284425524,36.398958646043596,0.0,1,1
84.54088576081662,97.18109187537844,36.98364617609555,2.3456554771653018,0,0
75.79459791716411,96.52208689344353,36.50005703781829,0.12244633214843513,0,0
75.8321603406844,95.37978252854029,36.696366942034416,0.4251267187850154,0,0
83.95189725524264,98.9910065497507,36.596659809449605,1.2987682563777345,0,0
113.21173495482108,91.63953700293129,36.5927726161248,0.979434233986058,0,1
50.47733524865433,98.36393502523099,36.41337866314492,0.0,1,1
120.58051482874819,90.60139496088094,36.76235648319619,2.3221967405075787,0,2
72.43070589801691,98.25406820607373,37.04945217053889,0.6920412769301374,0,0
67.13485662021371,97.90445918547441,36.87696660057367,2.3777373631387015,0,0
48.80237769854547,93.32837518496375,36.62381239694506,2.1844845188349202,0,2
69.90178106908974,97.72795799764359,37.0748110708652,0.45043651557523456,0,0
69.46893157568677,97.07091605261128,36.77555045769033,0.21143465121361393,0,0
149.0554937982028,86.14164314063606,38.79465909312144,1.178067679812538,0,2
89.5332032671813,96.6030620733319,36.718312479745464,2.05451945835505,0,0
75.81771492129778,100.0,36.58358969084152,1.793214530063898,0,0
71.07214925532118,98.19358065033572,37.00693147397364,2.234665534810003,0,0
57.918994100392176,95.42831773219403,36.275909217626,0.0,1,1
64.8949211718394,97.98273079841094,36.8128281210141,1.9943410965918715,0,0
72.1322738886586,95.31775132197755,36.92619419000582,0.5717110341233834,0,0
60.5254517079562,98.38855905907916,36.56523639213804,1.37377742430849,0,0
64.44034377997843,96.37830335163025,36.345243658037916,0.0,1,0
82.06421903008376,96.55161218787295,36.78649719849434,2.1525127029664026,0,0
77.22427677654099,97.74673744000631,36.88549108093939,2.387052137023028,0,0
63.36097178228514,96.66505019536663,36.59546258939575,0.0,1,0
63.731973609293185,96.52681461637059,36.368827152192,0.0,1,0
115.7933001558439,93.12081568891318,36.85104759120778,0.7332890732740656,0,1
78.35466436109208,99.56317492937266,36.895505582222235,0.8277157439211446,0,0
61.33755072068771,95.61657594789365,36.029493079547244,0.0,1,0
46.54930515638773,98.303099301021,36.119298498529446,0.0,1,2
54.72292472404439,96.06408375303594,36.03914673424536,0.0,1,1
74.85498882022928,98.51377091699476,36.49407516361847,2.4781057284975025,0,0
81.19119039172348,98.02734580352534,36.58233967356415,0.7787134790333279,0,0
72.71015352112154,98.23557398287542,36.648667941712986,0.5879710974596236,0,0
41.757952539251555,90.75698786937417,37.113197601777294,0.0,1,2
70.67731357253247,98.58302929253873,36.86981409015397,0.3904729895038159,0,0
82.62048827447899,99.17083958351928,36.73211422226659,0.24508543755492312,0,0
54.782014362221155,95.53058827761228,36.31719071393553,0.0,1,1
80.20919060098677,97.19433161824148,36.74250316601902,1.327196236757533,0,0
122.83889430832481,83.9824654327209,36.6541644341831,0.0,1,2
79.92673300394355,97.67383787102116,36.88395352604605,0.5606295685308029,0,0
69.30664977261563,97.2348686282076,37.05743620934121,0.11710600678869083,0,0
81.80831034488288,96.72307688131565,36.88749965928169,0.7410232290595942,0,0
52.65650612410858,97.66630243258429,36.059034212583214,0.0,1,1
59.389063757463845,97.52530919258267,36.72711179937889,0.31258638383189236,0,1
78.89250294844949,97.85040757921207,36.60909883029644,2.4717158869978753,0,0
41.44750325304098,95.57520505365862,36.08330315505653,0.0,1,2
107.74929463801259,92.1182200566643,38.18617600412743,1.63440476469116,0,1
83.10442283236206,97.24292980637767,36.880097105048286,0.7932873506302904,0,0
111.38164102361225,93.31624311990782,36.54794839085726,1.5065963181800057,0,1
37.840452990531595,84.32283205976785,38.65890826048785,0.46165578842668475,0,2
86.7392593171674,97.53618471700435,37.02493309115868,0.42832475368754075,0,0
48.932632297751944,91.69645299167574,38.15556574931573,1.5952265163109205,0,2
68.16847952050514,98.02221911339845,36.87736836390669,0.4701153963725935,0,0
82.77482954719348,98.48361975105053,36.88652312991191,0.5292560435863705,0,0
133.9535398317834,84.63838022411772,38.481744853117874,1.498965565800669,0,2
67.74641344185335,98.30434417462932,36.91515799545035,1.6077333574983674,0,0
76.43980697249829,98.06701033343018,37.15798729726125,0.806465650730329,0,0
78.27788445655469,97.54394620960474,36.77999179245388,0.3486915110199373,0,0
121.42211101218257,90.54413656564213,37.42652558606567,1.9202145897432044,0,2
83.61251940046483,97.71947035021357,36.951742764966376,0.8198894084655646,0,0
104.40061295487851,93.63216664951439,37.709435544359025,2.1895151347257986,0,1
115.15280205606501,82.01450139802465,36.00551795102499,0.0,1,2
55.18055699897297,94.80939761256451,37.90220412235924,1.8936310461342958,0,1
51.83789807570016,95.57271343645998,36.72615067583683,0.0,1,1
62.660165196037894,96.39474019224991,36.76120887810668,0.0,1,0
49.27156115810209,91.06925792480826,36.592113807419864,1.2545289193643543,0,2
76.319855473841,98.0270157369559,36.68191460918805,2.261946690268713,0,0
93.94461215883763,96.17027798040377,36.74756806096442,3.2508002021820337,0,2
40.14053821718514,91.74727608387221,36.56541093332084,0.0,1,2
68.63709285506681,98.13740107032466,36.445649044193615,1.2606224578044882,0,0
86.61702844400295,97.72324098723726,36.69350692119856,0.11043112913826968,0,0
154.4515473566683,83.07726605276979,38.71160023169881,1.932239392721346,0,2
92.26037353193205,90.53944442684538,36.49724627760016,0.0,1,1
41.21252480328561,94.56131758009094,36.88741493808785,0.0,1,2
34.29390493463626,84.10774533005286,39.01861433278351,0.45991737483784734,0,2
80.77296413105422,97.61009129292864,36.906653150995844,0.5459689012458047,0,0
150.25869513556464,82.06358084567972,35.37919823201734,0.9486377179616651,0,2
75.33422736477577,97.4895164356874,36.592481625702064,0.33778464962710525,0,0
28.58029335887394,83.3333538054155,35.99356427970866,0.0,1,2
77.85082909239884,97.20024576184119,36.85945832554108,0.3124493193139385,0,0
117.4384098522197,92.94601489977097,37.080552862116136,1.4691944695125756,0,1
98.87456397878029,93.59601259397435,36.99856688105511,3.550328095541353,0,2
49.22253759140819,98.24466138625776,36.915483739000905,0.0,1,2
54.02079905447818,95.26673797273988,36.255565716441446,0.0,1,1
83.80091616896566,98.93262245777174,36.796147848785324,1.6734394461424456,0,0
55.91803223907199,96.7019109228255,36.34572548441833,0.0,1,1
124.7341489525802,93.67694031168024,36.870234028552346,1.7273621503061276,0,2
115.67795060546797,91.88144254186376,36.78076556840514,0.7547792031029923,0,1
66.40333827658814,98.24099994470515,36.93179357460307,1.0078997258302511,0,0
38.32023185004429,86.97370945457912,39.23686313455195,1.295766122952336,0,2
89.60230913838393,99.44438028570124,36.396542204544204,2.114280164612423,0,0
43.55883481369568,88.96842267568888,36.63785494717608,0.0,1,2
92.57403977019311,98.24468408905885,37.048559833137055,3.745768444310977,0,2
72.4491444840244,97.47044812200454,36.6701422677278,0.1612182350889116,0,0
119.0174705830305,92.41782688148623,36.884159777765504,2.192578494148065,0,1
75.3877124858528,97.17301622622836,36.98551830423484,0.7379110272645241,0,0
48.98567413230109,96.13818879235984,36.18358836385542,0.0,1,2
125.35873823127213,93.61636486680024,36.85280448979927,1.8799828961168632,0,2
90.30951732999824,96.75089606271172,36.71371220420328,0.6029097702444136,0,0
45.382649408416256,97.75069739965808,36.46330477263829,0.0,1,2
74.54664344306487,96.4130295520692,36.602509906255285,0.23606758952949827,0,0
79.98611765756706,99.12427776312967,36.55601382000195,0.41378081464592076,0,0
80.92030102208835,97.84816369113719,36.778366950693076,1.059834071354604,0,0
103.93469977679656,94.39439432109779,36.84441422333359,2.38655884330888,0,1
44.360568530425525,95.23496116666067,36.77012303816727,0.0,1,2
41.92223914299596,91.44686011639601,36.66979802759233,0.0,1,2
32.65149528359503,83.39918589614149,38.405242724971714,1.1962998587717384,0,2
54.68861567907389,95.8475987073496,36.40751034113032,0.0,1,1
74.36613211148111,97.70510869530891,37.083301659510134,0.5210768549887952,0,0
157.59487925425992,74.14211114746928,38.498352671795026,1.653505954368665,0,2
63.29387885246778,95.93108859352934,37.025793840280414,0.623600488483603,0,0
75.21831288107765,96.66216784920702,36.88219523300283,0.2798370060510874,0,0
71.1389705238,96.5725412867877,36.71875142541963,1.4448332870180838,0,0
74.08297695373989,97.72148829523825,36.84615370773292,1.7683780251755292,0,0
42.07127324692698,91.51662004679439,36.40858554919705,0.0,1,2
80.67302657167357,98.2810557241418,36.794740759826865,1.0878935120360287,0,0
93.45814247756394,98.002780362805,37.26008999534365,1.0993820505452527,0,0
64.44858776099971,97.79976451508522,36.92624347553026,0.7076311187422246,0,0
110.99980607713908,92.66900676251528,37.50226372724368,2.852993143359804,0,2
88.55775669936688,98.8447112417646,36.6064119571454,1.5976402998056793,0,0
117.94423228096072,91.84869986533536,38.18482536072273,1.471902925003917,0,1
54.57310862685379,95.60079043985596,36.3368950695649,0.0,1,1
63.336522310352805,99.4610539760345,37.03641940771,0.17124441349472852,0,0
72.77273790344393,98.72900902859769,36.75808864046141,0.5774322931000785,0,0
74.14286517417507,97.40144477834873,36.812293267584366,1.1934132213826472,0,0
88.86676884582891,98.2594612998204,36.84192601678365,0.61204010022016,0,0
115.33897804851091,95.98949799600872,36.94600590624124,1.2193296015292976,0,1
48.29046313210239,98.2475423466956,36.12257549953775,0.0,1,2
71.23622889070707,97.2145587374009,36.76382190901478,1.5569446430160505,0,0
113.54655904563096,92.20794061139355,36.79268171497324,0.9538064442612283,0,1
78.05210991993475,98.33551254486531,36.66247505618773,0.17249408082662843,0,0
67.57992871355168,99.27912788845543,36.94823116481698,0.12639109426149125,0,0
50.83243575665192,91.8993145010015,36.59544435180245,0.7358325128687928,0,1
39.96649414816141,91.37776258020115,36.48770402422374,0.0,1,2
72.15237816249258,100.0,37.19213828714806,2.422782963624593,0,0
62.97553377748049,97.24698000147387,36.901997026617536,0.0,1,0
67.14979898715681,97.33364442171433,36.87235222155234,1.7399652133132695,0,0
54.189432402500124,96.19109530677287,36.8522141329307,0.0,1,1
40.48020747055634,85.76752638981446,39.91047177965795,0.9573402273548265,0,2
86.91993894680161,97.06701665674062,36.6147855944619,0.12461235850759299,0,0
45.10176763871206,85.03504709039426,35.950220914797384,0.7831051083173035,0,2
89.75626710144472,90.25879496536183,36.477417535834796,0.0,1,1
62.45541716934872,97.76843828736772,36.60880361677775,2.1493393006800607,0,0
83.42250942857629,99.16752575391543,36.502940963643574,1.552804169111808,0,0
78.50019852658609,98.90349750127233,36.97343062580811,2.136178717152294,0,0
118.4846681286537,83.74861875947477,36.72706194033081,0.0,1,2
77.98778574397674,98.2585508587851,36.615127311987166,1.7465884284573294,0,0
47.38721252482665,95.5169029847256,36.6934820618387,0.0,1,2
82.11993876482727,98.6120350668947,37.10419992982787,0.45769581278898497,0,0
80.59019017942416,96.98686101825645,36.782235870114825,0.7184714948857056,0,0
75.69781144452392,96.18839535552476,36.601847325410205,2.2344544156680026,0,0
56.31060697034611,96.6859382729922,36.407731205168346,0.0,1,1
74.53134168405472,98.16842980843477,36.8204956964066,1.3206614743279987,0,0
45.32690589604794,95.99010375366969,36.8728950845984,0.0,1,2
79.39926106027514,97.77959789287395,36.83719622329894,1.1901260962837892,0,0
50.67915284985936,92.38588325191962,38.101921013141286,1.0878945431479108,0,1
69.38067828731347,98.51197494041493,36.86148330583645,2.461355287264042,0,0
69.4797498868466,98.38276234950472,37.164053266205876,1.9776362661484095,0,0
123.3507926720627,83.50576351482427,36.747470797342714,0.0,1,2
57.19498334239526,98.59483462915,36.144710061091615,0.0,1,1
60.409107989428996,96.89587111685745,36.53592022471917,0.0,1,0
43.29661236353196,92.16302330295704,37.128024779261544,0.0,1,2
71.76641872742842,97.01277787035959,36.94924543245824,2.434112513055487,0,0
76.38378126766122,97.71750221778298,36.696147065121735,3.4597845691408966,0,2
56.26902557402911,95.73313753722749,36.102475411228234,0.0,1,1
117.40922396745565,94.65936777913451,38.08286793808294,2.574363018996724,0,2
57.537571651067715,96.32974792834038,36.16498313615204,0.0,1,1
58.34552443404809,97.67818852746007,36.29096577658455,0.0,1,1
71.58303934729129,97.42452738779755,36.666920447136384,1.8486355732953594,0,0
54.317033113225605,98.00273593461907,36.18637263056751,0.0,1,1
104.63463377418199,93.6371841952344,39.02538096867449,1.144611527912374,0,2
45.53391198682625,93.51353692870623,37.49694728777089,0.6485370304787964,0,2
83.57534778988249,97.49166978004929,36.79819562388532,0.36621769385523295,0,0
71.40727472326859,97.53667154739735,36.83020397726486,0.8359360777103142,0,0
88.84747310983009,99.19992212702094,36.624417383277944,1.6076107502861132,0,0
80.35440491864682,99.01549266848708,36.43368528072165,0.38699705623565395,0,0
87.59049170100327,91.57223672694455,36.47991345560128,0.0,1,1
52.76859963837793,96.48028691272283,36.784908666945306,0.0,1,1
65.73286418433332,97.99802280057807,36.79675475825914,1.8196927293017622,0,0
71.23957834967281,97.84308374220211,36.67043030948989,0.5988013521986516,0,0
56.768190164953765,94.74857195113324,36.42444869570492,0.0,1,1
73.16919845150579,97.8331810412104,36.64757017849864,2.0797242872336246,0,0
80.78213838609996,96.92879063668938,36.76662281863006,1.7779553539624404,0,0
73.51267824506996,97.24287600232013,36.76200913520863,2.433343835131494,0,0
75.1238525122589,98.20531463620449,36.907824034414176,1.0020810099315027,0,0
51.144591846406506,97.34799232694195,37.086137063303845,1.0056510756644936,0,1
57.69217120131133,95.78396002899302,36.667527210747465,0.0,1,1
68.74803104738827,97.80703179784955,36.83821236345626,2.422841332292716,0,0
74.81076297094926,97.76078618607566,36.58985536096113,2.059852225747849,0,0
74.69766654600345,97.61771329357052,36.81660021041057,1.7940082570401097,0,0
84.94563887807513,98.22122223943524,36.80573613913977,0.8912872887235314,0,0
80.17636428995766,98.23030956450661,36.61290898712124,0.6774111175420926,0,0
41.381914368861466,90.42740476359211,36.85587550263709,0.0,1,2
115.5899370068468,82.88087306786063,37.13857974274589,0.0,1,2
66.12332704509501,96.57939989277317,36.855876898680116,0.15361037051448898,0,0
66.74001074329203,96.71560882215253,36.58890837067052,0.0,1,0
56.708897292038856,96.7983895073145,36.906490900637266,0.0,1,1
49.73837760579551,95.97137966676823,36.10305545205035,0.0,1,2
82.13635303100222,94.5351685199798,36.56008917913851,1.536277944831894,0,0
65.52173387457171,97.48339701167876,36.847282596419355,0.8606934759005398,0,0
71.38875480797964,99.13658263770078,36.454658738310904,1.7120925200416028,0,0
73.15002897293154,98.2601438857667,36.64381697058038,1.4150432557580268,0,0
78.14170967862219,97.29647781270005,36.536155581075796,2.0852629350011256,0,0
81.77289540974539,97.69078461518673,37.15720726381985,2.084478494933322,0,0
55.19558227981799,97.34006588426499,36.20929048374362,0.0,1,1
37.184166767582305,89.35804465204532,36.51331634951528,0.0,1,2
97.86703295344435,91.66611683763506,36.93715994870758,0.0,1,1
76.96051116585181,97.08925602011192,36.52183886644496,1.7505022065026454,0,0
65.67999361410533,97.21533812132576,37.089490966469235,0.4620721251677503,0,0
72.21431049239683,96.51901207626256,36.62880630960723,1.4702389015887605,0,0
68.91401550499266,98.01101703022228,36.66274431887638,0.3377868748483605,0,0
54.631504277041955,100.0,36.83791997533541,1.1351686206143938,0,1
71.28789568548189,99.4544919295549,37.10038770975969,0.13607990982877247,0,0
82.02572028799159,96.68492296159019,37.1019947975954,1.8774587333052568,0,0
41.34934785383306,92.01404779094504,36.45760845919698,0.0,1,2
64.95654334205483,97.62465358505581,36.76467809796738,0.609968555753988,0,0
59.75643813596547,98.23602340338476,36.10919004281243,0.0,1,1
79.91653894838635,98.20446436288432,36.989372154602805,1.7426482340449971,0,0
78.55016024918501,97.01258521710115,36.84217797998943,1.7697352725235806,0,0
81.35723962591643,98.80744252123934,36.64815274112768,2.2613589647642898,0,0
52.896726031872134,93.11437083981079,38.16852891227735,3.1134579858489526,0,2
65.48204514337152,99.26375180304268,37.075878824249024,1.599173260692521,0,0
82.83501873176931,98.78309848981097,36.526775557997226,2.280229348627271,0,0
77.7958940715221,98.38375014366301,36.821010156453156,1.208158953182209,0,0
118.43862949708486,92.22379238749748,37.103447883492755,1.5024711535028918,0,1
71.31819854126911,96.7255678714125,36.68990254720163,0.9319368975621392,0,0
58.07809558470772,99.01358174372739,36.668792683071,0.0,1,1
49.86906775562112,92.49610281322171,37.90277918305813,0.6149411270687462,0,2
55.1289814341397,94.74483811552169,36.38222846680367,0.0,1,1
110.48863822058006,95.73373034806261,38.46289910550898,1.5015598096014506,0,1
58.97620762798381,96.23891930023913,36.45259057118723,0.0,1,1
62.92865644141205,95.31467949587064,36.611185277780855,0.0,1,0
123.11225421199083,95.21716764963084,37.993789079723754,0.5996636296392179,0,2
70.10694238240234,96.62568816350468,36.50477547901746,1.444009987012598,0,0
38.925532222082765,89.88107572302398,36.60495792424037,0.0,1,2
63.36015260804497,96.59614157860719,36.81418500614056,1.785868586560278,0,0
81.26208726835733,98.61641239765711,36.86592364687962,0.4347523356007639,0,0
69.13393502029417,97.30265909239756,36.865555033981146,0.6131838733899779,0,0
50.705877751428744,96.9571410670545,36.62673482992495,0.0,1,1
43.52392959120606,98.08761112244964,36.07546245609064,0.0,1,2
133.79541017561536,77.04211570492969,35.42135603808383,1.958255048611022,0,2
85.06678394882634,96.11405079893075,36.50334620191031,1.6849892007726675,0,0
75.14413782436415,96.62178536458708,37.11140543044206,1.780503745255052,0,0
91.09684786362597,97.88122792409577,36.597405080836005,0.5370550080096511,0,0
54.38195274538815,96.6810241241682,36.322073946448064,0.0,1,1
72.0351447413355,99.70515706017608,36.674444859773274,1.200098060212149,0,0
112.26819753982,93.62260145433719,36.81543160512633,1.6879047714208446,0,1
55.01449377103281,93.29353100617257,37.299654675857816,2.1455623659645546,0,1
93.1183417069163,91.69604241109649,36.89568627400098,0.0,1,1
122.79239163647945,92.71609909919538,36.8850751162513,2.671691646786576,0,2
106.2814323726288,93.89647470010881,36.983199112630565,1.6634702102329229,0,1
39.05709692592764,86.9154757129962,35.14932264945342,1.0734830822526644,0,2
69.57013901661374,97.99086967863157,36.776922851667564,1.4374575921623645,0,0
70.67849167413324,97.70312327281066,36.72985457428642,1.6419048027239067,0,0
81.86291981455423,98.56671828262027,37.30386655824872,0.5354556002351873,0,0
87.75475434652967,97.92283231959634,36.52481193531694,0.31106661953302234,0,0
53.103622170175306,95.2824071754865,36.34809271586853,0.0,1,1
55.270731804301164,94.74384841018333,36.50705873700409,0.0,1,1
53.846435126644984,97.12341186572996,36.377364690062905,0.0,1,1
65.03730028799755,98.88112747411995,36.8555833591838,2.298475684684817,0,0
49.910122622135894,98.14356920645945,36.79673802771992,0.0,1,2
64.55313132854094,98.48306271139904,36.604265991595604,2.1736208405499533,0,0
59.44545319321851,96.57822891152692,36.915218945628965,0.7061673497294241,0,1
74.17790969030104,99.37707482232716,36.930118523992746,0.4259387561177025,0,0
113.43104521254388,93.49637003329296,36.83614590562846,1.3142260114058772,0,1
72.98716204846775,97.71259829030882,37.0125254994776,2.1249161215132952,0,0
83.37942200494649,96.85651382118559,37.01546737745567,1.889401626190696,0,0
75.89322828184015,95.80171332346227,36.946031432806286,0.6057204983788083,0,0
82.47636607600624,97.6404547201154,36.41496963747474,1.3936121075818015,0,0
69.40745866071539,99.65526410957636,37.07408036022778,0.7757793325174817,0,0
88.53756251415791,96.71311769340564,36.71070905456941,1.2455085103157055,0,0
74.38657577991111,96.50557902841331,36.59190298035083,0.414850100603226,0,0
53.67640887291519,96.85070313149153,36.43421150199696,0.0,1,1
68.59089121757006,97.21368664471173,36.72540421594812,0.0,1,0
72.62773908780025,97.71637031516107,36.76719491154797,0.14572046876042571,0,0
73.06193747664494,96.81865864060532,36.61285526791932,3.36315952201674,0,2
78.66245700200597,97.88144723446284,37.07857293795027,0.1846312434523525,0,0
47.42127747133769,91.0854323465808,36.869230628683226,0.0,1,2
77.1642070256558,97.78580193023534,36.5830350858069,0.38321414810201415,0,0
68.6624204348596,97.959271972167,36.75081004309087,2.3061364343933395,0,0
83.02482790550195,96.19468712908889,37.186490181378815,3.5883658640926996,0,2
78.08787080012857,98.12187038238305,36.96344130349951,0.11778910354271543,0,0
64.7715332442139,99.518921573723,36.58888200147752,1.8567558622566573,0,0
97.01595335336889,89.86237200865955,37.26144150801522,0.0,1,1
84.87775665364785,97.9933787513413,36.77829133369548,0.7961825999337417,0,0
73.45417948199072,97.52410160574112,36.85241163651148,2.3056687633362594,0,0
46.46138133470521,97.31061161059102,35.93504620596567,0.0,1,2
53.65231097238051,97.40561496776856,37.185017779373446,0.0,1,1
109.60689121003311,92.41320913973084,36.73215594173091,2.66422008552559,0,2
78.7558275267762,99.02254415293298,36.73806224614182,1.9740737353225963,0,0
76.09596855150869,97.01650965832495,36.621401896583954,0.4780207314566234,0,0
64.61278731123541,98.81272007329025,36.28660247864455,0.0,1,0
64.90723994754268,97.05740475841039,37.0309311810778,1.9047180001437047,0,0
55.817854153729044,97.00382786979054,36.42081946675007,0.0,1,1
83.47733809019661,96.6090290095197,36.6710203957458,3.5952828903635217,0,2
98.03921206841406,98.86065512001733,36.94126322850985,3.7869875899120347,0,2
98.60528887109578,95.81358201105614,36.67612528210894,3.1730459043145323,0,2
118.91633863357495,93.00562469684604,36.74316252463056,1.4440694194494519,0,1
110.09072981823788,94.80920920153532,36.383712567646675,1.4422755028722525,0,1
80.422495833544,99.35313120353935,37.154562344824214,2.0199848606475843,0,0
71.58180407661884,97.5131270211014,36.678844917020285,2.413668174289561,0,0
44.65393791762109,95.69479790562663,36.67194792785928,0.0,1,2
69.08391179873425,96.93638443588824,36.44094411546262,2.157757274399869,0,0
34.82374890275539,85.97857215278817,36.71525221033166,0.0,1,2
69.4449993549985,99.0740751564877,36.65665111803806,2.174819147332335,0,0
58.8926566127479,97.6697380236911,36.6815370923767,0.23340423794101142,0,1
80.61233373103664,98.2231266451155,36.86514716842614,1.8959226945357333,0,0
93.90771930592533,96.33153784672658,36.799981626311734,3.7260121651493843,0,2
57.16769263720237,96.96713447782608,36.58298906937251,0.0,1,1
77.97797653103443,98.4114134689151,36.77915861727699,2.3479050285645786,0,0
82.49392251013727,97.34352848404949,36.72254918918021,2.4851483512841064,0,0
80.816420185681,97.46822660625526,37.24115653894963,2.313738649337279,0,0
80.53155989423222,97.31931959002348,36.9846029638466,2.4450444708189276,0,0
83.16188173330826,99.05353405777954,36.71183809373028,0.8507898802648154,0,0
47.66360047517353,98.5006539210221,36.94875300728194,0.0,1,2
55.25074821175601,95.13129928046531,36.536640371351105,0.0,1,1
59.75313483860168,98.93797661260584,37.024660506222766,1.995501972126337,0,1
82.65847909003291,97.75270935429147,36.652690355491835,0.650176047548654,0,0
75.83348728537646,97.64704927063379,36.63481352908174,0.8898238388593717,0,0
109.847996239308,95.0164199446419,36.895168075368794,2.3197398640235045,0,1
65.78193865248053,98.05535703131683,36.84585336821908,0.2525297336387073,0,0
74.6875734152895,97.83163401617891,36.83907207935177,1.4330818054449832,0,0
144.3431952719301,83.60397790286484,35.38520429550655,0.34158816273976383,0,2
80.76669835232737,98.53080482782595,36.635609178867675,2.4228107322450727,0,0
109.8228668709911,92.5574449621246,38.023657253939575,0.9892293453824323,0,1
77.96104170824046,98.90323238612154,36.93372716703752,2.0263522225427684,0,0
72.30188973550555,99.13806592697902,36.97388527563391,1.8179856087663133,0,0
120.24994711220786,92.43588207198754,36.73231540837334,1.3895516010918283,0,2
60.94362777918325,94.32346301057795,36.08597723211877,0.0,1,1
78.74488530745093,98.61168339475522,36.74128080911734,1.3093192611898852,0,0
35.32652950107502,80.24387757155561,35.668473065174815,1.105165751101195,0,2
77.3952699884887,98.40491382718356,37.32738936731587,1.8959253253725439,0,0
51.780575884632775,98.69067642218971,36.56776151164892,0.0,1,1
125.76314733049365,92.07745286154889,36.83742949737547,2.0238140666829167,0,2
113.5260798872468,94.8682785719839,36.8447957804306,2.8878726462401985,0,2
113.01781778047234,93.40514613929597,38.053661842143356,2.8764865003110884,0,2
45.787742358545856,95.005197356792,36.443219740233644,0.0,1,2
53.47631650914584,95.26160275408442,35.998182276098426,0.0,1,2
54.01676394700928,92.28815384889673,38.094480612149965,1.564424289344688,0,1
90.53778066520907,89.98292754897207,36.97478178425504,0.0,1,1
54.65663064384276,94.69206024306523,36.12751552503591,0.0,1,1
50.869490342263205,96.02681448909951,36.59071512110763,0.0,1,1
75.86645408372331,97.41214547619063,36.79040109368013,1.9501557313267557,0,0
73.90762276917248,99.68806024124582,36.763219083891094,1.3338041794889848,0,0
82.63100118605225,96.42647337842246,36.818180771441526,0.8609694833077888,0,0
66.9098612949713,95.03268389213135,36.47511670557646,0.0,1,0
109.73367231806965,93.38179673216763,36.75499354620768,0.7845661437526954,0,1
82.19537122884391,99.61247228972036,37.024761352161015,2.0153472767317364,0,0
91.8753209458991,99.08839549321945,36.70257527385422,0.6906621691268104,0,0
54.45395564267775,94.6931673533975,36.82236572449968,0.0,1,1
47.29735326245805,96.27059776571932,36.24292486395837,0.0,1,2
92.36206900057768,99.04943728074606,36.48124092196212,1.9349193663256044,0,0
56.83027411819328,97.26237988528625,36.199855488286794,0.0,1,1
59.52516576179859,97.72222036899043,36.36577512448871,2.486099175774521,0,1
55.593061050337035,97.52488430085434,36.469853883650906,0.0,1,1
90.9132008856959,99.57334647277075,37.078780504796775,0.2210177880673167,0,0
114.90376323157507,92.26672474252192,37.12386279592614,2.196112291728883,0,1
44.247650351302724,96.64107163333969,36.808657958727395,0.0,1,2
79.3206932628355,100.0,36.863709722388386,0.8088818886333131,0,0
107.03918037999682,85.46398486321912,36.99431181974923,0.0,1,2
86.73044699873829,98.33886682416923,36.82425954184444,2.4479094639753747,0,0
50.51316520531819,92.49689608386849,38.262685524250486,1.1263002110693643,0,1
78.82806415413192,97.05513972086479,37.20371314247658,1.1900648249902823,0,0
75.86931390117104,98.12047678941155,36.500565812834715,1.3339281239963647,0,0
77.3934100512368,97.14760208099041,36.62682614661644,0.10662315641267438,0,0
82.6785372693407,97.56439375663612,36.89474216098151,0.9163173060242824,0,0
80.05461529102254,98.71901566251975,36.80329232448761,0.23541634100181358,0,0
107.61154730296418,92.48010228031438,36.90356131739543,2.385040199369869,0,1
66.56698463780279,95.63719426732996,36.590683261532995,0.0,1,0
53.61121700488628,95.12565077574807,36.66364851607195,0.0,1,1
121.66811120195987,91.58363429203533,37.088925689326096,1.4270891878769147,0,2
57.20672733439362,96.77165024340808,35.902470815687764,0.0,1,2
68.91663715124018,98.94602771430924,36.537470148941956,2.338520233620602,0,0
83.37480296343064,97.94123276247086,36.79710055354839,2.176551030065071,0,0
89.21997033420784,90.00865425230747,36.66856433096158,0.0,1,1
59.461732490642575,97.46860961877512,36.520971574662205,0.0,1,1
50.68395967416166,90.65504091084831,36.842263405885106,2.2241836856330215,0,1
53.51936121117461,96.69701098735698,36.68482262941478,0.0,1,1
75.94871026102527,96.56471032660916,36.81286680816322,2.247557800146245,0,0
94.47997802891008,91.58651221896682,36.42663544889914,0.0,1,1
68.62382897355306,99.18182936304284,36.8870640760706,0.6447031076489462,0,0
66.17503727940647,97.73758215084162,36.936236026670585,1.8786587128453234,0,0
89.95933970219771,98.99251998003992,36.568237094982514,0.20834097726908532,0,0
77.16492911012142,97.043746518873,36.82623244024183,1.548571245471212,0,0
83.49397791552538,98.15968169407935,36.82798175611549,0.9694942663408629,0,0
46.961155296037944,95.27068924696427,36.533176601088016,0.0,1,2
72.04029673185374,96.99506363282923,36.440004685916186,2.4761330986596035,0,0
84.7043106860937,97.35561371489443,36.58629847356961,1.1157046124207735,0,0
110.47084868078475,91.21793319097337,37.47377282086552,2.2665758069417317,0,1
76.80703251690876,100.0,36.65821785500188,0.5094401279357534,0,0
69.12911803083504,99.33375976835532,37.011595406413626,0.4983999846608078,0,0
89.95997014182348,97.72789684022965,36.71386497430099,0.44587888584162827,0,0
85.14367789534624,97.84030259949859,36.643730239685844,0.14645629120971906,0,0
106.6828214476633,92.77518327210255,38.10133628623991,1.0373683084691736,0,1
69.78041794136975,98.70921892108254,36.5447034946667,1.3970919014112215,0,0
49.86463717761297,98.60831486983929,36.54114797530202,0.0,1,2
59.74157991028752,95.5901411143297,36.41398505449927,0.0,1,1
80.6860684812978,95.68635658561504,37.06391176031204,1.7164577044432034,0,0
86.72351308772073,97.71582467465888,36.77866352310139,1.6132984109016424,0,0
72.11985461578978,98.13988530975188,36.850809056590954,1.301795246242957,0,0
65.27664654716675,97.34624388238849,36.78211262815133,0.1888914591864979,0,0
84.52332504162587,98.02494415053702,36.95170450815294,0.43161468463144415,0,0
79.56262529740462,98.06471786811346,36.81677852386922,1.7275975014898293,0,0
36.81063381953791,82.3115018486552,35.05954525267391,1.3754330981955503,0,2
67.7154931876526,96.06398742392318,36.925619652709486,1.9810182117070034,0,0
72.62346438792646,97.83097552656902,36.9034751758359,0.5613689607829496,0,0
62.52554070808088,97.11364151763497,36.00324925207546,0.0,1,0
60.6220836209169,95.18974331391793,36.840879833204426,0.0,1,0
63.50854192281294,97.90761496488575,36.66325376079065,1.6489357304067211,0,0
66.17210049879132,96.59466360668019,36.703149955912345,1.4159538911815803,0,0
95.02874235350468,89.75837993834183,36.909486933861494,0.0,1,1
91.48528522899947,91.17895641128644,36.6190136606596,0.0,1,1
37.40731838098308,77.41098815740747,35.62865336452376,1.4527446634361159,0,2
74.79057861318107,98.30844710379777,36.8988003334606,2.1956906554544426,0,0
69.20026706660559,97.30417776316854,36.995099911852456,2.006219027766999,0,0
86.43977952679809,98.94367184198047,37.19596092063389,2.3156408093292185,0,0
51.727803153126665,94.6943544071396,37.002352268197534,3.161124503062345,0,2
64.98050680093684,96.83737672239242,36.94657796220598,0.9832908977644356,0,0
37.20353504620392,77.13524453131063,38.990157032804504,0.9063240500585864,0,2
68.95880778677287,97.20949901903613,37.027738821564064,1.027739604903115,0,0
45.99341697977779,95.00718798159666,36.36540741494961,0.0,1,2
68.9202589816575,98.51034248135248,36.710368476242955,2.0647587657225555,0,0
66.77922719025692,98.33687216263984,36.309288885669915,1.337369476524915,0,0
74.04560475788787,97.4727248460608,36.60344866143183,1.3059130225137552,0,0
64.75532733538049,98.44212178886741,36.80125023471676,0.33974430045159676,0,0
44.40803421544159,90.1384133528868,36.65348562758808,0.0,1,2
53.06223041134411,94.34699975623131,36.64357518420231,1.9401808657563846,0,1
81.51931013243909,98.36519720583753,37.01633103635393,2.054101616020987,0,0
51.49627738197777,95.47222869304692,36.548192371380814,0.0,1,1
82.77704922818515,97.9545267784517,37.02829956702679,2.1243446444105123,0,0
93.08187272003482,90.6691595339188,36.705078314390114,0.0,1,1
82.45336125967916,96.94313338026737,36.73278602815576,2.209515329732662,0,0
50.90109860532211,92.65202786402055,37.53766920501307,0.5261389302550536,0,1
69.82233069625929,97.5719682837096,36.40155304169307,0.21150798946610908,0,0
55.40139975908631,92.93434983449524,37.053100697880055,2.9679731902376325,0,2
58.19229030186038,98.57393099915427,36.435034450902506,0.0,1,1
121.25348045445615,83.7540230849245,36.32948406072018,0.0,1,2
80.87480716462433,98.43207938353142,36.933678674118156,1.4967360592993748,0,0
70.17202612506831,98.56985395777147,36.80063696990097,1.3154981090685491,0,0
33.635448012130524,90.99382702572002,36.799914856763266,0.0,1,2
56.408616206156005,95.15838595035729,36.32168464056399,0.0,1,1
81.38474979359427,97.86125074715436,37.09899580271082,2.2246301777299657,0,0
60.37340215315851,98.94266228291573,36.954774500982545,0.8932677632488226,0,0
58.113920288421845,97.84542678696178,37.032656261815,0.568761785304062,0,1
118.03512935671485,83.12586702661277,36.68956808064677,0.0,1,2
86.72719681575114,98.23200023052785,36.54985354231979,2.0641955984883746,0,0
78.96702322764537,98.27207908057633,36.89513211228365,0.3081503576459019,0,0
59.03647116572121,96.4694980584551,36.16180341119163,0.0,1,1
111.04576587233971,91.63661158890396,37.0119363867609,2.163792468671405,0,1
65.95055978622571,95.84004114796313,36.55371676618676,0.33288642729319173,0,0
162.40057269196734,78.62542254704904,38.790348321164,0.38229911030683883,0,2
73.1950079155862,96.4756217808995,37.09244001680929,0.10023416694862447,0,0
43.622424097829324,87.1862765186002,38.42577795314471,1.6523627517186383,0,2
75.13600598779477,95.7494687744337,37.06121974255314,0.3450304281039934,0,0
92.56366652283258,99.30601272117569,37.17807658057349,0.3680204383583925,0,0
75.36071121862801,96.1254511107547,36.74177482426135,0.4025465004097546,0,0
65.28965132529547,97.09602274316538,36.233200300376474,0.0,1,0
66.62246042189294,96.29008920525241,36.23977151290145,0.0,1,0
76.728035164342,97.01623983062983,37.03280687944966,1.2720385817936612,0,0
39.94803703669415,80.60149502463291,35.29765188820058,1.8728807323166508,0,2
72.77561940957065,97.53686729332229,36.904966348942864,0.4032834432679645,0,0
84.8778278034763,98.11236087262505,36.949328615503326,0.6861569432270289,0,0
74.34965363208106,96.89656890554065,36.98842109407381,0.16472770792126584,0,0
68.64372652409763,98.60447058297912,37.17307984033854,1.971138563406952,0,0
80.86096438846896,98.1593934204678,36.71340224872253,1.1890375341481778,0,0
111.5758079768135,92.41093925080709,36.42553413463313,1.8287152417165964,0,1
87.75860495139632,97.17017460047066,36.53058164805873,0.8017875162633641,0,0
65.56020935291811,97.80224610703125,36.48419382188878,0.7864091604214305,0,0
77.31573398599075,94.39618661239585,36.94084406539769,3.858958036004865,0,2
73.0845851871115,97.38015228492701,36.635851627259754,0.9200176333385133,0,0
66.07661986028599,96.02650814616138,36.601098076965265,0.14458142983629205,0,0
59.9260351595953,95.67045230790912,36.37968692437497,0.0,1,1
45.45751277943507,96.5713819279966,36.38791158619075,0.0,1,2
76.44708510153643,98.09681422691506,36.79359728498073,1.6212940631355435,0,0
75.90835762622655,97.4323025527195,36.91651119202761,1.499220384955123,0,0
66.74137384747075,98.94656683630303,36.85728312089216,0.723520037528119,0,0
73.12580709308746,97.14195607624657,37.00551935718975,0.8702212041840325,0,0
117.96440401887794,94.01812757574488,36.731779294416654,2.2502664208744223,0,1
62.067978969756886,96.30793349206832,36.405132225441314,0.0,1,0
76.19190020940424,98.3580993724067,36.59998190770599,0.2890261687255342,0,0
56.10855188112202,95.56221095931785,36.418608807627265,0.0,1,1
73.82155399207672,96.48950098406755,36.78963228720412,0.34334545270529737,0,0
93.22417111174293,97.27323219431591,36.7085126243603,0.9241754697950841,0,0
100.01755744109136,90.99527623654728,36.60534761367999,0.0,1,1
82.61412126916815,92.40022692981647,37.414852195455055,3.2093998166879856,0,2
77.2275064349531,98.886233284207,36.55933263128281,1.312237748198698,0,0
125.72074291263803,93.78560187008631,36.60966943527656,1.130825564766564,0,2
91.16294123279845,97.39961389001981,37.09075921041445,2.234153118485078,0,0
58.7546590889837,95.61830494705531,36.32726078391488,0.0,1,1
73.19805332073709,99.09922442434629,36.691635387745734,2.1429691984524313,0,0
38.9771824583297,89.59968270276434,36.81194032466939,0.0,1,2
55.33355287931048,96.0860455190076,36.32166477266321,0.0,1,1
51.01087607738503,96.7900996106566,36.35362968856711,0.0,1,1
67.10698135615083,97.13475784225035,36.755763394430645,0.8074493889188548,0,0
114.23279777910274,91.16519323608343,36.74986988511263,3.1196421267599046,0,2
37.15022606861124,89.9148336788961,36.129359509474604,0.0,1,2
105.14386310682784,93.46721642736814,36.58946414321938,0.9158127048017035,0,1
108.33567313169021,90.77074685828194,37.168200820940406,1.2004737600522766,0,1
102.78829953740112,94.47867273444072,37.195313517862665,3.045170425459959,0,2
50.884183179797596,89.45396886146769,37.341588828356706,0.8738153965891733,0,1
89.46698674406026,97.63384943970063,36.816056990373625,1.4361477165173382,0,0
112.55888156642064,91.74645744829175,36.74708072685656,2.8591144657029783,0,2
68.08630892952496,97.94882672903164,36.981491580477524,2.1621347293643134,0,0
64.83652329103842,94.36734385090304,36.40641496227468,0.0,1,1
55.02798131510113,93.7866407717898,38.151179701615376,2.1601296913690815,0,1
52.502168352528685,98.85753469986984,36.46384977701373,0.0,1,1
73.21083927266294,97.91795730320328,37.013083607830346,0.45843775717576374,0,0
47.786745714280265,96.92648304383344,36.593222044567995,0.0,1,2
71.03512926294385,96.66864412234808,36.568924690101404,1.2561857917556534,0,0
56.494914750838156,95.33759659798008,36.38568710806345,0.0,1,1
87.14187295004021,97.44417087259649,36.638561627192814,0.8120287776032746,0,0
56.969602272742904,98.31239500377647,36.8521657570817,0.0,1,1
38.545719883597464,83.53149128258718,39.042416177595236,1.4101798012613056,0,2
46.5170122497379,94.787845960611,36.97024983451871,0.0,1,2
38.28591347226466,92.58081490629323,36.50833086160715,0.0,1,2
82.3992287320092,96.67051185715762,36.89613210068302,0.7836441667937392,0,0
91.18787990248865,94.04928056844903,36.87177925268316,3.2537610043167455,0,2
57.29125106308917,98.0525215080815,36.44026096019091,0.0,1,1
75.70260612012132,97.98336800333186,36.80582697808401,1.758286343711241,0,0
50.428878735937445,95.96026207276861,36.12176118748516,0.0,1,1
47.60664383462556,93.91299505382702,37.056321088299185,2.4939431937098746,0,2
66.04790732661209,96.85992343806403,36.84398422297918,1.4945313254455124,0,0
40.25763356250956,91.44285349383848,36.71063889238749,0.0,1,2
77.12618879665334,98.47959398703182,36.64887181938463,1.4340070400625167,0,0
37.93099389481917,92.37973521108657,36.76015130992441,0.0,1,2
73.59120382824385,96.93805381357869,36.62993552703637,0.5768660166672285,0,0
70.90134785160573,99.36837675524767,36.98483486992874,1.787046944509707,0,0
75.0756573017982,98.27548426771384,36.86576273060845,0.9159349672816313,0,0
79.7803641404193,96.98846807870041,36.88153152042076,0.8050619368026689,0,0
80.10841757490313,98.01673645419964,37.14084549889859,0.8440332403623473,0,0
83.41610755879869,98.91822431958109,36.7610207214983,1.0418812333635383,0,0
86.50696200942396,97.51542675472102,36.77555619419054,1.2400669618289843,0,0
52.96311060359396,91.81100682016815,37.89441447954742,1.9859770906883052,0,1
56.432369970136456,97.15526928507659,36.27845670323402,0.0,1,1
81.43795035498782,97.94482385479938,36.73857149815241,2.4276936136582448,0,0
118.88203989946784,92.24815066270726,38.097154228552625,0.9718992604307722,0,1
69.42718661887616,99.02746109227954,36.84064837477568,0.7443218206591098,0,0
57.53601963152392,94.19519875726377,37.42284281031684,0.9050104239641755,0,1
50.406651460539834,98.08636841302622,36.19049824493962,0.0,1,1
76.44185998810435,97.09737824158603,36.11910270281363,0.9699903489380185,0,0
89.63090093580227,97.50254878234226,36.7915348180714,0.30050988931889117,0,0
79.32570658958359,97.27823405414426,36.7006089036861,0.6645038221682795,0,0
73.77029141252476,96.61099131976533,36.57896975347279,2.0209280717436138,0,0
40.956223738471756,90.10656193765395,36.82649458323323,0.0,1,2
80.30136271870724,96.63504433951705,36.99938086627937,0.2790327023995009,0,0
57.93279184841826,95.65398034909678,36.572248986561085,0.0,1,1
79.88761336766376,99.70590455452944,36.73675849294743,1.0168974056481792,0,0
65.93482617454407,97.89112102933352,36.59865338749632,2.0390048839659833,0,0
67.23521226833469,96.46516831260729,36.149197995034086,0.0,1,0
111.17250796954593,93.80543039007264,36.82155050066988,1.6449470196006581,0,1
81.32384841273259,98.02513754257541,36.59016455643536,1.2851800975689718,0,0
74.19505302777083,98.3700019412929,37.27942071977347,1.3659241361534145,0,0
86.3681901497308,98.46400859929399,36.74706423386033,1.1819278282219474,0,0
71.64375541328587,97.99708161698214,36.81346451391442,1.6772246460279205,0,0
56.542233384285026,94.46435973960611,37.75218762966143,2.282906257584889,0,1
64.35345371879527,98.83551880346099,36.71108520279258,1.0183637495057112,0,0
65.04766928556558,96.88779009819578,36.94403348764147,2.2068429057426013,0,0
73.73676910718203,98.5170790290657,36.80179694492395,1.3594910467626315,0,0
73.92498794714366,98.53539599269533,36.66249752572796,0.18821397910878215,0,0
91.48973827364749,98.1119924286909,36.81798877464976,0.10743528778763967,0,0
72.11397464243244,98.68392350122915,36.79986428066593,0.403815558413285,0,0
48.36413692770971,98.29500631986087,36.62990184540729,0.0,1,2
76.0713589747781,95.64561629365927,36.63212960834147,0.8077186543863935,0,0
123.7181436821782,83.22660382340923,36.63295562332929,0.0,1,2
75.75998783023796,97.0745246830811,36.64130538618028,1.3923533827001258,0,0
78.0966673176012,98.57731288728586,36.84298365742828,2.2168043013152254,0,0
92.20956781755174,97.4758909170009,36.61830599313972,1.170210284164905,0,0
34.827946692839376,86.22301363303109,35.383598853211566,1.631574528596271,0,2
65.70325735360592,97.25552454518653,36.94446123908208,1.899397197825508,0,0
58.12917309057923,99.32263989167316,36.5819452671445,0.9669469012312281,0,1
77.35154539712347,99.55954727182956,37.220617545733646,1.3259922691150106,0,0
111.1102991172058,81.39763173494286,35.84275430735384,0.0,1,2
76.96995756236724,97.07056889660018,36.65805767466625,1.632413262148643,0,0
71.3015184172145,97.65516011704966,36.73749905030021,0.6279280098607711,0,0
90.80497552032405,91.581670116279,36.84041829713502,0.0,1,1
67.19861671276051,98.12281683812675,36.85864880939579,0.9003244954835388,0,0
33.298437747123614,82.9984873703788,38.813441131196846,1.4411565278583127,0,2
80.91373532387064,98.03423541081055,36.71361340613179,1.196904287330104,0,0
57.38324986078988,95.8059639356151,36.96662241374542,0.0,1,1
61.154736579005295,98.33418055585977,36.60720922130051,0.0,1,0
71.94689725943292,98.12239509512693,36.79865646679234,0.7804189760955444,0,0
69.86077382265762,98.17333553870327,37.02787767168132,0.6682197630395921,0,0
51.69704130212729,98.2511729760245,36.678435433058276,0.0,1,1
56.65764719544039,92.03398681042233,36.71747828513041,2.3226854270548665,0,1
119.30266056920146,93.49400079385909,36.95743230360363,1.0962690051687392,0,1
89.08468799181023,97.3374692098743,36.65148268055538,0.838475084529376,0,0
77.69833057183385,98.69181817807046,36.97335755511741,1.2773039405719282,0,0
67.86227860700848,96.9412341674169,36.67961886133057,1.2158109337484613,0,0
80.22860405660104,98.63895887115436,36.959525979107816,2.170251703711096,0,0
165.4628165628908,81.48137384733829,35.46190406971603,0.7904079897422459,0,2
102.74558608445986,97.08999225317865,36.51866101269337,3.3865709437445517,0,2
47.77546290495114,96.84765802788337,36.09896223101934,0.0,1,2
64.89127015378983,97.62757343816205,36.65102455125252,0.9225236296645571,0,0
84.6148255916018,96.46286804932052,36.318380243670305,1.3712005991908363,0,0
38.43240505250066,81.66795921422934,38.58015937002153,1.6916233339801854,0,2
160.3009446367315,79.10450044864004,35.615948432444114,0.922699860352608,0,2
70.01416527388466,98.49996306632345,36.83948839524677,1.711588612699818,0,0
67.04438225125384,97.00097027596111,36.865053040835235,1.2424432909218577,0,0
56.85797835979349,96.33037018746086,36.42814681497676,0.0,1,1
50.33170820477661,96.43945581293922,36.04643672099284,0.0,1,1
83.3832416721552,98.35447625981699,36.69645355824222,2.2081303990063508,0,0
90.18528079669748,97.72526253414365,36.45753063201324,0.24721263731020474,0,0
80.75505896619113,97.66267237285163,36.78519046516283,0.44118050682575216,0,0
60.33289489406568,94.99577054147598,36.26763938907823,0.0,1,0
59.983426080528446,98.6265113009903,36.64064705349605,0.0,1,1
110.67887192994374,91.59156042866701,36.956519025337045,1.5935580387346018,0,1
62.9506880873691,94.86626550702547,36.939706224215506,0.2918864589861416,0,0
63.69307018708695,95.74104631108945,35.958003390600055,0.0,1,2
67.11616702595008,98.35164770642524,36.99821426331948,0.39836633822956136,0,0
81.92547203138878,98.0054007726019,36.95855302872887,1.5182676815961087,0,0
74.83630728584062,99.46236666961047,36.9703096270529,1.3571112960934686,0,0
80.87327689398712,97.64498657107542,36.76726857788602,2.180643169469917,0,0
45.61951916355016,95.19467765324292,36.38299562802355,0.0,1,2
123.5717788909523,82.81895086032115,36.04002450915829,0.0,1,2
69.56582146617701,98.33050243777446,36.85987379220603,0.6527506090322175,0,0
68.27172028337637,97.93525145038286,36.73277112771678,1.3991593159409288,0,0
68.37476143820882,96.83308325038624,36.92754648898982,1.491348762876675,0,0
83.03460306416042,98.27714433839137,37.08463350603558,2.3046283146421773,0,0
76.59660921628902,97.83006638764519,36.55746795038888,0.5880175689201588,0,0
56.52510909972835,91.47784905489267,36.61246465665502,2.758741059037092,0,2
118.2273226575436,92.50223084739496,37.19734208310052,2.0367671750798353,0,1
60.88497984578019,93.02855141498324,37.032770780468525,2.807343878619145,0,2
92.70176385341836,96.83135511362785,36.665620750951696,0.8838704326283061,0,0
70.1819955541416,98.74037492645363,36.84396255160891,1.6287468185737346,0,0
78.76363608950048,98.75164006232461,36.6791994045734,1.9959155361754781,0,0
107.63745547675279,93.40661651572994,37.761091949292776,2.5833144352977384,0,2
49.952625765031,95.67232719118003,36.30735217151639,0.0,1,2
71.7595944444565,99.20303342752686,37.13249975315673,1.5068129443187133,0,0
79.7301700781859,96.36771440806689,36.762495059419926,1.919997008402641,0,0
67.94052693174213,96.56604298283665,35.730464403536715,0.0,1,2
92.80401612543783,92.23305100448542,36.099651745674876,0.0,1,1
32.457742944402526,84.09814315956999,39.52056470796824,0.706509377949019,0,2
54.73819918157191,96.09730094727414,36.236326731563565,0.0,1,1
79.99021641402138,98.18423721447564,37.020193812496586,0.5237895339747135,0,0
108.25948442324437,91.19371893797454,37.91187976393307,2.0039515069378835,0,1
122.58060180531791,93.06979405404502,36.765434408864714,1.0691651379082612,0,2
81.99355504074956,99.4969974652947,36.66103271675627,0.3145741148780984,0,0
30.63151273809709,83.38844233673103,39.953610093288674,0.530141766573494,0,2
82.42073091534532,97.91626267741417,36.838831919139,2.136341732334794,0,0
34.32978832663226,83.3818936511778,38.69442563961478,1.5045559172845462,0,2
115.29278427028378,94.08578654294327,36.605040110121315,2.5924406273680662,0,2
73.45109463088953,97.27392732669968,36.8403512538521,1.5122184392684572,0,0
75.63659268170764,97.67077417029014,36.96932568563936,0.9968332985874411,0,0
110.88553555768236,92.3148715206088,36.545691949944356,3.1619674917328267,0,2
56.83506220767656,97.23235613400534,36.31006270768289,0.0,1,1
56.666695159026325,97.20107624824848,36.10408030386994,0.0,1,1
46.72851069812039,96.7411118239048,36.29479850023943,0.0,1,2
93.24562123102947,95.79621765436096,36.695444760212055,3.343083128323553,0,2
59.286268643722515,95.0102202968714,36.50963662470678,0.0,1,1
79.94671429048722,98.20188676644896,36.77339618921368,2.3729954797692296,0,0
108.4308729589312,93.98568998772033,37.901701789226756,2.761027543870616,0,2
78.36066809797573,98.57330587312418,36.943342320307174,1.0276943011320345,0,0
87.25691166939184,97.82789831469162,36.96013627113243,1.2546397148990545,0,0
89.12694486443124,95.71564839502275,36.781995128307905,3.615561629852054,0,2
95.15215851982627,97.78029071160208,36.67077063462277,2.020764564638201,0,0
51.598415152973914,96.06073915268206,36.476145365529945,0.0,1,1
56.5750555443808,97.2733006670654,36.94263464842512,1.6777334453525756,0,1
75.8207100567699,97.5013998404566,36.55568490186769,1.1839384654425702,0,0
60.27694906771426,95.57682307897447,36.43395670864346,0.0,1,0
68.7825522930546,98.339035745459,36.7030535243614,1.577037100498426,0,0
83.14503313022709,97.79507966500677,36.61509303392095,0.6726541306818068,0,0
88.13852905920179,98.67051515930696,36.7592859641164,0.5093664565246346,0,0
82.0828684260686,97.97048316919624,36.87955147859528,0.6290154594279821,0,0
54.79089506522874,90.95992206369844,36.836847616119535,2.3646479618496645,0,1
81.13673089591873,99.40968757668432,36.48998952283108,0.47264034426688273,0,0
83.18092413490898,96.03250826471739,36.988182176775865,0.8101448021101292,0,0
79.62824826618034,97.79033692240525,36.91492645707444,1.3135589653684747,0,0
79.4446546519314,98.45957490033578,36.62354788017921,1.1118016138975269,0,0
111.41526957513264,93.92541096640096,37.97200012807249,0.808630395487762,0,1
80.48260642877244,98.44236318137116,36.488873429233934,1.9067811277736146,0,0
52.454722242786865,96.74317438051797,37.05657755894528,0.0,1,1
122.45396183582787,83.89369152638142,38.56821048044892,0.24731319062504298,0,2
96.31062129396453,94.8365725367041,36.839955731748496,3.3864795416113727,0,2
76.58943847411955,99.91667863127385,36.83873411437618,2.3049926435190997,0,0
86.54109821302549,97.37309131288295,37.067886833318184,1.1445373474634628,0,0
125.00986671738708,93.57420536898103,36.55347446057963,1.204112598440246,0,2
113.71490046264928,94.96103966234868,36.43958787694556,3.136895404700868,0,2
61.89650845763212,95.84714667248424,36.2158170281891,0.0,1,0
58.80698890436743,95.66126551011811,35.973762894311086,0.0,1,2
31.673195305100403,80.61769404364883,38.25772008781187,1.1375497813978244,0,2
59.613831351391106,95.70833039511868,36.340498452317384,0.0,1,1
75.9865814629312,97.1558422817791,36.95388512783327,0.19089042246862242,0,0
53.577741403863406,92.798814077859,36.842994548533596,0.5755939056156925,0,1
78.34799712573525,96.7114508450286,36.815132671302464,1.2064821739771636,0,0
67.95481615393686,95.65449069134924,36.44723593861862,3.6495917976550083,0,2
56.7805108102116,96.91035381607028,36.56483524123944,0.0,1,1
81.63044097091027,97.0749250629935,37.09427314065063,0.34170299245475244,0,0
73.18761219356495,96.70061077227068,36.95691157347784,0.9676969971962162,0,0
45.38338613154834,97.50398404621515,36.40605646526512,0.0,1,2
84.88449820265014,99.00920254807637,36.77206394455429,0.8330511273091895,0,0
79.92025261063395,97.81401020796989,36.452167961077784,2.110511108703945,0,0
72.07850971549415,97.06375128419376,36.723109648440754,0.6927707582364808,0,0
42.24412241580962,91.76660691116422,36.65560293101007,0.0,1,2
62.84433292302536,95.93026915058304,36.37938832368324,0.0,1,0
85.95870119450595,96.29418060065923,36.92711544069114,0.7126342191901992,0,0
126.31134356078901,92.90043251321806,37.0300170523475,2.297521550262475,0,2
87.8923531226968,99.27930444441846,36.50108442579415,0.25736958484953487,0,0
60.13277118514899,93.6272707203871,36.85398942405805,0.0,1,1
75.09970348644325,97.56526754827698,36.95852457865989,1.3608920948227754,0,0
82.22719896944348,97.39755916715657,36.561169838338756,1.404488709861332,0,0
50.16878739502453,94.22479293347054,36.47630295076984,0.0,1,1
80.94962097525703,98.91301444393564,37.22402862683256,1.94046101276855,0,0
106.15570964954243,91.7897834984349,37.43696577020183,0.5328359258170213,0,1
77.6209727668476,99.16011201050681,37.02106766760202,1.8756019008323002,0,0
45.30749833438803,95.62268860088592,36.385771459147456,0.0,1,2
68.78997839865025,95.85324016454014,37.175400448679085,1.473916837490754,0,0
67.22243974689576,97.8310623417661,36.77519149489852,2.210985937682385,0,0
50.88034546187001,92.41745565433718,36.48314666283869,1.2121542832789838,0,1
84.71026182141213,96.92756538076004,37.06449909452271,3.401865153112815,0,2
112.40512256052172,93.0371949235871,38.028765342764544,2.81878282718438,0,2
68.1182917008341,96.59420873856035,36.67333322593186,1.0162858726262511,0,0
58.118698878994834,95.90574297331901,36.65387506681416,0.0,1,1
89.50725747395568,98.45803739119242,36.69464222571527,2.049522040357767,0,0
84.66301435641596,100.0,37.005632347853236,2.349979047267365,0,0
76.1205697542577,95.96400163602496,36.66907491715759,1.7479572353608812,0,0
68.38726723477426,98.92214974285466,36.88817696028833,0.9179728532472283,0,0
59.36910227853718,97.6275491794426,35.84006320307818,0.0,1,2
82.1218940302352,95.87564407060181,36.62974813729843,1.777781523735275,0,0
84.0620114619747,98.70861043889398,36.975875661468535,0.245583130786427,0,0
109.25168374111391,93.37661163828548,37.179577167536834,0.5996776363088262,0,1
83.0795078495501,100.0,36.793432949870045,1.056888772421957,0,0
67.17326302576008,98.86683695564192,36.89689977163454,2.2775374788647786,0,0
108.72844786092608,93.3515583526357,38.24519034836734,0.681569939388971,0,1
57.336363560560216,94.77111991404037,36.48385966826469,0.0,1,1
52.962366980848955,96.19667400841053,36.678238834552666,0.0,1,1
77.12034457369514,97.22650241655876,36.95645324081766,2.2263487631128616,0,0
54.42433296273044,97.90778254121885,36.171598448204755,0.0,1,1
68.9228110389419,96.91489764127961,36.55388231196453,0.6599237289789586,0,0
82.2937368376717,99.4728626370125,36.75806016915735,2.291367670013905,0,0
80.25224290454608,98.30551936589973,37.11075938928799,0.9596589166062016,0,0
73.27385080460753,97.87536724004026,37.30086336042336,1.8580569934900528,0,0
92.30811115197314,94.27824233674895,36.41499184319906,3.5751620238468584,0,2
38.53745402581805,84.99076087759728,35.29609260122241,0.5262768889587018,0,2
117.99569764507626,93.65551829401497,36.61099863416566,1.7648016697942777,0,1
61.68893723567247,97.67381054408428,36.84396183013579,1.0561879883563592,0,0
74.67409372168413,99.57115530556045,36.75763287873162,0.1413407856830225,0,0
64.81069472607567,96.67330194640755,36.40939253758223,0.0,1,0
68.53139798639688,97.8281039039021,36.866487382230986,0.6557625094395935,0,0
108.66196680052693,92.95997630050839,37.37015249208949,2.829398117876171,0,2
69.8828430586977,97.17488738212896,37.02568933207382,0.9689888101600714,0,0
79.52868492000599,96.88558359788779,36.83145981443204,0.5849106995101624,0,0
51.46503736641602,96.41275092471645,36.596156978239584,0.0,1,1
75.99664636843445,98.86577769615185,36.88313468600579,0.8499060221180251,0,0
77.00101142927092,97.40292531853679,36.49696690667898,2.095881538316195,0,0
56.754169129470185,97.62649310122542,36.19290960613103,0.0,1,1
69.92068804885909,98.14915838378728,36.588049757026724,1.473926450180114,0,0
82.23908283465666,97.60216006577299,36.82036128744525,0.49700268832652506,0,0
77.23824963207818,96.79786162191014,36.59839558766666,0.46680566651836186,0,0
52.84870300216953,97.60905763149759,36.3163816453921,0.0,1,1
71.34954763030787,97.73180669726437,36.82625359834565,1.3610996165548908,0,0
123.2021012934619,92.8898239395149,37.12075391856262,3.105039515278499,0,2
82.82025696707964,97.62855751053053,36.39836003784679,0.6769361516264887,0,0
81.24690259601893,96.88990596090196,36.954841217972316,1.5559381245415775,0,0
154.04306931262607,81.52906559485014,35.615640888733545,0.9409898178885132,0,2
78.68389394532781,99.85420183359103,36.68016761649081,0.9811819669283639,0,0
54.73222706094315,93.35467047062855,37.61356341084555,1.3176198081711858,0,1
48.18237886318746,96.22486234153111,36.65931884515995,0.0,1,2
118.70800506290067,81.76913149294245,36.206907810402264,0.0,1,2
77.04625688153229,97.95723276568899,37.19313845931085,0.8810410164181267,0,0
44.788711932902416,96.6110732648169,35.916004899196295,0.0,1,2
77.7933661293433,99.43704221432027,36.74037686847431,2.24006827830397,0,0
69.30012219751657,99.17574038687616,37.15277404641145,1.8463797456935067,0,0
75.76882969881059,98.59563087276814,36.81639384093276,1.6167942518637608,0,0
52.98245827625066,96.79847582395898,36.54419812198149,0.0,1,1
55.17238017932711,97.43940803577398,36.003440251245955,0.0,1,1
66.52518146301004,97.99241807081742,37.16638076525503,1.1041611496294308,0,0
63.56662110947288,95.56818029098417,36.10774407769516,0.0,1,0
82.28319585144392,97.0992771605249,36.595966116738914,0.33384439144371514,0,0
60.5463402772934,94.89695402654529,36.51190899514696,0.0,1,0
57.13406347074853,96.36981732579302,36.60265169402395,0.0,1,1
79.44291890267611,97.74360794343359,36.82572180723238,1.2028118616180594,0,0
49.52045334889415,97.8290170169937,36.43965550842802,0.0,1,2
76.0907798158064,97.94860207254766,37.4027586565436,2.0276467795264774,0,0
80.18585961767502,97.12136100733241,36.96113388063618,1.6459822859041544,0,0
74.68543250455357,97.9507988906341,36.74377495418631,1.7464968772310998,0,0
68.9339396848636,97.34704291046192,36.93508465436825,0.31868169847887345,0,0
54.20780793751168,95.35480158441585,36.53517370697385,0.0,1,1
152.2152643112898,83.24171140250098,35.171428772226406,0.5000271179671146,0,2
72.02348314697451,97.37598706874783,36.81756602611855,1.0925237421637313,0,0
42.48573651175988,90.35106970864867,36.5009867566299,0.0,1,2
47.1073773876273,100.0,36.43559082289773,0.0,1,2
55.00339602041639,100.0,36.6226670376969,1.4634209533593974,0,1
41.45137798189602,88.49553339091995,36.56993329518654,0.0,1,2
76.82425039146013,97.77405558462021,36.60901489867553,1.552852123553991,0,0
61.380653735123545,97.5208458603186,36.459504911207155,0.0,1,0
73.2965334751818,99.48991983450682,37.1835772651187,2.0497720121233534,0,0
77.89740000015725,98.34442637248549,36.887448643519704,0.7749062450184376,0,0
64.87923669400419,100.0,36.864491791560994,0.24184033042472128,0,0
74.03453214886935,99.06332725911791,36.65010840542763,1.4444336708004362,0,0
88.11071868060498,97.0000259375974,36.7968522950393,3.0069574992908414,0,2
63.55091855620846,96.55257138497791,36.82710485950584,1.0261351449025198,0,0
143.72324955586086,90.55685062066465,35.53802153019726,1.78272122433765,0,2
54.8703706156395,95.85631581077237,36.48664326694808,0.0,1,1
118.73757175823218,93.12054277117589,36.60088249941504,1.5318676722332851,0,1
59.086022002137554,97.93739870675287,37.06241246875656,2.2254594381508093,0,1
65.26875385492917,98.89113863319648,37.05596023445516,1.422750862136632,0,0
63.95547851924316,96.80166786342753,36.9642244519217,2.227380863555147,0,0
40.47414136555485,91.7615587321176,37.05495654671034,0.0,1,2
60.335788715760756,95.20379986866183,36.69285031005315,0.0,1,0
113.10303054015758,93.69985412974553,36.63063623044853,2.0044559588415325,0,1
52.98935867878089,91.1400040487776,36.72254380222835,0.7812154128132838,0,1
59.07476400202134,96.43262985285605,36.56665077393072,0.0,1,1
83.37461033205832,99.53119690163936,36.61132386294084,0.9449468069568483,0,0
40.54854596492782,90.91399906996743,36.216358440884186,0.0,1,2
101.84638308927748,98.63536637461407,36.665573258321935,3.3129710209113523,0,2
31.248379220916924,82.10888813014847,35.91990125743149,0.0,1,2
70.44572039867623,99.06904571135388,36.95408344935984,1.724305384055335,0,0
80.74157329042487,94.04256482769878,36.63921242910926,3.3796018362547984,0,2
56.01711854641965,96.26667424731723,36.3006753971142,0.0,1,1
85.29226320969309,97.78720133012891,36.875517384275035,1.048463199848149,0,0
76.09207767648304,97.3603809322758,36.51956549627632,1.6230594795548163,0,0
70.22015829352799,97.48036044949123,36.7868983356161,1.5137702285273382,0,0
81.56054262970501,96.88379222509464,36.62125351501011,1.485817952949954,0,0
72.03524738730029,98.55899913391038,36.51348553525869,1.8756682752733957,0,0
123.7122615711951,92.72314692702987,38.05329489782444,1.6056687228509894,0,2
109.4504618777281,93.8286517570906,37.79329690762175,2.095574368245038,0,1
77.62687868762409,97.76854303531864,36.86442173587896,2.1666315806979184,0,0
60.436555742659365,95.17992489411056,36.289446428493704,0.0,1,0
73.20256716170886,96.50011508502791,36.7658323948767,0.4096514057363082,0,0
77.20094373887858,96.18725963094882,36.86744829230064,1.3076750494120017,0,0
61.606753407740314,97.85050489048628,36.79877619908245,1.8847442418597762,0,0
117.42006980607124,93.07927361318974,36.4780989744684,1.741782030520672,0,1
72.9306724774875,96.62354184286784,36.9738208376414,1.2465115676275142,0,0
80.6748204662029,97.23353635081787,36.479681497095,0.975027014381399,0,0
75.53256197245763,97.34204699979664,36.608162407580814,2.413294253549826,0,0
72.86493576303239,98.54753497184548,36.871339219454406,0.16038517572698127,0,0
48.693919954720116,95.16438577422421,37.120511438136326,2.0870032779099636,0,2
78.78463906958794,96.55192404741018,36.73876297275044,2.153671649185532,0,0
104.85700630697066,92.90877335453207,38.32464351720297,0.7205415789009022,0,1
53.82138191154903,91.27459430620914,36.859361689527105,1.857303180901338,0,1
68.11269166991914,97.7002872826042,36.63818447539732,0.6881820675833089,0,0
68.95272812642722,98.57623598848284,36.91472875862731,0.8850621197741676,0,0
57.27473142681623,97.76300283852262,36.65928533997853,0.0,1,1
67.97672927375815,98.21938180955726,36.76134602332433,0.8695657942832755,0,0
87.84184259763245,97.59081332226636,36.83339190489054,1.925600666437175,0,0
71.38839358143024,97.52997812970257,36.71647200436162,1.7312136882420728,0,0
106.0324299893617,93.39890965322455,38.33098143365528,3.1586871695228,0,2
107.24668723361417,92.15905307699255,37.9439419369652,0.9649877253630541,0,1
75.94495363739807,99.8280478497139,36.5149081830818,0.6663127023038318,0,0
28.58711893907568,83.69989118555772,36.441403854462564,0.0,1,2
63.89094246116009,97.30983434979599,36.60563433868083,0.2731493765592538,0,0
40.93278274563303,89.68388004628005,36.62229386713469,0.0,1,2
76.85648471643549,95.49681355140592,36.8012615599034,1.978016842446167,0,0
88.73218839347257,98.53738750931095,36.95468952007651,0.4392827308255395,0,0
82.67549965222649,98.23516497294708,36.64925774919257,1.5010429533408056,0,0
118.86655127037922,90.649841561516,38.00241253452696,3.117891182281302,0,2
135.71431188199693,85.5987956549632,39.13202521894825,0.2851366266587878,0,2
57.58229056355805,97.99083529780725,36.86889955730067,1.2197185805780262,0,1
77.24456285440198,97.88795009527514,36.7755598093768,0.8566279264862275,0,0
47.67467488111593,97.16485468500771,36.37110728954835,0.0,1,2
58.830652873858895,96.48757160728212,36.680635698876664,0.0,1,1
75.40864244825363,95.95816042542572,36.692918748251,1.1397554106281058,0,0
68.79206481943261,98.1809088336416,36.83384791268528,2.450670698875158,0,0
86.33203524507235,97.24229251835152,36.57938706975428,1.8687174546243863,0,0
81.64524559390603,97.93122812312953,36.605181289102944,1.6805901048661767,0,0
85.13302538741557,96.6455760497601,36.972513300249474,0.7285795891611269,0,0
113.50478163524421,94.72547157723287,37.56789941751391,2.6109486043488563,0,2
112.18890570768691,94.11824624613347,36.860467737830774,1.8800021650579377,0,1
74.47848161280535,98.75371125540957,36.877137832972295,2.058944716674063,0,0
120.42175850736393,84.00534017941305,35.91033617247074,0.0,1,2
83.5494797584311,97.73512026702971,36.834933911146315,0.864590687598013,0,0
45.7842562093476,95.88062615677009,36.415878889431724,0.0,1,2
83.91137611814315,98.54196964478338,36.47154196087164,1.072201880134576,0,0
79.98163166574507,96.34070578186453,36.88845586720147,2.342561675233908,0,0
126.26139565226009,91.79917186039022,38.047472738805276,1.7158763879959797,0,2
69.13334187182805,98.03665456555291,36.58688513796278,1.8413198564981785,0,0
69.74811831051693,98.37990939459796,37.04377143320247,1.6843444471529903,0,0
69.56594728356907,97.5011796373598,36.71224035391817,1.169607290175635,0,0
109.74748897332944,93.11157823464599,37.722562616206496,1.4904367720941094,0,1
50.30241723745692,91.83655354531683,37.82433578753219,1.8644605966313732,0,1
47.8087218208179,94.54354132364014,37.028884546948355,1.158169743578327,0,2
64.05025600370219,97.65895563027335,36.6499551628152,1.5836188482296027,0,0
62.063720167499135,91.70744301572174,36.74984328220244,1.3471487877247332,0,1
143.639347800661,86.3910599887944,38.52962245309931,0.4769428078258827,0,2
106.76176700584195,91.7443520616074,36.646030819285265,0.8856514643236543,0,1
107.28666899684887,92.86855143163703,37.644954269968316,0.979544851624514,0,1
53.538746497776096,96.04069266611893,36.031036569315894,0.0,1,1
69.00361180680758,98.78457069163842,36.94251740167678,2.0933602751894216,0,0
50.247154009941035,96.9867782153423,37.00630750586757,0.0,1,1
77.8443907057939,98.74675043913587,36.76123017311549,1.3765946188833451,0,0
113.42009342973988,92.5218439846393,38.25634601946465,1.6504500652988867,0,1
77.02767292591852,98.04467203434693,36.69764516230075,1.2668592850526017,0,0
84.73450826923565,100.0,36.8484304814645,1.9411716943132244,0,0
70.32682728030782,96.8031258808471,36.92448547590555,1.9161491529081875,0,0
38.29412588553351,89.55971587360929,36.48957328147588,0.0,1,2
76.9684748997893,98.71713866152051,37.04621158067111,0.27598938891079755,0,0
88.70479465888334,97.21640936624382,36.57286270163819,0.4913614659920953,0,0
54.08944890375035,93.82040143347427,36.833457090490896,2.953988825542934,0,2
51.965710830640155,97.13149405308752,36.404389459395816,0.0,1,1
72.22551582770917,98.4899245059628,36.857165534718064,2.4977982060926758,0,0
70.03194265043274,97.2211993000436,37.29141867502954,1.2338145664780595,0,0
78.81416805724322,97.58295657371606,36.552326131552014,0.3045835289897559,0,0
37.55524497059506,90.75675687670757,36.384435889455034,0.0,1,2
61.33076689821895,97.51647104553622,36.41601997834684,0.0,1,0
91.98414073726607,94.34015430611045,37.00596296455291,3.3126943552220176,0,2
30.9723360002411,80.97283727046691,36.5287795299303,0.0,1,2
93.49865449066984,91.82238333381088,36.38870952419113,0.0,1,1
69.30008874446442,97.94196217740917,37.1488947850771,1.7550363894205991,0,0
107.83246211786877,93.56932221862695,36.73937990189113,0.9321412578084951,0,1
47.86561021013389,94.04001997408257,37.05817717929822,1.9709598905308585,0,2
88.37883862776314,91.69699121500238,36.33432673012636,0.0,1,1
70.31332129199005,96.30501390239462,37.10676902100725,0.7188453337069078,0,0
56.087942027421455,94.22982735595016,36.818800606021945,0.0,1,1
39.158021639281,84.30362278890597,35.4902676313362,1.1763634219567738,0,2
60.65260789851745,94.67359484239283,36.65235220600837,0.0,1,0
68.59822154724137,96.16398167264,36.82163757570957,1.4999236697316858,0,0
49.321335019272304,91.95479618577308,37.99369059081455,2.5993765318560023,0,2
52.016553502824074,95.68207897896144,36.503695072209545,0.0,1,1
64.41366973109953,97.15779867074149,36.092070074332796,0.0,1,0
95.05262110487399,92.59046427228974,36.547207783615015,0.0,1,1
92.38261263724596,97.88756097332646,37.00517298144703,1.526363946753364,0,0
37.62640350544233,81.74260130708663,35.540172360713484,1.079353784331919,0,2
69.46237117069823,97.94002782222589,36.90542391831157,0.6525478802672228,0,0
68.2774042420212,98.85563375683982,36.66667773755848,0.3500292130227959,0,0
72.46335211356991,97.10678917246716,36.62577528707323,1.5859112427332893,0,0
52.92683799775095,95.74537730581918,37.69483747813559,1.1210331346878233,0,1
84.9344771548268,96.3659541393469,36.739465017804235,1.5581709908931678,0,0
98.59790933260923,90.74858758038725,36.385116055933715,0.0,1,1
86.69129220031908,96.88856586141212,36.96460227138485,0.9790573098020556,0,0
75.3780747773496,96.52259461137008,36.72783656357327,1.9446307540752301,0,0
83.31602573881466,98.80987587379079,36.881174785140516,0.13400869510870156,0,0
39.3067139932388,83.75999228031985,38.43552303842634,0.3074168171683078,0,2
108.1839705909024,93.2422742592771,36.86186469974404,2.1081785301430824,0,1
41.5497560739375,92.12963353663508,37.084388950315976,0.0,1,2
95.30659831991628,90.52983392043816,36.448868356027184,0.0,1,1
52.630042278503204,95.76094611076178,36.3509502782985,0.0,1,1
45.368863935586575,90.02787237100604,36.64168925955893,0.0,1,2
48.751010476584035,91.54107254309163,38.10521189812022,2.144698893097482,0,2
81.95968648759523,97.92889991341633,36.61645532842769,0.9594163067067448,0,0
89.73955542238062,98.815420414977,36.542170997964355,2.0431048487106462,0,0
99.98907672791796,96.78467773072838,36.72484612375553,3.638121566237854,0,2
73.11120430161432,97.30392643084092,36.72732918097841,2.156931165935189,0,0
73.69322185793868,97.14264465833868,37.07985427504666,2.2149730811857498,0,0
83.18821594465183,96.17292828475453,36.55430824428979,2.1325665483459373,0,0
58.69569281577743,93.60290567891862,38.749265301234445,1.998268732655478,0,2
122.30747599035057,92.25460319760799,37.26423101039774,1.9029765323200785,0,2
73.9415311155636,97.5602556246398,37.19079030666372,3.3222270274059498,0,2
89.54195693440866,96.57558978228992,36.71942523291952,2.028759758302131,0,0
64.16627796444072,97.7871082164416,36.72522518407524,2.4919086290190924,0,0
80.36068605128968,97.00494791019052,37.11859567297637,2.172540028069336,0,0
55.043709833448844,97.62714339225326,36.79899381003732,0.0,1,1
115.60726967139998,92.26634397483157,37.01723293253781,1.3728476906640372,0,1
69.98791746516163,97.3903309336769,36.826834361865515,0.5094324639009927,0,0
46.88166441370631,94.96593483455965,36.32791273506206,0.0,1,2
110.13339423596264,91.59639422980078,38.00486038274135,2.875881313215214,0,2
82.77764201893147,97.46428604361161,37.00035068675684,1.7368083620023904,0,0
82.49757154005506,98.50361328407685,36.67789304648543,1.082551435593568,0,0
77.1527430663561,96.55022268358049,36.82067203973251,0.6846254945373107,0,0
48.59756070357507,97.45977608039087,36.4890700124354,0.0,1,2
53.54596200844548,97.54004365847734,36.41115127138206,0.0,1,1
122.33272635496427,90.6267390131897,36.818391057325925,2.662423675699328,0,2
79.83747952438091,97.22809510775451,36.5368618219073,1.644244849454443,0,0
67.73531959635608,97.89143990321023,36.82877635252422,1.3968756941774245,0,0
38.54216525460977,80.90236145751764,37.66976688443221,1.6911867099024478,0,2
70.19543614681868,96.38902686471482,36.764881952661085,0.7041198782193633,0,0
74.90432427038489,97.6319413358586,36.68040354700401,0.40462479860893974,0,0
52.11023571900179,91.4425906801112,36.54006428953392,0.5697710754944627,0,1
86.69413607723978,98.25222077666548,36.772007185913395,1.150800336294403,0,0
79.50851260476611,98.68455500506371,36.88284710172711,0.304490634139447,0,0
82.87337418139022,98.09078499212404,37.08876014288792,0.3491718526148845,0,0
85.34375617818777,99.85430711600303,36.676141415794525,0.8828154628715856,0,0
64.42396926030845,94.05932965163697,36.321615908783826,0.0,1,1
67.50275101978596,98.69774704762462,37.00563246229389,2.281260843355199,0,0
84.35902994123178,97.11582313620069,36.520207713136635,1.8937875239851036,0,0
54.917779682783234,97.15763433450552,36.22958730235768,0.0,1,1
54.16995273666706,92.51064914758729,36.90356581093842,2.0649104386151196,0,1
82.63215651096692,98.80741867794477,37.023144192565745,0.849978719888465,0,0
102.82268685279718,94.09280050534373,38.139802007302656,1.2328921863416136,0,1
70.22847521994842,98.38172262404751,36.84234492114485,1.539310563121449,0,0
52.53403157777772,94.32940836003233,38.33037017769307,2.804057447406729,0,2
114.62152300965298,90.65704409604803,37.81653084348357,2.564110231324581,0,2
83.38677953412963,97.34213951681866,36.61272188634286,1.7179872813788497,0,0
39.68057704517126,91.68312924506002,36.434168996032014,0.0,1,2
62.653509166517274,97.23688085146563,36.77387835841905,0.8282532335926516,0,0
75.88601895295184,99.21468601802313,37.072388532626675,1.5010854843291828,0,0
54.18947175374786,97.1713565563236,36.47014983129615,0.0,1,1
106.25645732615249,93.96243592232516,36.6896055224463,1.602918422365768,0,1
27.31043196263552,86.28954612428858,36.08359377846379,0.0,1,2
76.63139680906498,96.8990707815338,36.723101690101664,1.2161546413911486,0,0
48.40307870754427,96.16410074887908,35.83005254425902,0.0,1,2
77.52714194807575,97.80058798729759,36.966369270716584,0.6441947832188132,0,0
45.614851409438096,96.93743712553875,36.04834203149199,0.0,1,2
60.06255977721087,99.92168917434194,36.455842798679974,0.0,1,0
94.44195498761728,96.72093514496487,36.579477164842416,0.5730055515640776,0,0
76.63266599728179,98.0837333698103,37.18354861516405,1.131652296474228,0,0
110.43407925813592,93.14613495295265,36.99269093504646,2.888085086644695,0,2
53.86579109807987,91.45058335899442,36.54558352913923,2.969351248080753,0,2
83.50954401496037,97.45776008002744,36.62125650944833,1.634782420013152,0,0
72.35481435634208,98.99742033945492,36.705893492069755,0.8085188696628034,0,0
38.076452225080295,83.90888575073808,35.49191308979278,0.872768012982832,0,2
86.07606207964899,99.02485476136253,36.953936403748635,1.7036816734242048,0,0
108.29498235814819,92.9281690265838,36.90119560300807,3.109838284007024,0,2
83.77916721382289,97.88836708210364,36.66798485337987,0.7652900455766627,0,0
88.14416027237397,97.57658275187033,36.11448497964894,0.8247331305804305,0,0
79.17226463423607,96.96760379166673,36.62474219308781,1.9174210603468491,0,0
74.8089796154653,97.37276511518385,37.02447798844412,2.4086480353416673,0,0
117.97208647110223,92.12717435679457,36.72109969324262,1.8766849480943173,0,1
69.9729892833798,96.67705635666395,36.98550551760714,0.5109515556720322,0,0
70.81710450404834,97.8701977915245,36.672822820423306,0.2533935418073342,0,0
73.47684469219956,97.00371919961454,37.00512525556165,0.6416498833132689,0,0
52.05397614925404,98.43472414596036,36.622577146847846,0.0,1,1
86.90594606593166,98.30772438414986,36.87110850107497,0.45191985681356805,0,0
58.89760916029842,98.39363946437562,37.117682958091144,1.7783761482240565,0,1
51.58213491331149,92.17008395051532,37.849306178664456,2.1636684106154966,0,1
50.730130861085584,97.69608980197665,36.05090035863632,0.0,1,1
56.852718158958375,96.9692190018123,36.42283023076048,0.0,1,1
79.499831914249,97.9298938084514,36.82754621853555,1.8249319408629625,0,0
80.896435505297,97.43201502282231,36.91385580346901,0.43789436355329003,0,0
57.796523789531925,97.91834491706184,36.33440082775469,0.0,1,1
111.89334174622326,93.27436816665613,38.455453247956626,2.9083250394602254,0,2
75.36284228393028,99.95647416760818,36.88113790541161,0.8888493494723552,0,0
129.27320931418436,83.13928778019319,35.32801169386403,1.7532226891338163,0,2
78.0286368512576,98.26527209587715,36.905655104998644,0.4188460288960776,0,0
55.293533391184106,97.72411106955956,36.6065162500964,0.0,1,1
53.79336189015352,99.05975129182413,36.305934647985964,0.0,1,1
57.63597065293164,94.53717629777616,36.56834978091775,0.0,1,1
89.23622645865845,98.50685098567769,36.696399863451575,1.1792548887639276,0,0
28.526684573884623,83.13266560182879,35.57283125795415,0.0,1,2
53.018611243636805,92.3811350897257,36.71211723804569,1.4754341707389653,0,1
72.93562657841994,96.3689025074163,36.942462186534094,1.2973033899522093,0,0
36.53948928237362,89.28965673324078,36.61193803549215,0.0,1,2
141.02076989192577,82.34963654631392,38.06795862021073,1.9311695649945821,0,2
78.64838149909573,97.15794083796597,37.005086986254916,0.6364897265408924,0,0
34.50586775601093,83.61356326554602,39.38535165303964,1.5215302066583685,0,2
62.69628374902132,96.59100680341756,36.56488463139785,0.0,1,0
90.95108258316048,99.64613700182863,36.70169037825095,1.4987738932138115,0,0
106.18272889048635,93.3237412786069,36.85254991003017,2.986953558392386,0,2
115.12532297799447,92.46290738533254,36.935836590981324,1.9292487064335373,0,1
60.04346825253086,96.43727659996401,36.87842814800166,0.0,1,0
52.21119802410344,97.53243571916403,36.336841425501426,0.0,1,1
76.09542172518258,97.71253032697194,36.51951271512015,0.6044925190731023,0,0
54.64255706668703,97.20404532297752,36.52370907968829,2.37329101539563,0,1
73.15921053974544,98.10806035938715,36.90183085932279,0.5129728804798516,0,0
54.27311402333492,95.22110977198643,36.750841220826274,0.0,1,1
90.52371581951637,94.29122885321635,36.484694616574146,3.502083067926117,0,2
40.174464332649045,90.03834735724132,36.90107951757332,0.0,1,2
41.41762712058306,79.76714310642753,38.86800673840453,1.145041119335299,0,2
52.41513733856221,96.32164289601955,36.065736856323305,0.0,1,1
45.755997212852236,93.70320382635514,36.33442179287617,0.0,1,2
113.22312927517684,91.94472381214356,37.15817120268918,0.6784817770982414,0,1
34.96030227553386,90.16547034990812,36.80589444151327,0.0,1,2
74.18748579457653,99.28363770755033,36.707764655926695,2.0052005577961003,0,0
74.71377102261475,99.68260338399429,36.71945476883764,0.20808519353564484,0,0
70.98637536761987,97.12144575350038,36.51844820819345,1.4928173140738163,0,0
64.69870825604738,97.64563699404634,36.40390022665192,0.0,1,0
62.639009267024214,97.39775955127091,36.66039311826361,2.441029027997534,0,0
70.91554162106357,99.41308078347679,36.94612055582248,2.3988936036200066,0,0
83.17022846698623,96.90429539940143,36.93325170805006,1.773089313885088,0,0
74.36477914149009,96.77801646498567,36.79544666575615,1.3547001977560094,0,0
73.66356775800088,99.37971746744822,37.026257421271744,0.16216054770466304,0,0
62.078187350397414,96.92905644933526,36.93255069155084,0.8935679345439347,0,0
53.18721768927578,97.04421781891685,36.67412038929982,0.0,1,1
76.66619703611838,97.01281546897873,36.966369434924275,1.5356619564346539,0,0
106.26340845542744,94.7157477840065,38.040483486773134,2.7427378953351504,0,2
66.84674512685339,96.36092524475178,36.846076917249086,1.4258817415236884,0,0
70.57534239694512,98.4863673142239,36.905143177892775,2.2770870499378097,0,0
61.263490510261505,96.34207117121451,36.81707732893103,0.0,1,0
48.47651920124166,95.62644576232425,36.343682172970546,0.0,1,2
70.39945463984499,95.1275168963479,36.73482079824559,0.7747836993603262,0,0
62.37200048453627,96.15247146798708,36.35357776206624,0.0,1,0
59.03529804740762,95.71462799323557,36.299241758841355,0.0,1,1
116.62617353830903,85.61451085587073,37.10220679317461,0.0,1,2
62.78162839913168,99.79386678476678,36.685458400842855,1.0663160418656346,0,0
38.82811442617315,90.46400726863246,36.567754584703316,0.0,1,2
92.65068860279344,97.59468761216398,36.34661285690917,1.8706160747480098,0,0
83.60137230881435,96.79997327943978,36.82125231213403,1.146419999406,0,0
116.99873234165322,93.30408439825952,38.39895086785818,1.7013595413343687,0,1
74.90141655381119,96.89734771027469,36.7044886396688,1.8916878011536766,0,0
84.45201268246538,98.0304654871592,36.66499338212984,1.5099660468747107,0,0
66.99239054168311,97.41059434325612,37.00287340405289,1.495872927567727,0,0
75.66041323117577,97.1864491347335,36.69180339294455,0.3171573316910388,0,0
55.61761660465394,97.11872768301858,36.701265678472424,0.0,1,1
61.17475266973821,94.63675423910628,36.575397212321754,0.0,1,0
75.90257201074328,98.96726419658529,36.6718304867225,1.9806657654240827,0,0
57.579188788060456,97.41584634184132,36.23796904470246,0.0,1,1
67.88375682392781,98.56153683185558,36.0647383713537,0.0,1,0
54.21422810225965,95.36639719206109,36.2486015282265,0.0,1,1
63.80085168062918,98.0798413049071,36.73129235491408,1.9218609858407292,0,0
84.35433438359958,99.40296434692166,36.756292349199555,0.747968386080258,0,0
65.94933491153942,94.98655009326359,36.255678037349334,0.0,1,0
74.83057416509078,99.38981413925887,36.972895447499056,2.2159450124342435,0,0
71.8293666603452,99.19465318699478,36.48985202455804,0.23913867053899124,0,0
72.0994184140477,99.1420272607868,36.52900389946193,1.2133350090910822,0,0
82.44016635806291,97.83375115345804,36.53775964013764,1.203024454577771,0,0
69.61850353375442,97.10642875440982,36.91672996823674,1.953295484059752,0,0
83.25912882509917,98.19448585855645,36.511742955255436,2.1572832324949793,0,0
55.13409150510443,90.13323111077672,38.25519080709271,2.840744767133564,0,2
32.131619627048885,87.47828029149821,35.82473330862513,0.0,1,2
52.96512018441467,94.5633869214689,36.388546439272346,0.0,1,1
81.08396529338941,96.94381864048661,36.821596177823295,0.32821090809648734,0,0
40.303453800021146,93.02510510784775,36.62941902494203,0.0,1,2
63.775920548188154,98.1204035206097,36.37126275421429,0.6481464114055648,0,0
75.82121639548248,97.14061766456156,36.68960859704314,2.199007396765451,0,0
65.16374763770793,96.6811296250433,36.55500339366374,0.0,1,0
55.6939897352964,97.59027740823608,36.43214039890441,0.0,1,1
61.70013784826275,95.13255116271237,36.355862572754255,0.0,1,0
81.99237723586899,99.09362629658786,36.59502260850014,0.6389238439424556,0,0
52.16918427930261,97.71793341724079,36.54113952471917,0.0,1,1
73.86345841481771,97.1364483556623,36.71520816851129,0.7338449303704263,0,0
44.23185004650474,96.17699680340493,36.566048317568395,0.0,1,2
97.13590326918649,90.47140328508162,36.60572142022612,0.0,1,1
75.73955124622866,96.72331370234009,36.742548687349505,0.4775646255070486,0,0
46.687922493700796,93.62231608134904,37.04526026912087,0.5088638847781817,0,2
58.07472008012977,96.05880580350299,36.61077237455321,0.0,1,1
117.58139777793086,92.34685322844388,38.59754374194557,2.4658926539290507,0,2
79.14796058803181,98.01216953886411,36.626155924269625,0.11568289634298186,0,0
38.07776506422571,89.53822528118538,36.68156652811346,0.0,1,2
72.99694835119614,99.20151631323036,36.88576317752035,0.6348272482862979,0,0
51.21883213493836,96.1630930303783,36.18691709714146,0.0,1,1
77.98762610362212,98.65190585983646,36.837247551891174,1.6033038311812342,0,0
84.7139568464388,98.19613402600321,36.33141002121644,3.7738484483258485,0,2
57.942996946024095,96.82514262267058,36.50628940022635,0.0,1,1
85.5085254535686,93.14556325038947,36.57202105806487,3.9224586816839278,0,2
71.0368869729431,95.63819213618657,37.1676611032303,2.3052546614217992,0,0
54.92795058017896,96.8478238458522,36.031896791103726,0.0,1,1
122.92495450098919,94.46502998477729,38.36720604795244,0.7051756886778627,0,2
116.99733537618245,94.28297383681588,38.504671348441306,2.4080452009484157,0,2
121.71474674657965,92.85159651410075,36.923211135726234,1.0952949074930198,0,2
44.11211565690776,97.41090459952109,36.49814739500187,0.0,1,2
46.57841620251635,95.67735604420918,36.337514102184606,0.0,1,2
58.47738576678529,95.60582762082998,36.57181405365702,0.0,1,1
151.94531259822477,85.38032988648293,35.451299744192134,0.6593574673486309,0,2
55.57397837615968,96.18864075324775,36.66871430393257,0.0,1,1
133.0137287408571,82.27638888957301,35.314451294483696,1.576370265685421,0,2
117.62094830315432,94.2454690977213,37.323004040753666,2.7474444505842013,0,2
78.98987819628584,98.12978970719458,37.158180176223276,1.3996561158279286,0,0
38.79871581847418,92.01328649823134,36.54720650056297,0.0,1,2
47.28736060894909,98.16039742065237,36.37574809258854,0.0,1,2
76.29300025721112,98.80291013471759,36.70921169055569,2.1840707702670903,0,0
73.30176824374844,98.85403568252858,36.307065103066144,0.14769935445424176,0,0
63.163667229113706,95.86610444602421,36.52914624239252,0.0,1,0
83.37213575467756,98.31098665512106,36.71642865596737,0.9200059361066004,0,0
57.399241525175555,97.3662283899322,36.43106718444533,0.0,1,1
114.66060619170213,92.06881515309502,36.796087966212156,2.046474484847931,0,1
65.79355045787585,99.65964749360361,36.61258594312813,0.2800546241749024,0,0
75.99711419714178,95.56017296942203,36.838179019523245,1.458673486027275,0,0
75.02135158209033,98.0632912480718,37.112374024131206,0.7536360338920954,0,0
51.72290192363727,96.26577925868085,36.50246749731874,0.0,1,1
113.93494884706486,91.43728051443722,38.47325822751728,0.6782700043025087,0,1
64.17135816305169,98.62270925481377,36.33834103674326,0.0,1,0
104.73338577610681,92.86684670283475,37.80375546479853,0.5241341594337301,0,1
75.73312400488037,98.4560749654855,36.85462911221401,1.0825277999254703,0,0
118.48595573257676,93.62160261098181,36.960754864549436,1.686762452506176,0,1
65.44477424398862,99.951541063695,36.7340417637509,0.13332078325916985,0,0
49.10509657998291,97.02599051537197,36.52424642990594,0.0,1,2
114.55736281762185,91.97568221488821,37.78066632999601,1.3031494990936126,0,1
34.25236624933363,81.8234523786314,35.210648082021166,1.4141289115614166,0,2
57.62024537083646,94.76203278377595,37.90404970701543,2.337091790194948,0,1
72.45381194779549,97.55110668034477,36.945157852966474,0.49095886766271535,0,0
74.85153993054794,95.81365425448887,36.952640723855126,1.6453965005795108,0,0
53.27432470111005,98.07132775693515,35.94774224182933,0.0,1,2
119.3888981271916,91.16635347265607,36.65945627258261,3.0465094528697207,0,2
77.61527434971478,99.20479029366778,36.91168387073459,1.5540995141645364,0,0
115.1854908192192,93.99493954110817,36.58672388587263,2.771321258147204,0,2
56.101744911607646,94.10979352308031,36.068433990630844,0.0,1,1
78.48123456817021,98.6052312729669,36.980984029931825,2.1141011551093385,0,0
96.04672752750477,97.31483083067738,37.077244964348544,3.1874230831922072,0,2
43.99753048999011,80.67228684165185,35.7383402502365,0.18954937821233567,0,2
85.10474893883254,98.36106137547563,36.794723205724225,1.5572557201049706,0,0
83.1275784535473,96.52314761856258,36.5809860296723,2.2423478555130605,0,0
65.47913420940353,97.49218512932175,36.67073538068125,0.2825401035986033,0,0
56.595150659271944,96.20811294232725,36.23573595066361,0.0,1,1
76.92232141586757,96.24323913388277,37.02019218967252,1.3316240046254937,0,0
43.066937423494565,90.47525995249393,36.43938306510267,0.0,1,2
74.16063832530453,98.09033763524164,36.50132856222364,0.42968344101520684,0,0
71.82230218790284,98.77173801252171,36.95310081675616,2.28699690362687,0,0
84.74479906260339,97.21386373623695,36.74848681307894,1.3852226568330048,0,0
65.70807130950337,97.57499509687663,37.090331460303744,0.9423130505216837,0,0
48.44483102913139,99.69423133288957,36.51621299521759,0.0,1,2
65.7452627107392,99.21102036727248,36.77470671064821,0.4126802090113364,0,0
89.22345232361671,96.52963736599551,36.500854046113965,4.2829848262843555,0,2
82.0252528870896,99.30909413803754,36.76445836817362,0.6278132435816017,0,0
49.55132820855472,95.77137516445322,36.37420707010861,0.0,1,2
51.91132096310421,93.28641021753016,36.79127509350106,2.5080487195480226,0,2
59.580542877905216,95.2044784177569,36.189157031360125,0.0,1,1
84.55154749589431,97.89500576593824,36.661537476605645,1.6006309534654466,0,0
162.15111116702096,82.54162598295017,38.08149382746141,0.157629417966271,0,2
114.16440402175033,94.26663477615168,37.69846505448392,0.5094444821944135,0,1
96.11662966936345,96.64512839951315,36.77124371334028,3.126543333418648,0,2
86.53358451611895,96.97086981646962,36.71046512680872,1.3170965222440214,0,0
73.54054123640547,98.93206833904785,36.95362514237567,1.7699428750351724,0,0
34.2104786988125,91.96236039988882,36.579578799819465,0.0,1,2
120.63362738316691,83.85961373740395,36.92708102956973,0.0,1,2
43.85567856467124,96.78673346557039,36.3248229055365,0.0,1,2
86.84662776469284,96.78060668107639,37.09721016116586,2.189032749881981,0,0
124.67782833963683,94.02426228988779,36.488780084613204,1.1369484799371978,0,2
115.48176536958175,93.1746833765277,37.10300527682094,3.1927681788518925,0,2
50.72452619693606,93.48851497291854,36.3751642646703,0.0,1,1
54.560080448408534,95.75451876208136,36.59915761983392,0.0,1,1
82.99637295361232,97.91743656960918,36.72119505155164,2.3044730842858834,0,0
71.67072203819939,99.0434450686497,37.078258357279296,1.0198106407181535,0,0
74.29263236521265,98.02609812679603,36.814486912703195,1.0833890152000722,0,0
63.405250334213605,97.05107046839757,36.59561108616767,0.4889648351128717,0,0
105.78858373295111,95.65627823554057,36.486564338730375,3.510694037229029,0,2
87.27674753657296,98.63931664202788,36.63109412448949,0.8304268603883639,0,0
56.93404981243703,96.6460380894342,36.30287965629444,0.0,1,1
77.3363724270125,96.6077751510439,36.813328000433685,1.1779387745193246,0,0
116.44934076523228,93.96880636263319,36.301816105391445,2.9866256668701117,0,2
51.713002880110224,94.962458096005,36.50855898480013,0.0,1,1
76.22550626749754,99.96106428918574,36.52995665454396,2.4299395838011306,0,0
117.70837571449621,93.48158564847205,36.65296617134743,2.232577545222525,0,1
126.73078387015032,92.06509096951466,36.67639698552555,2.336006997135773,0,2
80.38036872039757,98.62355128593794,37.17531869335776,0.5979836483316298,0,0
76.66495213062554,99.15445988433194,36.725427206839605,1.2845828825372683,0,0
46.14704673389136,96.04913479234789,36.34336805160915,0.0,1,2
80.20803736344615,97.58666708379891,36.572108551089485,2.2691284388061224,0,0
87.35258872114768,94.70003114875128,37.143782126780756,3.089013301385903,0,2
82.06194653958285,98.81053276703835,36.95945248768377,2.1339084805955584,0,0
70.41989109856627,98.62833746778179,36.838910201473674,1.5408603525772935,0,0
60.03665930293808,96.12180877136282,36.38149074843385,0.0,1,0
48.67509162045132,98.90047818176916,36.58026228266394,0.0,1,2
81.05920035963982,97.36915358238419,36.98129050810396,0.7625043783529041,0,0
57.391860830779905,95.52762301136327,36.77211770753079,0.0,1,1
125.15882494938434,94.69813527236167,36.58401698888833,2.3489100008664145,0,2
57.532199282441184,94.12778531552878,36.25801727874716,0.0,1,1
84.64772936690956,98.18839886855045,36.39476615072078,1.2710605094209224,0,0
53.860817847019106,95.30195486763441,35.953624432673685,0.0,1,2
49.303048656471795,95.6932228810241,36.3048191227223,0.0,1,2
68.56877150869651,96.57283700129695,36.86322099873787,1.0057475015921027,0,0
84.086621581321,98.17620499972519,36.93713636924027,1.7058009743729012,0,0
67.90233035690731,96.18281485297959,36.28914646315196,0.0,1,0
63.836394787136705,96.67154225186438,36.477337792364835,0.0,1,0
79.16339010079443,97.82943669074238,36.718139622353206,2.4932209690402414,0,0
35.499142605928085,89.47834285779071,36.34586164928911,0.0,1,2
85.98969375045623,97.5216112134662,37.12770248718055,0.28426893684752075,0,0
127.31679209995708,92.8489287894049,36.978785856286144,2.1564887939000386,0,2
78.88829935875809,98.43467908418609,37.26351880195433,0.5127337863411318,0,0
70.59015406550436,99.55227319008355,37.09015200421722,0.113365265496787,0,0
51.84842860311769,93.67441845488736,36.34853874090532,0.0,1,1
71.9735334176944,96.80665728700458,36.565118577331056,1.7135215328260662,0,0
42.76818073559774,97.16573902558137,36.694074189568575,0.0,1,2
72.87154514453657,97.59289889433676,36.82898118686795,2.4049643652659647,0,0
110.12672298550787,92.03379899907793,36.61132087253538,2.607553237758386,0,2
75.28188090180922,97.88609437179585,36.811042470720075,0.7819422825508623,0,0
70.54124459285552,98.16818319700727,36.95157447238655,0.8810587163886607,0,0
114.37081694619222,94.42767550690155,36.63651807767872,2.0329305866461977,0,1
129.78902097762725,78.72952290138096,35.18687107051972,1.8961921682706873,0,2
123.39665007522342,92.29678986198728,36.80046684949843,2.7208170095232647,0,2
76.80537344341323,96.94280499508625,36.5142270719759,2.441257228676546,0,0
79.5536059671349,97.60187057971275,36.59378035522515,1.8522124274463605,0,0
110.6498443178844,93.21262638518223,38.0003428490502,2.6786532732531096,0,2
49.89674315096494,96.2140945112554,35.73337793955616,0.0,1,2
51.22749040455802,95.61599745092555,36.15040867341268,0.0,1,1
93.04285678822204,96.77861248732381,36.82438263270489,1.835352960527648,0,0
77.75510907712433,99.44632882506251,37.03989573558483,0.8081563845196085,0,0
91.15935372730702,93.74608205381308,36.96108487132628,3.4328153247131756,0,2
65.58002193988217,94.98942699118032,36.43461425965349,0.0,1,0
113.64456145134668,93.11485704851125,36.90995022923542,2.9957313798583733,0,2
72.80771997475517,97.74275639896504,36.383609192089686,1.3462226233930683,0,0
112.67951402513438,91.7494083519402,36.82279482111838,0.8721832900009461,0,1
77.46889736496227,96.96225004759606,36.98565892240675,2.0198707029001954,0,0
86.89759378228672,95.86398945211484,36.590866358891006,3.973386687516744,0,2
64.99895061034985,98.10604225944384,35.76782105892656,0.0,1,2
70.65209216092474,97.32037571548754,36.99280247027624,1.1271576633405995,0,0
68.30118135989875,95.75304884346059,36.668385586795864,1.7137310211079082,0,0
84.9810189460091,96.95194530958804,37.0810042833332,3.4098978355072194,0,2
76.11325197565502,97.0392047582512,36.8291918382198,0.5005341735497255,0,0
63.782902484206964,96.76377837792873,36.54740085042061,0.0,1,0
52.49827161779992,91.99948758432114,37.78466892796539,2.609133279056783,0,2
52.600259564341904,95.14556839908481,36.15395680457186,0.0,1,1
88.48635902309749,97.57790044879229,36.934327489266195,1.8165942737168368,0,0
88.6423640645487,97.70685423060046,37.08113529271596,1.564724738029257,0,0
58.80635187466056,95.67854676146155,36.348088873759124,0.0,1,1
74.87444237294254,99.99584716208858,36.99511989963857,1.5839331912714192,0,0
59.86468086572952,96.48571883624852,36.97035941129423,0.0,1,1
81.27187786779365,95.71466505939465,37.005488196738526,1.5493700693451447,0,0
62.04877560998475,96.09949464465045,36.509591284332224,0.0,1,0
75.97441985242504,97.95399553017779,36.6607826546667,0.7001625109075098,0,0
72.3975280521219,98.29420452639454,36.8074249835916,2.271898461794252,0,0
37.44519100691943,87.0583506746661,36.41060666683449,0.0,1,2
57.01124945219527,97.86304913241797,36.49970768280112,0.0,1,1
31.416926459972675,83.57777220857028,36.68780049727915,0.0,1,2
56.20900271288793,93.99373489680373,36.320807942631944,0.0,1,1
54.10695478738693,96.10274872325174,36.0209110740872,0.0,1,1
72.0678233813285,97.67793289079209,36.64347378319283,2.024604833723065,0,0
76.50604784441396,99.12324649620399,36.53512296952079,0.6592888157418354,0,0
84.08807856285864,97.167321546685,36.86141094724895,0.581121074611564,0,0
64.68023506456535,98.48341240215545,36.55066270122595,1.364149466693873,0,0
113.12372573660224,92.43030785424385,38.14439758972896,0.9975166786197378,0,1
86.95141453937322,96.98384820429916,37.10580753004844,0.6902869936668448,0,0
70.29268337358312,97.98742875535042,36.771218863946544,1.908085496746546,0,0
92.71207574070166,98.09732062368448,36.46805495600556,1.256160466941278,0,0
79.34731312668465,99.38982752084625,36.64347416042952,1.8495719083492894,0,0
79.79679301990271,97.76000113356963,36.71202784238922,0.8821114253322049,0,0
43.58548016524395,83.01523131635298,38.07580247197153,0.4255496318931864,0,2
62.00218105283641,95.41958363946588,36.43256824226869,0.0,1,0
65.18979037635552,96.2519587078132,36.50770627706485,0.0,1,0
113.69045765276738,92.88838119110757,38.091222824842475,2.1709639924142756,0,1
65.44413567887928,98.7159628086021,36.58745764787131,0.19031436196450252,0,0
84.1160642426222,99.40040175544812,36.786229001436354,2.1776173176506672,0,0
64.15634310784003,95.27283439598341,37.031595994727375,1.3530428444951188,0,0
136.6369792134797,81.76948942930677,38.469063865477395,0.8735504672387693,0,2
62.68907714630262,96.98872726779906,36.79216758046268,1.5409000036583627,0,0
56.775907830579676,98.83295571568445,36.87837605040261,2.2281211734751634,0,1
115.91149469180289,95.21304082671892,38.07452787279906,2.2960065224028323,0,1
57.02979476475069,95.86957093396558,36.11645858966567,0.0,1,1
50.68408859449294,97.89256700641681,36.311440921773375,0.0,1,1
49.0539747597427,93.1132726889953,38.29360391995704,2.7904566479486803,0,2
63.05712017609276,99.72719001221644,36.72951903364039,0.9756339848707053,0,0
57.573300941444714,97.02660655913806,36.54203657325479,1.5178752175266548,0,1
37.019749174592974,78.32178923089259,39.51720034610295,0.8634258146037124,0,2
47.818773486941915,94.66755124110522,36.16205529568398,0.0,1,2
79.3725610073881,99.06722995758122,36.47514237226556,1.7173818674923484,0,0
54.46209003981249,94.64611994850246,36.34876983918492,0.0,1,1
64.50368878098568,98.69014530856622,36.94048746343521,1.7987038725802071,0,0
49.47180654917601,98.24943060759273,36.80106950920561,0.0,1,2
75.72429540725628,98.52748687224187,36.732380289354346,1.5598299640857585,0,0
49.510127624475004,96.84813709135635,36.6434079074596,0.0,1,2
73.1986166025322,95.87435697544166,36.78773316873191,0.3981320238606598,0,0
74.36702732149114,97.36891552350866,36.93714120529629,1.307494185200323,0,0
74.3122200431005,97.83782522791171,36.453562768372656,0.8666031638506069,0,0
71.81880889487994,97.81976919103722,36.90823192725958,1.4740291193000412,0,0
57.76693120380049,98.02576975073646,36.32404438836419,0.0,1,1
64.32356898180913,96.7835167243476,36.45224657113189,0.0,1,0
66.54373105439974,97.03632237788801,36.94824224401543,0.0,1,0
78.42545803426646,97.22710947745468,36.728784397467855,0.7335969324493332,0,0
55.76277414041579,98.00924235158058,36.095982420354204,0.0,1,1
45.431047421875924,84.09470856919721,38.380457638491976,1.186047316097592,0,2
71.71198829140279,97.75010073061496,36.82241941183624,2.384076096333232,0,0
113.04285914961436,94.33019510061254,36.73457693138169,2.134657379883379,0,1
103.01345039542963,95.79567212179875,36.322909729571144,3.597394371475958,0,2
86.44362061054174,99.43248989637368,36.63302487873432,2.1458327984526666,0,0
96.41195371742629,97.44786067053454,36.85163090981614,0.2197567298978617,0,0
79.40662023016718,96.90046523465395,37.13069958231013,0.560152808181058,0,0
54.7648778754939,97.1748234964674,36.46397187058155,0.0,1,1
49.073059558761464,93.16810745451139,37.9071960538472,3.153607853437139,0,2
85.46935099358647,96.05263685132901,36.618126136657835,1.3387250465558123,0,0
72.74371162429838,98.59485183548829,36.64299459995959,2.138330553408582,0,0
59.1776887024401,98.15479994774739,36.65384323319103,2.413342054498233,0,1
77.13692935652622,96.09100458788801,36.80525616851748,0.9964183113476857,0,0
79.55681553091526,96.7309754141456,36.94935294775205,1.4427631306325785,0,0
79.13644598632185,97.54249804946808,36.50387406751992,2.336128951860083,0,0
69.62825964087025,98.58190405201063,37.051345040368666,2.3091626280934854,0,0
51.85726451669176,90.61071803649337,36.65242897407192,1.1270064589402629,0,1
51.51165987232006,98.68750713938516,36.44461045355326,0.0,1,1
79.2120819194979,98.1628618544142,36.75326001978707,1.6236345620549704,0,0
31.794445523847866,83.80772547499603,35.840669124760474,0.8171012828679454,0,2
52.28809751836872,96.9169863009691,36.61959324242213,0.0,1,1
63.43269556815012,100.0,36.84209582476722,1.839105020377051,0,0
80.80819666392556,97.04582311179648,36.62435568378231,2.098999647474418,0,0
59.91325237036671,97.34452045982663,36.09484464218951,0.0,1,1
81.54631486955708,97.33230706326897,36.77750734200317,2.327322489004446,0,0
77.58942293695642,97.18518532667889,36.52366399317798,2.3261161122623313,0,0
86.88837890922441,97.01800792837214,37.01369923475622,1.136986766196406,0,0
66.82344416858851,96.85909098939028,36.528276838524306,1.1997238119703264,0,0
94.49042869405,96.80526620110142,36.4582906866734,2.341531037811276,0,0
157.91289718928323,78.93309954496135,38.88475474322798,0.4581179935472294,0,2
118.75414822665287,93.28929599903907,37.84259897871587,3.0934332065819934,0,2
98.3980008794213,95.34702194765154,36.94103560483687,3.4665656552365447,0,2
75.41352174308685,96.99510154819693,37.219422928365205,1.9982661692052042,0,0
77.3098849606469,97.4446282384698,36.83883065499592,1.2755610108805928,0,0
78.03700561501029,97.80639246573114,36.73418484707517,1.2415268735422638,0,0
88.90812319572746,98.35054000951232,36.58947536886486,1.5047288526750235,0,0
83.14550022903195,98.07728950311383,36.72658828445799,1.764990165029286,0,0
38.94037631344165,91.88537699051685,36.50594799443168,0.0,1,2
71.3590602972319,98.45012597684855,36.797302536523716,0.8868907877980443,0,0
78.20800577917393,98.6311830428634,36.82028008579557,2.0120931969683133,0,0
65.0965343636075,96.75000366730315,36.981707641465434,0.5073441344605052,0,0
73.2894476992873,97.54675660655221,37.037240713942,2.1811471085946894,0,0
109.27416026222235,81.8952559551281,36.31652418251432,0.0,1,2
83.56261113328826,100.0,36.708539233691425,0.19525805763954435,0,0
60.35307681164654,93.83592619833833,36.28380877128909,0.0,1,1
82.2157068799355,100.0,36.975299090030404,0.4454669796201245,0,0
66.18525277643634,97.04783980789526,36.63841223995676,0.0,1,0
73.28092770779708,97.65637193832461,37.06467589578011,0.7849567873175135,0,0
92.7085803743638,91.33687469037277,36.33802299694424,0.0,1,1
68.65836529448686,98.1975876238377,37.04700750525007,0.22089801141746018,0,0
60.05238214743228,97.38883328457274,36.40805689165903,2.1603695054114427,0,0
73.27991930588098,95.65906864211325,36.97976380436735,0.7158458434623283,0,0
106.24160504093591,93.26768912788455,36.654668440548065,1.4142128563580163,0,1
52.53894659033307,94.93761626936669,36.48645532905215,0.0,1,1
47.98239943295779,94.62572254898281,37.010706613427224,3.1608123555543,0,2
71.18256519624904,97.42331584656924,36.61552307418766,0.7483518325554489,0,0
54.80381418169616,95.71531909148655,36.75977913354974,0.0,1,1
52.73262578466126,93.85847834170406,37.856590702174636,1.8147967710018902,0,1
53.37957653249589,96.17554955503958,36.529203738007546,0.0,1,1
54.228184469022764,97.75003586902517,36.10357905218902,0.0,1,1
81.97631141394909,97.69552873161054,36.75928692214872,2.243461303719709,0,0
65.07653278134255,97.82965708989188,36.37432446752377,0.0,1,0
77.57436388663929,96.70233022507779,36.95159735190958,1.8593712884020437,0,0
72.47011003941972,98.51051035473229,36.902168395892375,0.8831825559828008,0,0
72.35079354255983,98.3531207796801,37.03965194651003,1.1601421370374458,0,0
70.66465335845801,98.35136915032021,36.734269462409465,0.5464149590404289,0,0
62.9378834225069,95.93743360974703,36.31034634996031,0.0,1,0
60.46572401832072,96.9851932713924,36.24018788705038,0.0,1,0
78.58151985843351,96.95335841032386,37.0549667114568,0.8520993478745628,0,0
84.35683567959543,98.55000139627153,37.12824144333231,1.6654472056602407,0,0
57.896811187025065,97.19849689346633,36.36132616529958,0.0,1,1
143.0065792481009,74.00142151800357,35.55504895381079,1.3926926597955982,0,2
92.62515247515583,97.11671473678241,36.93109706494282,1.6753819349467578,0,0
77.61204597001087,98.59060109714031,37.041633743538064,1.6025972814991971,0,0
51.52287345280197,96.20001753836779,36.398354354649214,0.0,1,1
78.50468491152078,97.0463975473066,36.73640987820272,0.948232715895719,0,0
45.37678357939519,98.35974455438884,36.383544067571336,0.0,1,2
54.51409531329862,97.6341426805668,36.49389643723934,0.0,1,1
82.64167510431778,96.9551993412152,36.72059141168394,1.9574768054342393,0,0
34.71876535743662,85.19632125744221,39.582952441901774,1.7159358984826738,0,2
45.50404196815393,98.46651349634004,36.35258461871895,0.0,1,2
66.67540056038997,97.84225937587814,37.11006395038635,0.6686737865078554,0,0
40.679852312379786,90.84649287335088,36.189347972138755,0.0,1,2
43.5050958271339,89.6846739149481,36.419463747341815,0.0,1,2
74.40240734449485,97.8797219109405,36.694088740804446,0.3527282392644354,0,0
55.74157497573171,96.4369171856631,36.86386755435731,0.0,1,1
66.4627833848275,96.62502331203389,36.44354522049056,0.0,1,0
38.39954421956246,88.21385231221947,36.42988999784741,0.0,1,2
73.7486953766044,97.2950355514585,36.69117493371086,0.6814283421053058,0,0
81.23872201915323,94.77084075468396,36.91765349206629,1.427535336013491,0,0
51.17187971202449,92.69332162755508,37.482230475412365,1.4570750761835565,0,1
66.86065906192738,98.06463969907381,36.457425590473115,0.7055740589033667,0,0
115.66221402635337,94.43869134018814,37.83971043682879,2.1054682033458336,0,1
62.31894859723061,96.16804559562537,36.38658478810955,0.0,1,0
81.48482838574708,99.59640585515965,36.803323080934085,1.7033446976775097,0,0
82.18442644836782,96.46731435485225,36.693430924706085,1.625040192776629,0,0
83.00996690964577,99.22481218636626,36.321503033691776,1.9971562687920736,0,0
44.247703684339555,95.86446633169705,36.66112466103545,0.0,1,2
70.36547881004888,98.54515118943586,36.91959143706809,2.2632693852209655,0,0
69.5558432291666,95.95633197754431,36.936661901330176,2.075091700975501,0,0
37.774992787402255,82.77941354641132,38.98223448862745,1.6046171424663491,0,2
53.6526281939651,97.56530790055221,36.31619680170577,0.0,1,1
75.27440670945222,96.84991682669194,37.01414796844498,1.2105436328172194,0,0
69.00797387568754,99.28278108518141,37.30350339154705,1.8568736596586966,0,0
53.13265777301475,97.57847029174236,36.59776151895852,0.0,1,1
47.14915221444806,95.67864535850092,36.194774618285976,0.0,1,2
53.19167250016325,95.32677613352632,36.527542184290795,0.0,1,1
51.5152806484033,92.04851337043127,36.78398132130131,3.113867013093921,0,2
81.21774774402945,96.92523462685884,36.71807197473819,3.4396577562575974,0,2
40.83268253648769,91.38714665676909,36.9634850936741,0.0,1,2
144.4224750274867,79.27573151747687,35.07695688726214,0.14770261505983692,0,2
59.10412378438309,97.13337809111154,36.45425598183363,0.0,1,1
73.85284143299998,98.75942355706184,36.81803569933851,1.1614563817830765,0,0
125.45077358876449,79.19490686415617,39.20125251423766,0.20964272280899365,0,2
91.32068299300622,97.64866445664546,36.745308374058666,1.1506688299008565,0,0
78.33158252865071,96.94335296978153,36.58673257914418,1.5090789146043215,0,0
65.9604876677147,97.43440687598714,36.815995850381384,2.183429125192774,0,0
79.61273236196503,97.44774666276473,37.05629481056306,0.5264672532385658,0,0
91.27764971553721,90.13925619535144,36.282996262527845,0.0,1,1
114.18024038364064,93.14799690914265,36.92275319876143,0.6928479129187337,0,1
86.25663792354968,97.44930025196415,36.88463339637094,0.6715293650658238,0,0
55.70566160095968,97.76529681217973,35.823680228318416,0.0,1,2
94.84503175270778,97.75745971157421,36.83600382788293,1.7956551115850015,0,0
113.13844171647719,92.92485952605782,37.65073356892765,2.2481063965089083,0,1
50.740516617148366,96.24268197189656,36.40219319379703,0.0,1,1
76.62734158365326,97.94399689796657,37.03010231411114,0.2792851861504658,0,0
43.78920242993466,95.64404547014529,36.681999747566124,0.0,1,2
58.17742055971898,94.88500244496304,36.544868204728175,0.0,1,1
60.13566979455944,97.26051626278775,36.368698096744986,0.0,1,0
74.77039096769208,98.95700669781561,36.394130373986876,1.5755558863735268,0,0
52.99302470359288,90.88487014281691,37.983476705833006,1.3086654412985324,0,1
77.88907851167211,97.92674486615081,36.65465125140668,0.31942744095971154,0,0
84.00000020861795,99.36268495057094,36.74050716506854,2.265446998298986,0,0
60.521552565820635,96.24523455010808,36.16589220081466,0.0,1,0
76.5435527623402,97.32884164976417,36.93648210871233,1.379883020004954,0,0
73.28406037425277,96.8014052210494,36.266790937691916,1.6550172845425573,0,0
53.42036232834711,95.81153778834572,36.219152699418885,0.0,1,1
82.63861092663277,98.48468268760635,36.585017341132186,1.5734753360644451,0,0
81.29212164343105,97.50618533399731,36.96589751797134,2.377139142405105,0,0
30.0,77.34135330434631,39.062501193092864,1.1619871207764565,0,2
60.954679900173744,96.31261712476801,35.99028381953954,0.0,1,2
71.75824596265056,98.92680192428968,36.87878736279905,2.0446941526022653,0,0
29.272746483878883,84.24847436449116,36.10824315113368,0.0,1,2
87.5632206037989,96.05390633543274,36.69079710060301,1.3666993733170398,0,0
54.87609693038206,96.66049091597748,36.44367741215767,0.0,1,1
56.997536347617825,95.60742058434494,36.602138269696596,0.0,1,1
67.34458107762961,98.88155938101305,36.944960135510165,1.7302271743704343,0,0
69.12226651709497,97.96057703783428,36.87913719104001,2.244206945487782,0,0
71.12851559095097,97.48688789147165,37.102265197156676,1.4283686829129278,0,0
55.679766563755216,99.55445934609823,36.40995187578697,0.0,1,1
70.75126415259429,96.93936984768315,36.59736797987591,1.8287879231907986,0,0
78.83112752171354,98.9190139890307,36.69317117005043,1.3145517986476638,0,0
73.51961473945232,98.68992505025116,36.802692192995295,0.5992170338920173,0,0
85.20759664613067,97.0530579101997,36.70910969179864,0.3076704913546708,0,0
81.7474386383054,98.30280562776062,36.715772157234284,1.6863350390688205,0,0
81.30202092143507,98.66896309791605,36.85509954457779,0.1981448382449953,0,0
42.19087557614651,85.22545936825499,35.29912258190803,1.2664515205736562,0,2
62.31477319924924,98.22614748579517,36.48645379853788,0.0,1,0
85.96241631268873,99.93694001874411,36.62404061286971,3.8952203508971954,0,2
127.07397149053102,93.46318897322321,38.4074297007297,0.8971539387715284,0,2
64.95527951072135,96.18456212293975,36.827873106663674,0.0,1,0
56.37635164449983,96.77841975968438,36.374616406191116,0.0,1,1
42.73703490204262,94.13569544069713,36.143460466034234,0.0,1,2
92.62512137021376,95.76647500046019,37.208168699652994,3.322523696287679,0,2
65.15630135587479,97.20469277656785,36.630008015205235,1.1990688034584516,0,0
54.239372865406324,92.36564080524539,37.132553489039566,2.3621628573117337,0,1
94.76473871389834,90.37074934305787,36.659709570988454,0.0,1,1
38.662806598078646,83.08071554987097,38.82748048573209,1.9283814849201188,0,2
161.24784344542257,80.56406551365131,39.067242615278765,0.346583457868906,0,2
73.71961947986705,98.41367950282044,36.822153525785595,2.1030993757807326,0,0
143.97687414453023,84.86846904368542,39.430595473755105,1.8436177447128879,0,2
74.2490896986217,98.7399543566113,36.78218265952168,0.21290479486880542,0,0
109.5682898675401,90.47274737088698,37.92697968843325,1.8269307287057623,0,1
52.13867168295853,94.0805147874545,36.45077707348211,0.5634483041042502,0,1
66.46743147405994,97.00988414032435,36.71032988589776,0.563837657458263,0,0
47.05433375538809,98.02926848265135,35.99524078679451,0.0,1,2
50.15398439866942,95.77242529162609,35.85343041330648,0.0,1,2
66.62920145518615,96.5226430098682,36.71805573988976,0.0,1,0
54.90079846241407,94.96884011658243,35.76236594276941,0.0,1,2
71.79139273986665,97.38487652846297,36.74225891704714,1.4691075003434442,0,0
86.65415732344547,98.64456253796712,37.03253855788129,3.364324168787329,0,2
64.57845651756696,99.88879905294114,36.83450239553058,1.105218340091491,0,0
69.91056731390817,97.73232789313519,36.80264574470454,0.6004489318110214,0,0
117.68672170842856,93.17526701795747,38.47635155280906,1.7161227645813797,0,1
61.536676597725474,96.71449528165296,36.74076596766687,0.31370646357869364,0,0
117.79259854048468,93.7985024403557,37.67472013256709,2.1051020718303084,0,1
109.45257607667853,92.18838480903099,37.421183214273796,1.9722886632671426,0,1
77.4648415222577,95.8102549073546,36.528012902573174,0.736949260856782,0,0
65.9966350532049,96.43441145637955,36.74973881758422,0.13111902615567805,0,0
54.50251507310865,95.83500287510144,36.296186610539536,0.0,1,1
64.51920430640644,99.5518217810242,36.85949534705307,1.2503534515212553,0,0
71.51552754650712,97.70757942017241,36.94877374380659,0.3160456524452065,0,0
36.67560804037184,82.02156305810676,35.27922220309898,0.5787280728993356,0,2
70.74658773189798,98.08655225150243,36.52319676298617,2.133522073910611,0,0
68.43794257351233,96.91553702583874,36.86984497893032,2.3294038253341847,0,0
76.47562915946345,97.82704930636804,37.310510580623934,0.3813986165402846,0,0
99.4382681273234,98.0420438943191,36.920799329823325,1.1103036041416923,0,0
72.71485957298387,97.29199122768021,36.63859884113576,2.2972527879831635,0,0
46.018819292443325,95.00652682547218,36.42194283012319,0.0,1,2
43.726888293050386,98.76168746574461,36.550253381623655,0.0,1,2
77.81821930143678,97.46755803472414,37.04008797511014,0.30818605923507436,0,0
85.21633786807948,95.24947066076294,36.42268890024223,3.208993827259904,0,2
52.399451653310884,96.88929519299637,36.40302594024281,0.0,1,1
114.7483647517487,91.79681758267054,36.70411691725514,1.229973167528931,0,1
77.01304479539482,98.74547148199257,37.2733945320118,0.6527542569110485,0,0
80.96741277435882,94.97151413702643,37.11158185085511,3.3026367748205194,0,2
53.137080085995166,95.77178507444782,36.28989966731568,0.0,1,1
76.2191754816717,96.13002132276067,36.661358009941885,1.3864685989500667,0,0
113.88229716366928,93.02829579940114,37.066051555831244,1.9015698235537808,0,1
61.541758601988384,94.75898131974229,36.4262345898825,0.0,1,0
111.77168151966129,92.20427956385589,37.67112960443168,0.7422421618573024,0,1
75.66399833627588,96.3108400218545,36.80273369150818,1.0585352915321784,0,0
47.86938645364452,96.9932252658708,36.50102892774663,0.0,1,2
92.9665391668744,97.48742049081132,37.06567497026403,3.561314402621083,0,2
169.11199266253533,82.35041201957787,35.13510176625188,0.8939728575845592,0,2
87.4225329541795,98.82357559556826,36.844027871677916,1.1100765988360173,0,0
51.614125719000754,92.22671843393253,37.06352446586192,2.105036342437928,0,1
57.87912624880482,97.39955457385689,36.78505027601948,0.4591025996688266,0,1
67.07256308101947,98.03212204880842,36.66673340963564,2.3095598291864126,0,0
86.72827087168935,98.2428516693071,36.67976778856546,1.4627219210543894,0,0
49.126545539817144,96.0154903334255,36.36228938960836,0.0,1,2
75.59190745517056,97.92467313767104,36.83349518188712,0.16845087329011435,0,0
118.60391423132072,92.1173154648232,37.66211973699359,1.8138791486306016,0,1
72.03972381253656,97.64785478617668,37.09636176163902,1.1727434003654085,0,0
54.81809636503658,98.11443719618582,36.78456806732869,0.0,1,1
73.17019311739195,98.874013645346,36.4218684089144,1.2053861505740506,0,0
67.48997576917257,96.73132723293321,36.90831882123463,1.1108110120086607,0,0
72.04083644341664,100.0,37.02566181091253,1.517333440984815,0,0
72.09175150322409,98.31045673079124,36.62915712645642,1.9409839780861065,0,0
71.65461426818541,98.5414150946621,37.04678277551818,0.3499807226065645,0,0
43.36971316550846,96.58663802880955,36.49476175783911,0.0,1,2
113.19996762563676,93.75816513263598,38.35948890768165,1.5267074702314145,0,1
70.35152808990973,96.99820994537804,36.79568061560982,2.1345009237378867,0,0
81.58577302548619,98.77005238712559,36.79789110089848,0.2512692468910598,0,0
41.40213333053814,90.12166095981902,36.33626118960387,0.0,1,2
72.39786726454817,97.76809255442515,36.495010194863404,1.976542500376786,0,0
67.9897668417616,97.63165983200847,36.97432288190815,1.9492230931530465,0,0
32.67657308127183,79.3358458762119,35.42889304386386,0.1327873605388593,0,2
56.81932234388555,97.23265484829271,37.01698496717965,1.7199911311496272,0,1
140.71529911653386,84.07663799133974,35.26385612334869,0.449104792097337,0,2
117.30202547898088,91.85298000191759,36.78421161220822,2.61892758094586,0,2
73.04269231614308,98.15207955370693,36.764194406822895,0.6706696913052638,0,0
82.24908083424603,97.51220427606066,37.20139329962158,2.4430340140246734,0,0
115.50402872488871,93.81829639565092,38.17712877278332,1.378444543396563,0,1
119.00435892802487,91.8514192791596,36.780146824323595,2.139373094888321,0,1
69.7608317938224,95.80461885025089,36.97134388361209,0.33207403299293425,0,0
59.59734456723237,96.92119608104323,36.422249272070026,0.0,1,1
49.603977954444375,97.1979353015109,36.89199236169981,0.0,1,2
35.85304307419981,90.86519338803777,36.948551229636145,0.0,1,2
40.36258650280819,90.4006110357934,36.85542325258625,0.0,1,2
70.48179686189395,97.60320557127045,36.72527517245881,1.2758166730470266,0,0
62.4604140528991,98.39929454973988,36.41706985065771,0.0,1,0
147.04197468614086,82.12099819000619,35.52906115211576,1.4364829340033825,0,2
120.39136501938617,93.8017792548505,38.62199152162368,3.1895375528250427,0,2
77.25188831063693,97.55690112066179,36.83371719354296,0.32992363984136963,0,0
64.19449704626685,97.87264227500745,36.82896544717183,0.6148834677438724,0,0
31.743980874392157,78.2545755671071,35.806659323766645,0.0,1,2
87.20905789122186,97.93915083905227,36.93473437017565,1.9084432182130617,0,0
81.23077276248259,98.3206101308015,37.166051037787646,2.4324940838309312,0,0
34.721815154268945,92.12203215355015,36.79490152523063,0.0,1,2
77.93240540613705,97.84405284475116,36.532359703973015,1.7182448550743599,0,0
118.17405592245836,91.92651618289615,37.39211802372527,2.549308740629511,0,2
55.57672107057897,94.0991960115857,36.91608104780659,0.0,1,1
88.00194624355498,97.41284903639432,36.75981443961019,1.596471278906447,0,0
77.46010510139857,97.15452282235137,36.698371095902715,1.2051468026486771,0,0
76.81028906470654,99.46999209609801,36.86556418886405,0.7787201141492659,0,0
75.54947068042819,98.7851920917811,37.32784122092998,2.1849173672979636,0,0
45.67616927498709,90.6097917345914,36.273889623137336,0.0,1,2
74.29725469500198,97.43286300337385,37.21091346131588,0.8864149512959352,0,0
65.47714446019027,98.13089078048773,36.531658931864804,1.0787603398711827,0,0
127.68647164414175,91.45341103272719,38.04752977650476,1.238230703676777,0,2
72.01249615061381,94.87294015749143,36.8565107301485,2.2460505967336566,0,0
62.740574876100304,98.05920040838929,36.075047689846166,0.0,1,0
71.64245450142754,95.99915116288554,36.91900807454381,0.7365947499239689,0,0
77.96501431377774,98.6275371010926,36.89242684877991,1.7745178716945778,0,0
86.59768357648524,97.80364376450174,36.960099061301406,1.4242592061442314,0,0
67.35066005750508,97.06056965525319,36.837972243513676,0.7942606316088898,0,0
52.774844433891616,96.65104799602415,36.59887082283727,0.0,1,1
70.87012953714355,98.58780399278383,36.911203142851605,0.6713892216445136,0,0
99.48773273994749,97.64522432606323,36.77780289314578,0.7615072454850429,0,0
45.88952686457398,84.7468253291771,38.93307665216049,1.7741725250309972,0,2
44.30139863447795,95.71322404314046,36.40252626480071,0.0,1,2
86.89369164980798,98.5170601522554,36.765046232139845,1.2281558120602976,0,0
31.431595750841808,80.5299672481877,35.45545499614202,0.0,1,2
70.09733441826008,98.61933803039557,36.754169372819845,1.5682713813265217,0,0
66.24144145017172,96.15336589259626,36.509944514433705,0.0,1,0
77.51921620037464,99.21349265721291,36.73003597865281,0.4323894019535254,0,0
67.31525371265646,97.42770033019647,36.75675488604979,2.467229255416833,0,0
119.13597512102402,91.65628690990195,37.90656345410373,2.2648588332775588,0,1
86.24190313965553,96.54092716235613,36.92890994517744,0.9958946540948599,0,0
48.514561586216594,99.29008229815037,36.21620596787278,0.0,1,2
58.916774701386835,97.00306041569573,36.10644442951329,0.0,1,1
49.75097466407691,94.14789591722125,37.95697824319087,1.6142036562063196,0,2
75.86168802098234,97.65406708585843,36.91368005171461,1.7581573293463142,0,0
53.167554021773036,93.44623429911616,37.1383789831365,2.759182701961766,0,2
49.1642375001281,95.30593837109939,36.076112682983414,0.0,1,2
78.70963087952296,96.46882320261437,36.62639364449807,2.3359578663475067,0,0
47.766797176997216,94.26164032383105,36.844549848357744,3.073739367859868,0,2
77.34367116923906,98.48269351087063,36.89341712285,2.091051011746408,0,0
30.0,81.91306150802478,34.90773798168019,1.5932748091378972,0,2
77.81608425968574,96.76916727477271,36.93715714638332,1.7674231361041515,0,0
76.45094371492854,98.03699306108848,36.754097052587866,1.2030978488536581,0,0
68.45696352901476,97.95647323410078,36.76897796942559,0.9677207141097224,0,0
51.64805348065343,96.87171018108569,36.42183121362053,0.0,1,1
127.32447523442407,93.00035887947436,37.58520545469779,2.048033682733922,0,2
77.48100925550173,98.60889224537014,36.787110144232365,2.479117788828768,0,0
72.04265553679687,98.55775131527747,36.805078930500045,1.0578654433354229,0,0
55.35822663623422,97.40223256078018,36.12473328981285,0.0,1,1
53.412663447262055,93.67231705962922,36.64939282930972,2.63731585678119,0,2
81.3597090251055,96.80196905802867,36.641402669225954,1.6804351649400875,0,0
75.58373694884948,97.91473739545793,36.776412739726,0.690442042896578,0,0
75.57474522227166,96.40490529305312,36.63971154123398,0.19778521081407574,0,0
73.42339139956432,99.26458230984863,36.5961455309672,1.430650183585362,0,0
48.445236404126696,96.24384852702387,36.076469044519435,0.0,1,2
59.67136212386019,96.45103810243614,36.248581584976684,0.0,1,1
79.65878947808716,99.4981221331031,36.83444542649228,0.6808263729915458,0,0
78.34586165266522,97.53182289318302,36.61487317326461,1.818689913114387,0,0
58.785545502357124,96.30767214461589,36.6729610454569,0.0,1,1
116.89284969826359,92.64876312173293,36.962640077056875,1.5332892496754975,0,1
45.192723273946775,94.60832274474869,36.56792771627554,0.0,1,2
81.64725551598264,98.11158626954798,36.708205401738155,1.477152480582297,0,0
51.75480215910814,99.78013296164828,36.66279843138273,0.0,1,1
29.67659499159332,85.5081418723121,35.90234723791166,0.0,1,2
53.626757571272556,95.53826978161611,36.04581084005636,0.0,1,1
81.92343213799113,98.47687398271961,36.85876476050257,1.3173731700505023,0,0
85.41105221344371,97.09100503978493,37.19687277653384,2.429863374585732,0,0
111.29234714586767,81.15673423984671,36.38128116691183,0.0,1,2
119.18528520927138,93.34189727617834,38.31855070492988,2.836639735091805,0,2
72.28264077137175,99.89781709840847,36.70034067072661,1.2066763916233219,0,0
55.60346827204394,97.94742504524835,36.393680494030825,0.0,1,1
53.587582532281495,97.6238605155053,36.26396012040725,0.0,1,1
56.536792561955025,96.54460071875562,36.633856153205734,0.0,1,1
74.192232363861,97.1027654831493,36.8183446047254,1.4217571496126788,0,0
47.70401193631918,96.39441671910633,36.66149446358918,0.0,1,2
60.53377833190592,95.96931456966078,36.49014075043389,0.0,1,0
67.97281409195509,98.33058620659277,36.50474441671355,1.1953888960064099,0,0
66.54120663275127,98.5152615337004,36.99220516171494,1.3918993781052855,0,0
66.86396371749584,98.8781101388421,37.10581897330339,0.28865817711585706,0,0
116.68399530070695,91.32468123601437,36.83497165925178,1.315195757126238,0,1
56.82026685220066,96.67711901070122,36.43765858507961,0.0,1,1
77.15588797499997,97.50138523693268,36.63766965473376,1.7037084629378931,0,0
58.35738761733963,95.47531675603423,36.10878823730082,0.0,1,1
54.96234956521227,98.19037125974496,36.56670650867016,0.0,1,1
73.19417911243373,98.41129522321263,36.927723104527644,0.7085123443704234,0,0
55.97900821072252,97.74622682493171,36.07120771539501,0.0,1,1
65.93520862576655,96.57418042747116,37.06961123752974,0.44386942695251363,0,0
60.89950963996385,96.9100221198666,36.950811440481225,0.0,1,0
74.11758658187567,97.49008891255707,36.941525707060556,1.6173306984215488,0,0
98.5841102006543,91.94416005821115,37.08130423013813,0.0,1,1
84.88464254006988,95.91301860222038,36.74342475586821,1.1367295227997993,0,0
62.948323520178526,96.85428102553375,36.94250675988206,1.797001842915625,0,0
54.211148938273006,97.0127181442407,36.1108479375329,0.0,1,1
64.1246035061684,97.71536361276924,37.09099113647445,2.1490091892284133,0,0
74.26863202153984,98.78706924427522,36.987060669076115,2.282887603719594,0,0
87.95796411164176,97.75012630153142,36.71931807573726,1.3990553121335638,0,0
62.380435834537806,96.05058620027006,36.331489937625776,0.0,1,0
73.32095971788327,96.97350792757143,36.91753837337056,2.1928212483999703,0,0
68.86720499838393,96.92905232946637,36.53189301049926,0.6534297787804064,0,0
76.32263238185199,96.09864814539749,37.1212168135288,1.334562783682445,0,0
65.94978427986227,97.67702341901052,37.07425674118678,0.4677556429743587,0,0
81.18118901634914,98.74747606456897,36.41104604062992,1.2052528883129825,0,0
76.52374025471778,97.95020286930003,37.00394296299361,0.7641647074570003,0,0
79.8900405950806,96.74916682505444,36.786518510870245,1.777492037143325,0,0
66.08081358767181,98.6561961694114,37.15718301011481,1.1534538566281491,0,0
121.91213381707226,92.36662222824245,36.91465677256915,1.5243006627666462,0,2
62.1178692895097,95.45383860749808,36.4910250190265,0.0,1,0
114.90010782093245,95.78246979297492,36.94768903323624,1.1758342685334264,0,1
87.09998665602242,97.29716910618137,36.622906874773776,0.7776217166361575,0,0
88.05997496901648,95.38057685586774,36.96578865527705,3.5982158571509104,0,2
77.9778037605544,96.75044073364138,36.795225786250604,0.8056028757050131,0,0
41.31106486342891,90.1910445721721,36.345005525474214,0.0,1,2
150.9448912988365,86.15271047864925,39.88268903084894,1.871061300996668,0,2
72.22779815275949,96.57152873327841,36.81108899904116,1.1652384173779655,0,0
71.95963860253278,98.49227205992482,36.448735946572825,2.1791079040522203,0,0
105.52682178610536,93.10437692440532,37.642578468257604,1.2440773954494735,0,1
112.8698055346652,92.13798136836327,36.94084294038278,1.4653631392501725,0,1
69.22986382506224,99.00824498873484,36.89346616453851,0.39066769286392433,0,0
77.80354900331402,97.71448696446667,36.75163243500855,1.0124459748882293,0,0
55.036004604308424,96.17547376251031,36.00867805992371,0.0,1,1
90.73697686310713,98.27922755166995,37.1075292067381,0.49199893243634496,0,0
70.92764038569132,97.34209423500556,36.9933466640689,1.1373950126666184,0,0
30.998814908311385,80.00757600490235,35.306691178494134,0.0,1,2
97.6144072392274,90.98574498969288,36.78214584345016,0.0,1,1
63.10997097758264,98.2760824897782,37.24674440759263,2.186247589287987,0,0
51.162811065018026,96.29750799404995,36.37013045598181,0.0,1,1
59.443837537171206,98.04880615469047,36.31091353671718,0.0,1,1
110.55152844706639,91.12051478423398,36.804136102149954,2.8971738159681135,0,2
63.71128133904074,98.88943279822202,36.77513903774225,0.9147256533272912,0,0
87.62492389029791,97.77105328466196,36.91741521356945,0.6312092993875345,0,0
45.25220157928054,96.12521123131812,36.52911099761889,0.0,1,2
79.72629425685057,98.28529246715145,37.102622430779824,0.9994607113923832,0,0
52.585585942332266,93.3386254926011,36.98894563205885,1.8313193691265983,0,1
57.40843817376013,96.63333027373756,36.41774860949287,0.0,1,1
70.32940188604884,98.68645910213645,36.83163670016944,1.4662623692377532,0,0
53.14485471729945,91.77620263099682,36.49128025676543,0.6284785972221657,0,1
70.5003428906323,99.08503989519802,36.68677061202828,0.7877390682065041,0,0
77.72875893082163,97.99822519329196,37.023033578805205,0.20854070338645406,0,0
37.633083134185185,90.97772851665091,36.561076314477965,0.0,1,2
99.11381323800572,98.31768419388803,37.03554109562638,1.4733519583214332,0,0
60.60140445163356,94.95852145990632,36.805456450386565,0.0,1,0
122.60416108942931,93.69728182013833,38.414574728692635,1.618217638381333,0,2
103.48077753914599,89.4035118729078,36.25175755361647,1.2989842432716103,0,1
40.5013362139304,91.36169509936968,36.42427328616984,0.0,1,2
82.26520912273996,98.32605325326266,36.64715365657918,0.4487215184347787,0,0
71.1299660310533,98.42537425588715,36.72103249547,1.9480105918058381,0,0
68.4003718016499,98.22319782677798,37.2753233314351,1.1208472451139013,0,0
50.27900373360029,97.40758272876299,36.5414290022008,0.0,1,1
83.62702671041342,95.73273393094163,37.07606391491595,1.7630575693651107,0,0
110.57725828948381,98.70997788567588,36.954158801143926,2.9845042187768933,0,2
87.21872522566548,98.816356831603,37.159114080555824,0.59226558580569,0,0
82.62922074179947,98.85385796865175,36.772158367134814,0.36628314339398593,0,0
36.427829632408525,91.66882097494599,36.77021372920233,0.0,1,2
58.02647294305703,94.58919553487291,37.827696289388065,0.991463507015283,0,1
90.19346716015424,94.75953699920453,36.976007064966154,3.4816819896202795,0,2
77.74020065319623,99.03176270941921,36.72566556297821,0.6238972593810628,0,0
110.79550139985822,93.82281403802385,36.860379212688294,2.3688546630480802,0,1
49.23709266253598,97.4111654856043,36.30700356022658,0.0,1,2
122.68699730566706,95.39264290861047,36.75134746961867,1.209451399830622,0,2
33.09374153630209,84.26874057516422,36.36275830291852,0.0,1,2
73.58642971722583,95.72163703903094,36.70165239202644,0.8453879490989115,0,0
101.55545549917824,96.37059648770025,37.700795745473506,3.2072168768764464,0,2
53.11075558796164,98.38905200461026,36.62389882714048,0.0,1,1
68.38817055276942,97.49073977797843,36.70312681327309,2.3178747601655214,0,0
45.89262782219685,98.38323913482635,36.253648915382534,0.0,1,2
55.96786492121754,95.10096199389812,36.47564738630949,0.0,1,1
81.12855137912021,98.61259469774856,36.79524708241944,1.8669225173032393,0,0
143.2081475348656,87.82457451887007,38.67449845874274,0.3117858294231332,0,2
46.468710416932666,97.24624408698921,36.40020847292656,0.0,1,2
64.27606756165576,97.27882857361911,36.91349714571379,2.135980761811981,0,0
67.28464587299264,99.59518276312602,36.88798304224982,0.23990938013338195,0,0
83.28603279017238,98.93340639911567,36.56871284057647,2.0545847054497304,0,0
83.28341452755146,97.19295369827378,36.62808884520955,2.320695603544212,0,0
98.10804505234137,90.76435916836267,36.509290076644845,0.0,1,1
42.27353815965669,84.05732496199904,35.64029740560711,0.8976565647107211,0,2
120.14191208700393,93.83896391348037,36.74495896691829,1.9708739566038271,0,2
84.88671171906947,98.19112816558135,36.607982789200015,1.449561279148108,0,0
70.06453392708694,96.57927982761314,36.953799453280205,0.26697103402069555,0,0
124.10102857485884,92.05103745329139,36.87212666954133,0.7169049608568281,0,2
49.88306494642597,96.60215154855871,36.38311722164982,0.0,1,2
113.60391668824327,94.1857334313669,38.35495370438617,0.7092284964842037,0,1
40.99430937248419,90.29041517116342,36.561372947079725,0.0,1,2
46.01837630058789,96.47659632092905,36.44589015497848,0.0,1,2
98.61638501719648,95.63576944215866,36.577571725434034,2.942136609873366,0,2
77.7497313423528,99.33598322763731,36.81116795560165,1.747446984494596,0,0
76.80343152668836,98.56457408611544,36.57777637188956,1.5599225646810382,0,0
106.89942230659229,94.37794147574394,36.72207417994035,2.257979907433885,0,1
54.769450546565906,96.1694605839856,36.30358080447446,0.0,1,1
44.425163975448044,97.11218503164885,36.64711558683834,0.0,1,2
80.86062002272882,97.57737969870713,36.76601038974813,2.163759272880128,0,0
78.29872125997248,98.77964686429546,36.77776052922161,1.9923669867098446,0,0
62.55999164725888,95.7849889100157,36.791912437615366,0.0,1,0
53.10920098155961,96.15920006805574,36.467072791790855,0.0,1,1
64.15736704141368,98.29587982893133,36.42169709565521,0.9190063826892404,0,0
75.70916902972732,97.09580865552729,36.84793210585656,2.3825512713349553,0,0
88.27248967896331,96.83857779843432,36.65621144596765,1.942293284232613,0,0
52.45231949796017,95.64052756358238,36.4409764025892,0.0,1,1
76.05988749387885,97.78951257138934,36.55462461575709,0.8444473053593577,0,0
91.40060663890472,97.46180158336416,36.627007610302535,2.07258680987894,0,0
113.30216523779085,95.5285457499779,37.38203555722853,2.430264631899812,0,1
77.34474060328625,98.76729956618142,37.1824698435184,0.7570798273165757,0,0
122.14208627641776,93.56689743729241,36.91930429631676,0.9344088074559173,0,2
39.71645315451589,91.44720089144262,36.784839192177365,0.0,1,2
81.0799087639738,98.04387629867033,36.9919019719522,1.228853767055089,0,0
167.46337547615454,83.96372832583714,35.766644638277214,1.6196445172860177,0,2
70.68087028680704,97.84825607236256,36.74276743031632,1.9947493270983658,0,0
79.66273480575684,98.9730164245484,36.76643016494559,0.31263568700662264,0,0
52.16359163603758,95.7618212124845,37.015323517733286,0.7834765609056634,0,1
95.57583767076123,97.28612953216404,37.10487966790152,0.8645638329183551,0,0
78.92785423764515,99.19045120858264,36.68514944589212,1.1346702923272847,0,0
75.95933780806345,98.17097878743908,36.86383812461789,1.8739896580683608,0,0
70.14009666501182,96.74745543689579,36.894189374477186,0.9830137246729094,0,0
85.05930475094917,95.76663677669498,37.219617037768366,1.3042220160845244,0,0
47.24004132075014,95.98519574245034,36.24537099039126,0.0,1,2
60.24162246525666,97.17958875951724,36.61885235635444,0.0,1,0
86.73817273721552,98.5732295556572,37.11049657126795,0.21254408005030162,0,0
129.27833344763187,97.15860021319706,36.83200664252203,3.7019824165237254,0,2
54.84468197407868,95.44223204190318,36.373907125082255,0.0,1,1
83.49837120616579,97.48042339140382,36.52857451606582,0.6700679317817257,0,0
47.57923065702385,95.13086661456023,36.63836282455647,0.0,1,2
63.934990380157004,97.92231612216551,36.30514512821895,0.0,1,0
94.33805000371827,95.15657819849206,36.87519340434749,3.4517954805058437,0,2
66.6740555775123,95.98764271732789,36.63941831797348,2.2201885125918626,0,0
57.56121189976394,98.84828501058303,36.14256910057848,0.0,1,1
61.477123642705166,97.27708649449673,37.60311551751377,1.9845558540215409,0,1
63.67117755934051,97.62039624191111,36.64722188156635,2.230047806503678,0,0
115.79030093856535,93.20124758893854,37.7154307635647,1.113218271784799,0,1
69.00087243376316,99.55784884519659,37.103217745361384,0.5543284875794772,0,0
115.80916130906752,92.99102915431095,38.46559007557396,2.877115154513652,0,2
49.18337729580045,96.92492023043145,36.44974518296824,0.0,1,2
60.892675778386675,95.08583406089777,36.24166298237465,0.0,1,0
106.66069946756714,92.6655413795407,36.66742867380005,1.8000436203176302,0,1
75.04935370497834,99.40265576642489,36.78884198187176,0.8213044295434817,0,0
75.15903839340751,97.09385796308136,36.44686308324712,0.2237223495818986,0,0
59.357953647387085,97.56840165586456,36.52378850757323,2.084333551585299,0,1
81.22127011013475,97.57924700476767,36.48086229603648,1.914538927758917,0,0
34.43555058036496,85.83918736038267,36.91023521320559,0.0,1,2
58.9713131404242,98.22574345580972,36.32652130611786,0.0,1,1
64.90426957582105,96.98099188354091,36.756202651293286,2.4203778840082615,0,0
69.34147624362608,97.39122801515785,37.1612469076693,2.0471296256546743,0,0
142.01906960370042,84.23494569548883,39.42337005340274,1.236056626444204,0,2
66.76427906766564,97.49114370965408,37.08946112072666,0.10533242399115209,0,0
69.85964756095974,97.82907554588306,36.4294530776636,1.4049769808798074,0,0
85.85730819288491,97.68260373551547,36.7425227893816,0.40124939686750394,0,0
58.9473501544072,96.00973387389159,36.321839198526966,0.0,1,1
86.28088822974786,96.89386876664362,36.5984262843929,2.454818616065163,0,0
111.66278676102554,92.61716204155233,36.82253970180939,2.3708113806572397,0,1
60.285264826274215,95.42285002902595,36.41472519832996,0.0,1,0
62.651817228873625,98.95235275807178,36.93682331019659,1.9525410985171168,0,0
78.85363806920958,96.11690539357848,36.816667330687906,1.1918707959938397,0,0
78.63930743848644,97.44804593489398,37.15247911387804,1.3429214083081034,0,0
73.67143832069979,96.7640851215392,36.62470718464769,1.8479840048941603,0,0
55.942489562493115,97.23236030618388,36.9220982785163,0.0,1,1
114.64976732941652,94.00228739994648,36.986739041732235,2.962259007815684,0,2
56.19391258083621,96.61370039281276,36.300637675302646,0.0,1,1
116.6407518980877,90.58107455861084,38.37556024825748,1.337675003961062,0,1
58.23483392921311,93.35554143517095,37.01673679095996,1.9405140239511107,0,1
25.4811225565088,83.85122163100894,36.16229346349846,0.0,1,2
77.9563296114551,99.97658371430003,37.00318821806948,2.1131350631552035,0,0
45.92128967778975,93.13309328809153,38.094707668206915,1.2855100085928257,0,2
83.18142705510246,97.9049264046042,36.70454302885077,1.346536566265766,0,0
80.82033977897373,98.0913616512909,36.79568753204909,2.445293912867428,0,0
72.8622297035642,98.61911755608226,36.76148217512552,1.564483167934166,0,0
117.99952984936853,92.47722180104138,36.37083359896582,0.7722970724180168,0,1
80.92846025846771,99.68787484320407,36.830321582074305,1.62298420258489,0,0
81.18294599004498,97.1207309072927,36.88272868158673,2.2462631764583367,0,0
62.65080661624722,98.36490496783306,36.29408124263014,0.0,1,0
49.98951779069522,92.8140245521556,36.73584888389694,1.1389793768004748,0,2
30.377533447350253,87.11831360540552,36.03813968203923,0.0,1,2
71.19063248309412,98.8496870190092,36.47148237312295,0.5932745026455031,0,0
55.12080508653415,98.16645180477525,36.76443777827377,1.762961345293673,0,1
111.01450533584756,82.9930728879948,35.90006394677835,0.0,1,2
72.8123474374156,97.21769786857004,36.680932545051384,0.6538485434542912,0,0
51.251815802225586,96.0443452187386,36.240018036917995,0.0,1,1
70.8242043951006,97.28031142982391,36.79998993706643,2.1207585468934633,0,0
69.89734180474026,99.8753960756435,36.91664307976355,1.5219079762692254,0,0
51.508618512923015,92.37426416592898,36.68850583586028,2.561703431784094,0,2
69.46741887166462,99.9993738920659,36.990926642834886,0.3478996425417746,0,0
101.9874924735062,90.43740930831937,36.28027610622132,0.0,1,1
80.39393182742997,97.14174169382473,36.75095697980856,1.2179199483951317,0,0
54.8611446962225,95.46370807081374,37.071348353644545,0.0,1,1
56.77656557988712,95.60529285016734,36.86810502620844,0.0,1,1
71.63782457227458,95.98594908255396,36.47647793665314,0.6725699814663189,0,0
67.92204257516809,100.0,36.90065358135086,0.9067721058449362,0,0
118.85958954632989,85.90847056397033,36.169807058735564,0.0,1,2
61.07512380886186,97.27758729384293,36.253190231595305,0.0,1,0
87.00831516318554,99.15566865822728,36.914748428556166,1.7929750940691545,0,0
68.88713669712153,99.07266492757816,36.78728412846597,1.3555678563213887,0,0
67.14240500775104,97.5243689003321,36.801094115601074,0.9074715074092259,0,0
115.51839182049468,93.5508131089762,37.78615971577752,2.135385279956939,0,1
83.54576305180507,97.27460354765975,37.04257074775684,1.095180982346851,0,0
34.191232385249016,85.49185077410996,36.22136025949025,0.0,1,2
86.5367152337764,94.36393761033197,36.71157538119481,1.1352385068791977,0,1
63.23431557444773,96.60320646608379,36.245104551472146,1.6978796181516707,0,0
73.18975866519995,98.7593309562258,37.100876967511375,0.5865345388270707,0,0
60.79969660363361,96.99372296202183,37.14040234022932,2.2758796240238985,0,0
75.64880715228972,96.58944735426445,36.93562313944374,2.2246325768130877,0,0
122.51545222865693,93.37244153729695,37.61891389249225,2.087154237125941,0,2
125.82360755470607,91.74927653441027,38.23354169399632,1.8888890853711806,0,2
84.63694657640795,97.85102161088261,37.0878056375453,0.24202457406272507,0,0
40.159670399540616,82.77750138631635,36.129365808595026,0.6334257632866184,0,2
57.87598824199114,95.36968832062976,36.141960412257845,0.0,1,1
115.77077400768624,94.82905863791567,37.94421244553487,1.3572998491011337,0,1
60.719355884681455,98.53168988729641,37.077598640542014,1.8951577035356397,0,0
57.40965446176317,92.75975488372846,36.722048722072294,0.8448725099086664,0,1
46.55413113186971,96.84151745601699,36.60824897961603,0.0,1,2
69.50364491594893,97.43357571095846,36.84318405913726,0.9073431974224987,0,0
79.42965039789509,96.79817984047577,36.68924955970867,1.9870559517549018,0,0
61.10899258449346,96.49417547070317,36.35081954127139,0.0,1,0
107.15349059380124,94.3057235927512,37.223390992415226,1.7965372710364274,0,1
69.46565018168583,97.52715320365999,36.81700920956571,0.5193760615165535,0,0
48.593409669379355,94.23141320750953,36.706389169598374,0.929437507227941,0,2
71.39188818624193,98.04841206355448,36.57548214480778,1.6125007042698036,0,0
65.98144213671515,97.43375998457746,37.03648832621859,1.0962250476016475,0,0
54.215769287180706,98.47706603647258,36.40864235423715,0.0,1,1
65.02325405493704,98.55741854978032,36.49421543035168,0.951161621275844,0,0
56.537117224957775,96.43022308595077,36.19827103471341,0.0,1,1
121.81189853522248,93.80162840232856,36.65009518127327,1.3193896328817734,0,2
45.65940123323166,95.21882531376876,36.076500780187466,0.0,1,2
78.12344300851653,96.92276708956337,36.87366545232187,0.4161297012770655,0,0
70.00293794564948,98.95729825980551,36.94128754138655,0.4438136562148949,0,0
70.41992799365146,98.27297804567495,37.1136261387361,1.4296003443818155,0,0
56.940686894670115,94.99995465222948,36.14789948168265,0.0,1,1
61.533344805976476,98.12917467307223,36.9740169014321,1.1797803256841604,0,0
70.78366068650195,95.53359342677265,36.57802619852942,0.8559437056226327,0,0
61.848597624527656,98.26945423983756,36.740280093936015,1.5669967708554513,0,0
107.60986009865401,94.95301468571438,37.07116197980309,4.25767649563812,0,2
87.6601216955525,98.26145970403893,36.860401877118036,2.3751112433354393,0,0
76.88800819033223,97.27940291863527,36.77051150968256,1.5997936867290834,0,0
68.32721967082799,97.83374499048021,36.90009821872847,1.0275693305233489,0,0
97.85891431369814,96.2924322765736,37.200411539672324,3.3183260081732,0,2
74.01360543285276,98.09848810686414,37.00266470057982,0.6690293401515989,0,0
75.26695372508622,98.68658056473973,36.895206961759285,1.0576016286572076,0,0
54.11953256263099,97.07268663422164,35.98371071198143,0.0,1,2
80.11764666782071,99.07964414510424,36.7210190046451,0.5607505666449819,0,0
81.22652434983124,97.99650654401024,36.74093166877155,0.16896952400345056,0,0
78.94269349766748,97.26491403245191,36.50902685659253,1.9009861567630413,0,0
93.06902328764326,91.61517932842894,36.120524292150286,0.0,1,1
29.25428171408671,82.01612899499376,36.77629193014399,0.0,1,2
62.537687415181935,96.0820694747086,36.693244667966816,0.0,1,0
64.37117384117433,99.07232070491104,36.447933897433664,2.347647091994111,0,0
61.82848462485802,98.23503945451193,36.55262475243319,2.2210193581285442,0,0
151.75300829866836,82.33675364615338,38.52326764589987,0.14751324363822063,0,2
83.39775740391852,97.98324788637858,37.035278951884735,1.560946213121291,0,0
115.26081865283568,93.75459686028897,36.68304292297154,0.9462014995269938,0,1
57.66944302439266,95.99319705062821,35.9894799499916,0.0,1,2
51.06704372329817,96.38753758764908,36.38489767631186,0.0,1,1
41.15117745919288,90.53087929188594,36.733612910098906,0.0,1,2
81.29272610331905,98.061220255424,36.65901012438878,2.174957959023701,0,0
73.41379326832595,97.71862618028119,36.48437191076777,0.4507256560282956,0,0
64.17629570706018,97.0388102725582,36.36829945864464,1.9590184746654387,0,0
82.6921865598607,97.4779741104572,36.6523797529895,3.14151865221482,0,2
62.05314382813552,94.84800568394404,36.410647031821156,0.0,1,0
84.03832673775287,98.81175265049905,36.83068607730293,0.5320922696532684,0,0
102.68214551846515,96.79744495941928,36.74505210212815,1.2186150794300874,0,1
116.08680398078299,94.19739020567214,37.0166738592721,2.859435728218087,0,2
79.09734901301444,97.23329151791425,36.6888572910905,2.215270593657169,0,0
57.09728191698757,98.82933377060722,36.01481169368326,0.0,1,1
30.0,80.30404458332737,35.435943806358615,0.3761518657854148,0,2
55.47456098119833,94.42043214454021,36.557229265218545,0.0,1,1
141.90891983546908,79.58243346170525,35.952453527599516,0.2698120779813488,0,2
84.26890270117177,98.59693256463905,36.445143161555144,0.8435441179130855,0,0
53.61854397116441,97.14216034821395,36.29518467983369,0.0,1,1
87.96047602164671,97.24013162549974,36.716594276431195,2.2479918135866517,0,0
56.209914508604484,97.48554759618614,36.48182046362962,0.0,1,1
110.27673273974888,91.978505602188,36.503574480109,1.008609388562773,0,1
69.98545850969543,98.01747651411644,36.784195543758656,0.8196722793750807,0,0
112.16132988941102,94.26723603963055,37.3336064838324,0.7213025989366544,0,1
65.72929383989788,96.04682700526153,35.78738400418998,0.0,1,2
78.9818295773479,97.91323785589302,36.54158855539545,0.8911187866361882,0,0
62.484796296092505,95.64094781888531,36.05140357839168,0.0,1,0
55.55849199315717,95.19576696988358,38.30506213560094,2.492187056354247,0,1
80.1111417420834,98.72409453053606,36.99421526065501,0.3375772880528862,0,0
78.3411190927185,99.22827795289257,36.7094679302765,0.17347543529520842,0,0
79.69448964156318,99.12164280125006,36.261760048788155,2.1584826929264,0,0
52.234867463459054,91.9846458042848,37.62220290687412,0.778616778817741,0,1
57.38083768954742,97.83159639632174,36.29540874400262,0.0,1,1
116.6197827641295,94.57685714818092,36.849956479634365,0.6610112124729692,0,1
72.6207686555987,97.86931901985228,36.617702514961024,1.6485521409030215,0,0
53.2907788827474,90.80902375321779,38.559820685642926,2.395672930766371,0,2
89.80113820392585,97.17817676567032,36.8861356370275,0.16289753180803734,0,0
72.23272020815298,97.88248608340372,37.38723889795825,0.22598776303595472,0,0
122.83320401923818,92.2252291593164,38.25173443005604,2.907997374430941,0,2
47.6130051725656,95.07803158638436,36.5905015161854,1.9202014662320828,0,2
104.43228539980306,93.07470295132224,36.93779386726761,1.9191699053312508,0,1
115.68420333066646,94.70890691613657,38.01034499985593,0.8541418617611749,0,1
71.94478926595104,96.55847153187116,36.97544433190523,0.45872910205792305,0,0
110.39086057839009,96.64695777433204,36.78244280069446,1.125619498707986,0,1
101.19697598659188,92.54740348657054,36.90840757397217,1.593606964119366,0,1
86.76382960672386,98.3771901333125,36.47671008588563,0.2412555634424307,0,0
83.32173423805679,92.40412757585477,36.43782131518117,0.0,1,1
55.76182154430572,98.60332215408748,36.23032175961878,0.0,1,1
117.69977998872628,82.68961294553334,36.59414028391964,0.0,1,2
85.20349215788912,98.04320730740426,36.776508788532446,1.5577955207666019,0,0
56.325559972684985,95.9304257631378,36.049128034719985,0.0,1,1
59.55631526992448,96.99824698815796,36.489181112692066,0.0,1,1
59.750777692278106,97.54688689610978,36.496421481670126,0.0,1,1
82.14282764961446,97.6406722571677,36.75657957857732,2.1631336180176044,0,0
82.59465031477474,97.90986987256052,36.72528890494596,1.2294854183067887,0,0
47.61427473963309,94.30454675988962,36.18361373419854,0.0,1,2
40.81244928554658,82.82431384836484,35.208100970643194,0.6131255359484323,0,2
82.17943827522689,97.77378732351664,36.29115527417261,1.6606538481130637,0,0
88.46851686260752,95.62431209400611,36.64255667473241,3.5821218132522463,0,2
63.82553298951344,98.42179974979916,36.77332136769663,0.47357353904657495,0,0
78.65898796634987,96.15781664503197,36.95536523301193,1.3367120668416774,0,0
53.737531747382185,92.43237064178423,36.67253432887818,3.1319438532996418,0,2
79.85040076570554,97.44770213351637,36.92620339732633,0.18219776885407493,0,0
68.31845951658248,99.81804266663836,36.67512411127298,0.4418426895010442,0,0
103.52036734243879,93.40370539556388,36.816318736014146,1.6221546588223403,0,1
75.4889718436445,98.85940089817886,36.828876216796836,1.1332806549615044,0,0
73.42357286390636,97.71753184596751,36.75700791202788,1.3745575321689418,0,0
87.55149410958049,98.44563106717604,36.92489302656677,1.4270099604442223,0,0
40.87962061323649,92.43453337676102,36.45229524576396,0.0,1,2
73.11858995325674,98.17249442602912,36.89229260378183,1.6483178219632963,0,0
75.35017733477873,97.98988966105318,37.05071353932402,0.41885400270101925,0,0
79.54024136647725,97.05565105455051,36.896310893537816,1.164416135932908,0,0
50.42048207398385,96.32935281606868,36.34608840619876,0.0,1,1
115.78347394673814,94.25015889688041,37.817008208761266,1.2143234140200287,0,1
78.59530776678828,97.46774895019311,36.80066067137765,0.6289004379421095,0,0
82.45459692282772,96.27373571032159,37.08768780727737,1.7996119620872388,0,0
118.04546892261122,92.8735117330416,37.801194435276344,1.3973883109797236,0,1
54.439873772283725,94.42362487231529,36.56434829688596,0.0,1,1
56.50535367622168,97.78384209024817,36.44876570137215,0.0,1,1
74.59507915895205,98.13582451196902,36.75361251642174,0.5306989107027368,0,0
51.33325182527222,94.08609207784453,37.40470621511987,1.134840315041651,0,1
78.1923568307585,96.96043913911555,36.775200710422325,1.4256990424109284,0,0
75.69068180256617,97.33271439879779,36.490353866841815,1.9372285529705409,0,0
79.46453349183976,98.28631896232977,37.10693113773742,2.1862073631685237,0,0
79.70216836238573,97.3490185877962,36.83744200369682,1.2800055614643577,0,0
69.32810986832851,97.82621029151865,36.8779971723267,1.74577272387143,0,0
67.7973635938556,96.5485294376386,36.76669519745939,1.2059794333569553,0,0
87.88281000884166,89.44890721269363,36.53598789534831,0.0,1,1
114.88905490579974,93.44730083167305,37.7314030864706,1.996921252630366,0,1
49.14656848084579,97.58362616046759,36.51538595949927,0.0,1,2
50.88195888587852,96.05818740778648,36.29485150600859,0.0,1,1
94.22779389951134,98.36752425030383,36.69448926037207,1.2516435232488867,0,0
114.81017790708441,85.58666207002692,35.89639932822167,0.0,1,2
83.716208376336,96.55623285776691,37.16426832032844,3.3850014047110557,0,2
72.8770242140774,97.28057982591048,36.63664370434789,1.5131471573343405,0,0
73.57936076260776,96.91874905582785,37.20435749815993,0.6325750740614982,0,0
60.329528789154374,97.9297800292238,36.604068647058206,0.0,1,0
89.7561929130445,97.94778454341186,36.623418522571534,1.878074063594342,0,0
75.9532351967426,97.74938780512923,36.614407470719776,0.2790617867190715,0,0
47.10964297940762,97.41113282839774,36.474657795712325,0.0,1,2
72.24679858289211,98.56114131265275,36.92666770752233,0.46330733454510786,0,0
72.75537452034307,98.63291840312132,36.55862593122501,0.36481904244980357,0,0
48.755349367624746,97.48867322444092,36.21144551093586,0.0,1,2
119.22190072431573,84.65614312930147,36.00716212884101,0.0,1,2
53.56212022207244,96.96632525570436,36.369966898190285,0.0,1,1
39.062047646319606,90.54592047664003,36.88821023361032,0.0,1,2
97.03868812282768,97.13163667235438,36.63107580641453,3.5659755815382708,0,2
46.681695027757755,97.75430949683712,36.01541610494067,0.0,1,2
85.99817862681337,96.7065001560761,36.97511964874061,2.397390084019722,0,0
106.92673676579997,93.90414252086602,38.11110803315722,2.4038569822773797,0,1
71.43898310866186,98.68748005192973,36.82319319861738,0.9479279534457166,0,0
81.43038522233985,96.86126259682693,36.71922224475434,0.26438175252992613,0,0
42.18055805120733,95.73353052050373,36.40988843371241,0.0,1,2
53.539890194573665,96.08401857015735,36.33396178156871,0.0,1,1
74.0377633665913,97.39243951212407,36.55022844388236,1.1709792680843993,0,0
74.54804558909625,98.13686405220012,36.88238108042164,2.4828510003172757,0,0
80.95886868155448,97.90463667341253,37.035306798470494,1.0098051897411369,0,0
42.270745989311706,95.74799773266295,36.582614743913204,0.0,1,2
53.913207460123445,96.59219933000794,36.393271029802676,0.0,1,1
75.98412300689577,98.6474074168314,36.784532552996716,1.8286525666825968,0,0
80.63268143122411,97.60482460173476,36.930669086490546,1.4417718178885641,0,0
88.49288624414376,99.23206158285102,36.88982681191456,0.406090423255282,0,0
87.99714347587566,95.9342597748814,36.15645912677204,3.7742639002949914,0,2
54.760748140480864,96.82330761962798,36.14383329535202,0.0,1,1
56.95925371766899,96.17727464482114,36.58792155318703,1.2162987010301305,0,1
112.33957883048707,93.12398571623305,37.621655335182766,1.9687134234834525,0,1
75.59138316705713,97.40050728244685,36.7485561216353,0.19772747049169476,0,0
82.81412641693427,98.232033477458,36.73633216218777,0.9501648236701397,0,0
48.3004838253278,97.25524028312138,36.000651513948405,0.0,1,2
46.2621674704346,93.53920206322552,36.597711621235106,0.5914250924916852,0,2
81.78060112138594,99.12985006005525,36.94773905583559,1.2232405600138225,0,0
72.24904784239433,96.91931990996392,36.62264973244331,0.9371469366106947,0,0
87.17765351299526,99.06076594772438,36.877245275655746,1.2266680686535256,0,0
62.41023036458717,97.59898386416967,36.81534956777931,1.4593815591230088,0,0
55.845820276684584,95.09524092702219,36.42717913041686,0.0,1,1
112.35186423434631,93.1564074258314,37.53078771883815,1.1125589061748657,0,1
94.58982930903947,97.2485294919556,36.83292528266444,1.1422200261365758,0,0
83.41200388249202,97.24546539767037,36.71742111136797,2.318721736510019,0,0
57.14557543276395,89.912195758125,36.50003906564538,0.6766521007616672,0,1
40.00425299160237,80.96791273188545,35.623260848540134,1.715499721194715,0,2
75.73158052568222,99.34946496279521,36.58103073016875,1.3760658965425687,0,0
46.32827812694336,96.20097480249501,36.85274003770649,0.0,1,2
55.020735767227876,99.71247263744911,36.557374556020214,0.0,1,1
49.91923095813002,92.84156340897954,36.38237183934638,1.1341592134330742,0,2
77.09932278533297,97.42906424701681,36.433879615486276,1.2462620036302055,0,0
81.3465926107972,97.58110018390394,36.25252490133037,0.21560312404355936,0,0
74.81414084588219,99.25090832729197,37.15839610742381,2.230232602259729,0,0
92.33229282538353,90.5956301905596,36.93671038359034,0.0,1,1
65.63497960883092,97.25143084825643,37.06341378718121,0.631858185549781,0,0
71.99706732502891,97.27408905965382,36.65489723161686,0.15441119651638938,0,0
64.36923413388662,96.53045404612928,36.628728500477415,0.0,1,0
123.08838793049162,81.86189413484973,35.864909053035326,0.0,1,2
76.86760349184638,97.54382932472843,36.6877210978195,0.7211010415967789,0,0
74.04473370990489,98.03577715384338,36.58361916856039,0.8107399531285787,0,0
68.97328199785717,96.84440789636074,36.760428714234806,1.22238066406557,0,0
70.37226566031669,96.8710179411797,36.87544176327462,2.000671539354997,0,0
51.159246368116584,95.39593323950963,36.79146863689809,0.0,1,1
61.99841138865877,93.97431794482024,36.42848262622541,0.0,1,1
52.96893073847942,96.57668821980285,36.71498899537228,0.0,1,1
82.60317152154525,97.3147737768911,36.724850709306985,0.8902409691315372,0,0
61.89481393239579,94.10110067996928,35.942011175785105,0.0,1,2
65.52122566423124,98.61576143642512,37.32287400226017,1.4303631122166967,0,0
84.85552506640947,98.48679962046891,36.64179735728166,0.5892959421570763,0,0
45.73720866535084,80.39002456580349,35.57730624351184,0.5198550252864557,0,2
114.03590863308106,90.21073123234605,37.999579860060265,1.437143170422753,0,1
65.24088850953093,96.32028669780969,36.126443933196754,0.0,1,0
127.67065285165708,78.76623283447803,35.74656093167774,1.4216256946641423,0,2
71.0577581623423,96.33358381964638,36.525270668087586,1.4335996532284807,0,0
120.6215769404987,92.96404085142946,38.083369662369286,0.6486063630698489,0,2
81.47124889085096,97.31998886646352,36.90804230422907,1.5142083957084873,0,0
78.67068007154353,98.37692223088092,36.48146716607691,1.5832594677667675,0,0
77.43807728481863,98.3607693593598,36.877579473210645,0.8596882847960918,0,0
61.52415928964864,97.10382850819846,36.04875729996915,0.0,1,0
73.80082896958305,96.69066366777882,36.66229895338584,2.0771877487836607,0,0
73.30520722149036,97.87014261647741,36.36581664045549,1.9109994820202956,0,0
66.16209190264871,100.0,36.827077759132585,0.42957482209376163,0,0
60.70474068406291,95.92246133314184,36.4320815210146,0.0,1,0
112.23858197663759,95.30216131983572,37.77732524326569,1.3810752292218869,0,1
79.3598211712208,97.8524428141297,36.81734458106158,1.837488151946254,0,0
96.82700077762273,98.58328883771865,36.491887030566,2.1446628645250883,0,0
67.87699925092889,96.43840436250544,37.12279457922331,1.698281634743897,0,0
79.89692126829657,96.33428427868516,36.71622506407447,1.5168237710319923,0,0
53.413492532277374,96.70443600824585,36.798283485001036,0.0,1,1
69.01331156948498,98.14238489987129,36.773679272348815,2.0683529575226616,0,0
92.24705243938264,98.02686831951132,36.77992024601043,1.4273749102960513,0,0
92.13734659816595,91.5048237424354,36.742236123940586,0.0,1,1
85.71867337758317,97.27893112275899,36.826974831655924,0.4380758482183099,0,0
80.51644111043538,98.57783716400586,36.584601754762694,0.18870708171880413,0,0
73.00400528659745,97.32791047757065,36.498315059354965,0.4361948989614237,0,0
77.2719495300426,98.06912152495978,36.87860455666094,1.0351032074575217,0,0
53.32396653318964,93.49901502360831,37.781081791858064,0.5441712966753379,0,1
80.49351033892836,99.71811132829286,36.78173431004546,1.0603058805892172,0,0
110.58980214006708,82.64570922646806,36.42242644905601,0.0,1,2
54.12433989992568,93.64257015707065,36.42016681469655,0.0,1,1
72.7404953989107,97.5986769037999,36.805057632284935,0.8714395335940568,0,0
119.05240796770612,94.17680639482543,36.937399925797685,2.3354334863578554,0,1
76.60817041012821,97.77986454350894,36.58046683706603,1.158608733894559,0,0
38.19033069211392,90.73364294140453,36.576231366816955,0.0,1,2
71.27743980855696,99.55810830949854,36.89179125129286,0.19601635257712716,0,0
74.89543323474525,98.91474369741607,36.434459582668566,1.035503004360185,0,0
72.63656802456632,96.3082489371587,36.35348746307561,0.0,1,0
43.42266550283656,91.95529225087823,36.626728841207566,0.0,1,2
30.231996084416092,83.6288851120062,36.1654141053944,0.0,1,2
75.55700540636978,96.77576911276527,36.643054106527785,1.91287464898785,0,0
58.08618519728053,95.94454264216238,36.21560952645766,0.0,1,1
92.13880165820555,90.85106456927836,36.72478436696397,0.0,1,1
83.75165693107112,98.8511143494891,36.832584100562286,0.2668358609242312,0,0
82.94967865215443,96.50835307868282,36.889639745608804,1.9010324243079044,0,0
72.35066657916666,94.81507545239357,36.67585721805354,2.4893657912015574,0,0
37.41455797744214,90.82682912923495,36.92441120004179,0.0,1,2
110.13366445581154,91.29130339122355,36.9321262246053,0.9152861967038679,0,1
74.55627149481488,97.73230321952352,36.86910164896839,0.6757943277327576,0,0
69.28527456276633,99.50052718725648,36.64967607394629,1.2830766932451523,0,0
52.528771415932496,95.3983610564374,36.736430938133495,0.0,1,1
82.03909073785601,96.78121942330367,36.90436348440381,0.6323664243759602,0,0
83.74215030386773,96.53756690680542,36.95425581939458,0.5236695439638697,0,0
77.02780318595424,98.12926932540815,36.62549504130449,1.7059430264672828,0,0
64.85220412591597,96.83707692449038,36.298922548625406,0.0,1,0
36.81238967731737,87.4393458988592,35.708699939015176,0.46943823652420047,0,2
72.74063258830479,99.35585178005653,36.48868428590559,0.4308175535262241,0,0
59.43489976240829,96.97473325893455,36.79023825640569,0.0,1,1
75.44564489896891,98.85107242844404,36.74615624578664,0.5678013465862064,0,0
47.56278690697279,93.79398746229715,36.3866717373102,0.0,1,2
74.51232639063444,98.33383324581251,37.06170994363583,1.3734182356506033,0,0
69.66277594901734,96.55050511357379,36.87188864871674,1.219086133604747,0,0
63.081305827644485,97.33918879328286,36.28317441621215,0.6027844574846527,0,0
32.647794894970346,77.95451129906115,35.11454552097621,1.255426546505831,0,2
78.34351309640144,96.86908246855377,36.82382343511621,1.746422787595569,0,0
58.99814402980344,98.18550637697078,36.71105003094861,2.164394649289068,0,1
29.562744778997562,84.10164204662861,36.07110292484876,0.0,1,2
73.27881927064892,99.20766077643889,37.08957818161801,0.5767484928789093,0,0
86.6838940737133,95.4824764195849,36.221361034196995,3.78892483465299,0,2
53.16197686119323,91.18085165557169,38.349092600557725,0.9573635903716735,0,1
62.09682250822274,95.90311533238436,37.00403639502782,0.0,1,0
101.47728977164316,95.65334777097802,36.42216007848396,2.9300042482054574,0,2
60.03989212262641,97.26912600388769,36.98079082257422,1.6620679050728746,0,0
92.57821832527256,96.95043964632525,36.635722125290194,0.9886777480555676,0,0
83.31278226728932,99.42448718693493,36.86910345425657,1.2055902761707242,0,0
73.95903231992065,98.00312632765055,36.507385585445356,0.9122176394934278,0,0
42.27974889495507,91.33209357175627,36.380777975930606,0.0,1,2
72.67726930240391,97.91157405505227,36.87713500336768,1.6455447304725743,0,0
54.61218672187679,95.84319780240291,36.342924650159574,0.0,1,1
111.85759895573246,94.4878012311529,37.75572774162582,0.9150489850886375,0,1
77.69680829353851,97.74864342592043,37.02413368081554,2.231117246161335,0,0
54.18501688547231,95.30595617649278,36.640830730048464,0.0,1,1
72.95099280931552,98.48801772066466,36.53836517800761,0.5807090150880877,0,0
48.10422636974235,94.219435665252,36.02663071009506,0.0,1,2
98.51366534392827,98.38187314880864,36.83049953527126,3.570860153698648,0,2
55.34362802135026,95.24413595941014,36.15733149948587,0.0,1,1
79.83813079241948,98.21042227490507,36.93166639586469,1.6940585941163382,0,0
119.01580781381566,91.62327978884328,36.95058219074515,1.812551938106392,0,1
92.23367984376239,97.78872738088562,36.665554105207804,0.8932241963300633,0,0
73.5093711033259,98.69402705384182,36.954787268460855,2.03818262621707,0,0
69.98296091007438,96.27993295465477,36.76823280392549,1.341071456923153,0,0
107.20439139851364,97.38261086685317,36.926918653223304,3.0895531066857065,0,2
79.5985452498553,98.54191973970536,36.706142069448056,0.18297929364536236,0,0
118.05903062028071,91.56975354361334,36.81124230966095,2.4637276647844106,0,1
47.46000616829585,96.47292786046889,35.99550973548871,0.0,1,2
69.33636785527666,98.21927971962502,36.965341799673624,2.2134233311692024,0,0
92.12066692991459,97.5258146662516,36.750584952751495,0.8514161745046669,0,0
100.3158704715156,91.84645667767295,36.39031195811487,3.405987121693888,0,2
108.66486615791385,94.23457598884568,36.661066362447876,2.6042514096117553,0,2
54.38061290320755,94.457847423485,36.85951606403794,2.5552539615587193,0,2
81.20442297474247,97.69117413026751,36.97014476689348,0.48656159419073153,0,0
38.258733847643725,90.24781502869016,36.908004622341494,0.0,1,2
56.55802609559062,97.90988375104985,36.519543330081696,0.0,1,1
65.76719702991183,99.11969235792589,36.55850892356308,2.4468151702490077,0,0
80.88178850568828,95.95694897353472,36.80902596799766,1.5420108035586035,0,0
67.42695589763588,96.97114299101915,36.90708519126057,0.6332798490247504,0,0
111.39425422661957,93.27704714407302,38.20879317014374,2.4001652710421633,0,1
104.34322475747867,93.58399649087747,38.40905843512846,1.7384367529983478,0,1
71.34954089328032,97.1388067826122,36.36870357321447,0.863749485118397,0,0
79.56817238585671,96.70760327430347,37.10139687346101,2.0827359683705358,0,0
73.79077041777475,96.79269951547926,36.91510929477884,0.3975958260037231,0,0
87.28010252101595,95.47933213149406,37.04878442979785,3.4823861144304407,0,2
41.14755160769343,97.80956903544512,36.60399453253197,0.0,1,2
61.16338260346903,98.78301031710816,36.7211303159143,0.22761305859886044,0,0
57.559036131732604,98.0146190909966,36.86360293546016,0.0,1,1
48.09996023642323,96.80213482620661,36.798232788199336,0.0,1,2
138.03447686852124,82.89390565684725,34.80440182106891,1.9402438251768743,0,2
145.32579874793984,78.76291072845567,35.60505316459416,1.7718446699207524,0,2
117.8486265833777,91.5819602603225,37.638204255089455,0.8669665878297723,0,1
56.95076977287629,97.33749208733673,36.04729856611191,0.0,1,1
61.48268996097512,97.38737548968365,36.53778547546321,0.0,1,0
104.48342160816372,94.782162704424,36.753965434267656,3.635023151950217,0,2
51.3508574097873,96.51080981257546,36.73355556132957,1.9210920211659108,0,1
53.14393142765613,96.35765514380975,36.54119519989574,0.0,1,1
82.64324086292746,96.5208778762228,36.88570127374229,3.660079089378379,0,2
54.76692165289041,97.0706801524721,36.3202074457113,0.0,1,1
49.74383158338628,98.57107306228365,36.83862187152848,0.0,1,2
80.55180904427162,94.71745286490827,36.10764397958365,3.7206337081280925,0,2
71.41521563061292,98.10649763942179,37.16999431886019,0.6806246943657098,0,0
74.34465465402982,99.05136489851894,36.663440878299745,2.3349872717779263,0,0
84.94882861920713,99.65885599820405,36.432547218526345,1.1971183477903182,0,0
161.90970943151544,87.00483793926696,35.47132298793888,0.768945552553881,0,2
59.366009051813315,94.44722845415231,36.394479881132916,0.0,1,1
45.08009513151103,94.99071441992297,36.16797556063841,0.0,1,2
50.433319186551465,97.75057789504157,36.1408420820842,0.0,1,1
72.12819297928833,98.23919865975091,36.89422861627977,2.2957965803412526,0,0
49.612939475243216,96.10629132199075,36.27426404076491,0.0,1,2
94.48976285124331,90.87115551058216,36.37548051781591,0.0,1,1
115.71434973195586,93.08175174731508,37.90350292138299,2.273348930777309,0,1
83.41897463428047,96.70702359785794,36.976399517093014,2.2092861644476094,0,0
79.32937617281175,98.1408432117894,36.39802906362104,0.9622123040868709,0,0
66.97351849302157,97.28202041182278,36.53527847983311,0.0,1,0
76.86280420158064,99.2791162029869,36.5747335931824,1.5408607060086565,0,0
48.393535254262645,95.49273979529696,36.40927052607775,0.0,1,2
76.27532675409984,97.68344310519367,36.76853347556113,0.5237641574057414,0,0
54.278026053951905,94.599537416403,36.55482747868211,0.0,1,1
61.06257279084059,97.24008215585484,36.77611808425673,0.6749877936828145,0,0
86.10699852477374,96.44850358807271,36.4753366155315,1.941421726342376,0,0
76.95497861331171,98.51657723974131,36.57873134868696,0.5733625280532804,0,0
76.596601527505,96.5630862764062,36.826428751438264,2.4145616841773987,0,0
54.87473631446859,95.17648461367263,36.060397164663065,0.0,1,1
72.57709822120174,98.6887045869991,36.71125781759496,1.8070057441908698,0,0
83.86182184429816,97.29907661482183,36.882745679047446,1.6315230223501693,0,0
51.02669542742436,90.43920552959914,37.57714869038368,2.694968788168061,0,2
86.5825317542628,95.33158542559163,36.63010631904157,3.9407870833465877,0,2
76.36281568663878,96.80718070367477,36.87747037707599,2.4314969629030365,0,0
51.91108402897841,91.82917278875374,37.409412085398266,2.580703655096221,0,2
58.15795577878602,97.99423194623706,36.46853791115746,0.0,1,1
82.01159159188335,96.36721796096421,36.8221855555037,1.6110866776946338,0,0
120.50599352844611,81.06720934092253,36.275674276430514,0.0,1,2
52.014233903476146,95.79103333867893,36.23633425658236,0.0,1,1
67.58393473768761,97.22814742932567,36.92666141322604,1.0997655883441002,0,0
78.32859128396602,98.08786176530359,36.58622609880139,0.35894685158635864,0,0
73.8854165701658,96.8061693285217,36.56536744544656,0.3421039764674192,0,0
42.34001788297491,90.965317740954,37.11937569278717,0.0,1,2
57.47508748462568,96.9013672430992,36.513820414729786,0.0,1,1
110.62387335197977,92.43633012884133,36.78907240926276,1.0202311642643123,0,1
92.8144660849148,91.26883884798927,36.996525276150734,0.0,1,1
89.92068859095549,97.5843407804774,36.480642782427545,3.4615150232790084,0,2
49.349418185156445,95.86265237264132,36.10538703273739,0.0,1,2
54.6659567867539,96.55403185008184,36.428949816630166,0.0,1,1
48.16756537856536,94.43513086856694,38.115196402070374,2.3794625433744714,0,2
72.20375992662404,97.89544207786332,37.15272524004015,1.1452779867578802,0,0
79.27053264521543,97.89373257977307,36.38889074736058,1.3254511896155223,0,0
74.16336655542226,98.40443599999878,36.671211366414965,1.2401633202063191,0,0
33.76564839624954,82.07397769290708,36.48776105150546,0.0,1,2
162.08429932974155,83.24573274019255,39.24985364458466,1.465982173084332,0,2
67.1980755862273,96.74593830759693,36.66218437334471,2.362280565970334,0,0
74.656688927716,98.33839935763955,36.575779941393606,1.8381929135195472,0,0
60.56423718347939,96.12761409531997,35.841246219902004,0.0,1,2
124.6076842809037,93.14601831181191,37.025746804188664,1.0443538338505498,0,2
40.18892732717988,82.71962043277445,39.50634173013684,0.6412006162641416,0,2
75.93723092931114,97.35026205886915,36.866669401193256,2.075114848703256,0,0
45.780253306553696,96.76604275110279,36.55391842736675,0.0,1,2
58.46891425256726,94.80958769073882,36.24623558362779,0.0,1,1
118.65380741364167,92.27196610173924,36.670740306184015,3.1087159489423737,0,2
65.48266894182532,98.74944267556322,37.46747638249646,1.5557145733147928,0,0
74.63022705002992,98.11715571242964,36.788054334179336,0.7400162859521917,0,0
93.5617247072129,97.87617859106231,36.91349136879046,1.5500581893386602,0,0
110.14932142161736,93.61930489196772,36.840413572031146,2.338743903962934,0,1
53.69213856651668,95.32441301809837,36.30151509643507,0.0,1,1
76.1508633078702,95.748056764858,36.93007233873596,3.2279883279215635,0,2
108.9048310634067,83.24995005409541,36.137321379568036,0.0,1,2
74.11850645860501,98.30850451216534,36.86829352996678,2.004909400894409,0,0
57.569695076943816,98.22222885476036,37.02506536699502,0.0,1,1
48.63099407419197,96.55432117201448,36.210750687331135,0.0,1,2
59.36865215456501,98.4494152318255,36.82261615261457,2.0421140965257285,0,1
78.93829279409101,98.27223957764386,36.840004681133316,1.3961157796786303,0,0
90.83171748839868,98.04089205847986,36.82741112255363,0.6216832581247602,0,0
160.60037657890825,81.40952794084347,39.334633337338055,1.739845591959574,0,2
103.86729459266009,92.46968506812637,37.79380010436509,1.881266701298296,0,1
119.12583134102587,92.0987911475227,36.5395080578356,2.7072247580950854,0,2
54.05012032262945,95.20271816185472,36.53230429493703,0.0,1,1
52.31187291813896,93.62132271390108,36.859206385040316,2.192568832312083,0,1
54.45205007166118,95.3776923618495,36.43645895311398,0.0,1,1
81.96375993911107,97.30858544454262,37.224070410695354,2.3353122125991193,0,0
60.959746849362965,97.8915409700362,36.410421363610695,0.0,1,0
116.8631326526524,92.58913922458757,36.63238406782234,1.7125142314120034,0,1
63.80575011983669,98.85537307720847,36.1778934252313,0.0,1,0
145.53047031611473,79.63198277405465,35.84665315447739,0.7481503650120676,0,2
53.33123144106286,91.3384615185249,37.770545764948075,2.1484383999281498,0,1
86.09168824620978,98.65455554296335,37.057538882636834,1.658836074365824,0,0
66.29962043673386,97.59018830354643,37.06093132548135,1.7000957558257752,0,0
80.05415258003579,98.13995445274253,36.71675995278901,0.8774004603824611,0,0
63.663925951603034,98.23475052987283,36.76731443940671,1.1435220377422008,0,0
77.25047478997787,98.2803046215415,37.175292922260944,1.9983705261966305,0,0
59.72409052509908,96.78054195950402,36.14691455408347,0.0,1,1
68.23617165175234,97.35692339704744,37.02509439238085,0.2610796918250218,0,0
82.47636995304403,97.6588198658974,36.880103166261065,0.7883963467163984,0,0
57.257983340173126,94.05596681956577,36.772649622878745,0.0,1,1
68.8382139067841,98.26307684656224,36.79787137994812,1.1529340412914602,0,0
61.85686315230767,96.45743674295571,36.915812669863705,0.42328991462054844,0,0
109.99309516738647,93.555089578469,37.004626484622605,1.627961677033627,0,1
53.782536146973854,97.83371114821286,36.07748047697255,0.0,1,1
54.10384034471416,96.09139537343098,36.19344556499061,0.0,1,1
58.98216964989912,96.80647376103133,36.58590208372192,0.0,1,1
145.85960833129292,85.34863254551531,35.69505422595639,1.272308655756388,0,2
57.19392512121621,96.75848373120074,36.32773378952309,0.0,1,1
77.73552113543968,99.55856535013471,37.099837434744074,1.953654606578903,0,0
76.85186375298795,96.25841962157443,36.84249626632657,3.4817896047558334,0,2
76.20274303575081,99.1787154528661,36.866031832926566,1.7920929221067856,0,0
79.74193587167413,97.156338201404,36.64730672380237,1.6454709728815542,0,0
110.22321546002057,92.71760083353061,38.00989064587421,2.2197798612251,0,1
111.44074709941512,93.9989593707106,37.69332122784928,1.6232452085711597,0,1
76.18523022687988,97.25843736157387,36.532054268645226,0.3680941353886189,0,0
83.63039631897503,98.37311990114901,36.746905564506186,1.6395839238280705,0,0
53.06913612357574,98.00473990576444,36.37800293922862,0.0,1,1
80.5582400973235,97.9541048064963,36.90963512881085,0.6291367416802931,0,0
55.39134989001567,96.18439675125376,36.20843094914826,0.0,1,1
84.45317064578705,95.68803172481425,36.69334607485363,0.30936328520522827,0,0
58.79056352150997,99.02624130717662,37.07408634341467,0.0,1,1
66.43433322220768,97.77908765044208,36.66518781926912,2.1565422385805655,0,0
75.04074871158272,97.95531033394785,36.7021217775152,2.1383250171321184,0,0
61.72993059050094,99.2255356771528,36.96785539595986,1.3927634806593578,0,0
74.95552616871308,98.1609888250414,36.95400236315192,1.8845243675754166,0,0
44.55484186303012,96.13442814317463,36.648275205152906,0.0,1,2
68.61094637889629,99.5926490698809,36.99942132659173,1.9594869650341333,0,0
106.92343210767626,92.06266720248989,36.738333054094554,2.6134020640968285,0,2
51.81568600236529,97.19992599158779,36.45503270093213,0.0,1,1
83.3698863267377,98.47030411929303,36.88279712578579,0.8417361184724539,0,0
64.63829381584377,98.15862020680753,36.54179901752189,2.006876623729132,0,0
123.8395882348976,91.80034265700401,36.62992120056101,1.940161961707566,0,2
67.7211121166844,97.84105436843105,37.176744811069035,0.3678378537341984,0,0
74.46663130422195,98.08258929888959,36.97825969428572,1.3054147707154253,0,0
108.38842686180911,100.0,36.93439077654275,3.4813761234840936,0,2
38.989515061200734,91.33580158232023,36.86109121581092,0.0,1,2
55.267197942213066,93.99307587409908,37.22635279184811,1.0126889131193635,0,1
124.70136826809357,91.03894906031496,36.84663645702343,3.1329561708966263,0,2
112.4633069720475,96.34827767973736,37.5274555015664,3.0503365020707283,0,2
44.63014021638104,97.40528051518285,36.438481453141335,0.0,1,2
51.00034196066784,94.829131255859,36.76203924337136,0.0,1,1
69.28461926103174,98.34525534568154,36.86451813957652,0.9065752281129084,0,0
46.77926496305763,98.13716159227052,36.94931450189257,0.0,1,2
80.452787312585,97.63030243580377,36.9435859256167,0.8376983853760693,0,0
112.20769270639896,92.5376927873847,36.82597712493287,1.7229131555154746,0,1
72.07611296491206,98.31334001393114,36.74529152478248,0.7493937105408296,0,0
74.94384447573816,98.3924020114677,36.84705661481118,0.9218764100544565,0,0
79.96603389663944,97.78114181804578,36.95597690556663,1.0516215910662947,0,0
53.082743407661525,95.70928528840841,36.20666711441306,0.0,1,1
78.1331345038941,100.0,36.84036972739157,0.5488040939050978,0,0
57.29034394057281,94.7722947975831,36.38835820291663,0.0,1,1
54.915024464553674,92.93776851758594,36.524399981667315,1.3960847423849305,0,1
49.53153986858614,92.8109186865973,37.65664593185702,2.6103859966623046,0,2
74.2611317578362,96.59072043469122,37.0614997092107,2.0102522003872436,0,0
49.43430009869648,92.96170044023219,38.08215253981036,2.026842724059158,0,2
75.31662419410296,98.14684660318285,37.08682828688386,1.5363630620386286,0,0
76.81654401434126,97.59661935046877,36.74380833836804,1.4173946877957035,0,0
84.90600606697423,96.36956260128021,36.751079483468956,1.9237283394519065,0,0
71.73154357195831,97.85435312940366,36.554239659589285,1.020147146475693,0,0
58.03493444000238,94.68928951207656,36.32904529154725,0.0,1,1
124.1329561441236,94.79768500380678,37.0554086333001,2.6940680971174107,0,2
77.87837848372413,97.00853685716231,36.85414151908914,0.3178544278440403,0,0
78.22437577827444,98.541838251593,36.6138343581122,1.1879306662452134,0,0
57.7607211226951,95.95118513254646,36.48933430924153,0.0,1,1
52.83638109890789,97.7195738726577,36.49629121631897,0.0,1,1
69.9897145366141,99.00681858130932,36.57417678877652,0.24879250555821217,0,0
66.99534608619271,97.26436865123173,36.819784267575514,1.6879057928431014,0,0
76.38605005579456,97.80566558441551,36.754460684727825,2.0610431684203827,0,0
58.314620859865286,95.98214503593115,36.246936534573166,0.0,1,1
67.1151702522742,99.09280357886406,36.93039118446098,1.7047616258443745,0,0
84.48872499529071,98.21659384281455,36.33651760524522,1.9048209898716753,0,0
69.247353522147,99.12546856991729,36.606913799064316,1.2365884488061571,0,0
77.12305871209301,96.55878506612802,36.62581863223099,0.5900109886695418,0,0
67.69686144446558,99.89156717341548,36.31531807148162,0.0,1,0
69.56293603409677,99.04877161855998,36.801638886521566,1.3865614405327007,0,0
72.20584943790611,98.0935268326453,36.71036105623652,1.753795811767886,0,0
67.48624239461715,97.43135254169735,36.91394902041141,0.30590426923106956,0,0
63.70459984014025,96.37191294973361,36.62611766573933,0.0,1,0
48.03756838251863,97.17406982905366,36.91262424765657,0.0,1,2
116.72751310480014,94.61765549257736,36.683628948554855,1.789961786581837,0,1
72.9481399886177,97.05879150378374,37.045826117521074,1.0340401242715087,0,0
52.043544462005904,98.20941737702577,36.682791473424324,0.0,1,1
115.64872102257003,91.98788967839036,38.12271781921616,2.2896928474750418,0,1
56.33578891066958,97.46445615398675,37.131742325300266,0.25208175149803436,0,1
65.79952292006553,97.26820615660132,36.843531112364474,1.225385164436353,0,0
39.044231718809264,90.25162230606254,36.70498344942758,0.0,1,2
78.11518268635936,97.48621599847384,36.59970860030233,1.023453305644445,0,0
41.39966730591564,93.08175161248667,36.850336023603816,0.0,1,2
70.00337908195309,96.45571351227245,36.39772031027199,2.056690904947382,0,0
81.06417917196246,96.76533632995152,36.88924013985883,1.441013175157741,0,0
79.13039611470946,96.70047010273612,36.83844837522457,2.2902900234033994,0,0
127.41606367212498,93.84156634344816,36.80360168467415,2.4272037567576685,0,2
68.19101583804259,98.7055533340414,36.6388857482473,1.1354001428993596,0,0
89.32974724965449,97.55110110590068,36.576400422533816,2.1011802110319002,0,0
77.87703509344014,97.26656465638051,37.08085337765842,1.0706897663211463,0,0
113.93904922178825,83.74764799707258,36.06499868095476,0.0,1,2
55.285763505542874,95.50905892909068,36.21254692681735,0.0,1,1
77.9487558874517,98.39198374861178,36.83152356142459,2.117621179749448,0,0
126.84154021180107,82.69842652281447,35.63239194260582,0.14737181586355613,0,2
68.80681320347304,98.14234688122556,36.62932779057405,0.8677263236160115,0,0
79.17604498916167,96.47817028738521,36.90918808784013,1.0819161226194103,0,0
65.66345848218162,94.8833556368013,36.52030712489926,0.0,1,0
75.60619594121447,96.35155469761696,36.62679678889958,1.5733048479904717,0,0
67.11290620829818,97.35508805083448,36.702427648942,1.9574345685147516,0,0
67.98253301410482,95.95916458421698,36.484018550624235,0.0,1,0
69.26977629954683,97.7756148718101,36.78977020840387,2.131369802607122,0,0
59.862582006036234,96.02009663565947,36.41482835141576,2.2065148423012344,0,1
73.23227691839702,94.8891639230797,36.53244856212011,2.345983520555062,0,0
104.6028842248339,92.38067827323384,36.66006677646666,1.6102724039495717,0,1
74.90413029754576,96.41913442552763,36.90040109018707,0.186336759278516,0,0
49.51376104166151,94.9312700641746,36.27062971451711,0.0,1,2
59.51628607493742,97.02519626813277,36.48326169903985,0.0,1,1
83.59089850378295,97.05011194539699,36.826927981024944,0.7661948509834926,0,0
61.58643171469831,95.92064647173835,36.460039062736584,0.0,1,0
85.59887092955934,96.92810983529165,36.97893901226953,0.5834798951950694,0,0
57.8051720441088,97.98999505018081,36.52511601433984,0.0,1,1
76.764699727343,96.89685152648575,36.789514122601695,1.960296734446577,0,0
49.196645591790165,96.42738256152118,36.44900231830122,0.0,1,2
50.854043122960654,95.37813016829722,35.97938277597483,0.0,1,2
90.78260002505239,97.28254280491959,36.95388562090405,1.2901679994303323,0,0
63.22573560691527,96.89241482993924,36.01657854164804,0.0,1,0
130.1378514998191,82.90628259442389,35.22632718391208,0.0,1,2
58.76662405436312,97.05700340041327,36.41754649994459,0.0,1,1
79.96610809870559,99.93108932921098,36.589324626756614,0.936997672576314,0,0
57.061381045749776,96.70688427928326,36.74681208003277,0.0,1,1
42.42965818764776,90.90802615508301,36.80806777743904,0.0,1,2
78.58015195846754,98.4071282753567,36.87828686899885,0.5424534788933093,0,0
44.469461551419194,94.92779848010797,36.191016649724055,0.0,1,2
109.28161402474602,91.64536267799316,37.877984344434225,2.7743872357106514,0,2
67.9519376236699,98.65496976840056,36.72929752457868,2.175640951959214,0,0
125.89445154904769,91.58111899811672,37.31780568418733,1.265577511580696,0,2
78.88406200368394,97.50884601849619,36.35629668553531,1.5408506588484714,0,0
76.83674604852453,99.25836118328016,36.526417022305836,2.053926109629435,0,0
82.80957746967275,97.6924176663932,36.82292751363087,1.0135918406343967,0,0
52.05187506749759,94.90940506293009,36.43404107017825,0.0,1,1
83.53539010155515,99.09316658193829,36.46678650299431,1.499769529269285,0,0
70.95295467893624,96.68284039318235,37.01059549138504,0.679112269928574,0,0
65.04280656369546,97.8059078094809,37.09303702867442,2.139015903619695,0,0
73.18558019572252,97.89730282936185,36.55471244707009,2.4447464113132944,0,0
54.418684428770106,95.60483586841215,36.35993242540593,0.0,1,1
78.00583418426177,96.33371047884957,37.21861584397922,1.5011606968182312,0,0
61.830931398373274,95.74359823593315,36.30188955827936,0.0,1,0
78.37284204437611,96.23387891644667,36.82752832809127,0.19358428696447455,0,0
49.015681344771565,91.70050226423267,37.59741775802673,2.173928882676015,0,2
71.5404624492249,98.36084975278439,36.80194025832631,0.3763593067981883,0,0
74.41734487111619,98.20039491807309,36.71609858350393,1.2288835189023952,0,0
73.14201095948765,97.48309300304744,36.52962688778782,1.0262213639626188,0,0
81.8065007127882,98.49512857154534,36.67276624372943,2.354618581381373,0,0
73.08234731982309,97.4271033605934,37.29294039686443,0.9187113415657396,0,0
42.07752551119046,98.64682728909081,36.23884667348948,0.0,1,2
79.22061474314127,97.99889120239226,36.66089372077064,0.3099548530651407,0,0
80.75545719785522,96.68289100805607,36.83925863629261,1.8132082770678293,0,0
52.93620114726573,95.90238329801747,36.83148482787073,1.1954979933630105,0,1
80.35683951902931,97.97712230529397,37.0007737245182,1.3064771872232979,0,0
52.27436715776341,96.69796246334633,36.23902092539761,0.0,1,1
160.69287414584852,81.461570463148,38.988163686023846,1.742599214517855,0,2
111.33211397108755,90.60008171366705,36.664176964159,2.620695922482473,0,2
29.129591358188698,85.08419971928578,36.654061746247216,0.0,1,2
82.54367027261937,98.71809203151443,36.80145396666886,1.919898598841598,0,0
66.75142695480001,96.7626954498864,36.77963239522796,0.8364038176981446,0,0
66.78478390106508,97.81628118937695,36.50738525053513,1.8905173940967441,0,0
69.91705137734542,98.47078623209417,37.08308344038943,1.2464835874832434,0,0
55.452935875726006,98.84223026265514,36.34063411870151,0.0,1,1
59.807862600322636,97.97807020845259,36.52797416744179,0.0,1,1
34.06354773152842,83.1672549653275,36.352064816464704,0.0,1,2
84.3897963318936,96.2378409497234,36.87844808991076,1.7101495895685106,0,0
55.49234057113471,93.03938341551576,37.35517340472491,0.5360791588445561,0,1
38.487804430793986,90.30540559300871,36.96238367092569,0.0,1,2
77.37690773556444,98.28287060125592,37.01691596636616,0.918240006454394,0,0
82.24626290940614,98.55299499923517,36.69656251026002,1.538337710316784,0,0
77.43136154229623,98.68477054303847,36.69311372815174,2.28352481238547,0,0
144.94294771049113,78.98500203419324,35.256912666471216,0.3433806007276742,0,2
83.51913014732227,97.61732329219713,36.89444072836141,3.0529563883275217,0,2
90.0858991852957,89.85564661811776,36.71960092572027,0.0,1,1
58.95197371535148,97.52159836081609,36.231561991690235,0.0,1,1
63.36147949425934,97.06668452170278,36.75831855744322,0.14065480461368463,0,0
68.07049014459098,97.59032544134048,36.719204071683414,1.2859145238680807,0,0
74.99555731559622,96.79103792039581,37.049810562833784,2.494728212306029,0,0
40.94473074141348,91.24619243821817,37.09295588108972,0.0,1,2
77.34925996137446,98.16363964397466,36.86411910827799,0.8174605070330622,0,0
57.39427416126305,95.2688133114579,36.53782412083851,0.0,1,1
129.71061094649917,79.81511916362244,38.88012989867805,1.8917762175338393,0,2
36.05491026334798,83.14745950800283,39.36479582368188,1.3999236607995404,0,2
83.5326873050791,94.65412813137974,36.742724066450386,3.41633915737862,0,2
46.22356261091359,96.96802514731324,36.182135408617775,0.0,1,2
80.60478741961647,99.31127144240126,36.564058885087476,1.226493743103199,0,0
121.634452548356,88.15876976455988,35.106846230584395,1.837528980326462,0,2
71.90213193245333,97.11923681938971,37.324069119996786,1.7796898779549168,0,0
43.15616355153033,96.35156160048884,36.491808569830525,0.0,1,2
48.28250047706428,97.10132102657258,36.487734471729425,0.0,1,2
71.25348670450573,99.05137990240758,37.00305972036443,0.7148442766859653,0,0
57.240340402644925,98.26033412809336,36.37516054468367,0.0,1,1
69.92857530603563,98.76498252079661,36.962009481525016,1.196033094509816,0,0
88.51637774685784,98.13636056491875,36.8732548267558,0.6311930884671444,0,0
77.57206304103735,98.10850705049438,36.799399829349305,0.1256084782231711,0,0
75.70523281829344,98.74219382291695,36.769190969692495,1.6705222819535837,0,0
63.082441851640525,96.4524047202344,36.618767671562686,0.0,1,0
45.85586884544434,95.96550064595627,36.39530621233126,0.0,1,2
110.88460293529677,91.63730098845846,36.717731828121885,0.617356811888934,0,1
52.64718612567195,93.603257846763,36.98882625115604,1.523403634227291,0,1
52.092318078354715,97.0416476253252,36.793431871620875,0.0,1,1
51.96979305254543,95.1069953919788,36.6545187871314,0.0,1,1
70.30696418318418,96.64547415233733,36.94713813143278,1.898633198261045,0,0
51.159202504028535,96.73941992982036,36.87812373918915,0.0,1,1
73.08036556626706,98.01118142243743,36.73575246003593,2.3536801699995618,0,0
73.63468170651629,99.02392129009773,36.732602333185056,0.6183025828534343,0,0
124.99143319963751,84.5654929777273,36.52699339136572,0.0,1,2
116.83445969307458,92.21893592033757,37.492734507855694,1.3503988747686577,0,1
53.08403342429978,92.97241376993328,36.84310871667973,0.902419421703132,0,1
75.91346423756335,96.65624688575804,36.48235724967328,2.2379020096972027,0,0
59.59351890762322,97.87235359107778,36.763555554763464,0.0,1,1
118.72323692244082,83.8707845644529,36.790385877936984,0.0,1,2
69.18355629412716,97.43228717298663,36.786545278394215,1.3568247329511491,0,0
75.64431115032342,96.97510213183999,37.039329620312046,1.712950514106955,0,0
114.16316310368738,92.59810285010698,36.481999855488766,3.039335377875988,0,2
54.157343774895935,93.3230397560452,38.03565713955727,2.0764924039191417,0,1
113.25035509735375,92.65422373243418,37.776111725159325,2.4049503771179346,0,1
56.93913880723804,95.4042664193797,36.212604652050764,0.0,1,1
68.78598779670381,98.95103014133554,36.84240536241729,1.2346808219361292,0,0
95.42523398384535,94.20278908266674,37.12228115936938,3.761455951265444,0,2
112.18712772632283,92.72900255479979,36.6672404751096,0.7714697751995176,0,1
84.76779459952135,98.42842618427267,36.52021571479908,2.3193507973684135,0,0
53.435193822112325,94.0051918507245,36.6251138952527,0.0,1,1
92.69297569763326,99.99569710981928,36.92554035328716,0.14595589886115068,0,0
67.71803917556078,100.0,36.519213676160255,0.7597347560806249,0,0
58.62213234384798,98.0320808038884,36.87180560020884,1.2779264666203252,0,1
115.7139582772361,93.84405334792432,37.047471943147166,2.9111954191940144,0,2
70.40962859898582,97.57951688001212,36.947461659411495,1.0740004087163273,0,0
79.87870884215396,97.21201586683637,36.843959791344034,0.8052205507271529,0,0
54.96507617513774,99.88617254529895,36.84039620509665,2.3220848581282474,0,1
64.45911367707176,98.8330287484626,37.098714338359805,2.3186246913079893,0,0
86.47015920085201,98.40558545837528,36.92651468067089,1.3466106624684302,0,0
63.72578627417052,97.57570587613719,36.70903405703984,0.7719561135764067,0,0
54.78091772858185,96.56846502797728,36.572450558724434,0.0,1,1
78.73022123304747,98.34145109390818,36.90395074548981,0.4635734223774619,0,0
68.23361014022468,97.0988456957154,36.78863964468841,1.9271353882412967,0,0
116.18217785105249,92.1721942077096,38.01240205210475,3.11173878225623,0,2
86.21829655489657,97.29752611180358,37.03100549048892,2.1478179024218136,0,0
63.71671680235636,96.99612435615293,36.47326470693125,0.0,1,0
60.19317065694377,98.56944057640916,36.77831982022775,1.6456723388125263,0,0
90.63177567428743,90.71562415865765,36.72482471137248,0.0,1,1
71.98739930603534,95.60583713486493,36.88426805766283,0.6722621481282288,0,0
81.16060649615663,98.75319911850718,36.65716110592445,1.276212210728395,0,0
121.20290927967659,82.70600966002144,35.5271608233938,0.0,1,2
76.33216330905451,97.78381902508204,36.895263690555836,1.8270540390655912,0,0
85.70275016839085,97.27445870468854,36.812857276270364,0.8595945938666395,0,0
104.1688641776424,93.58954712882435,38.33437393021562,1.4300276587911838,0,1
60.1173349338292,95.33447197185446,36.77271746926092,0.0,1,0
68.10426663604247,97.79692957697523,36.5656247101868,1.915527630022319,0,0
48.196889578236856,97.16945197311665,36.310811867711834,0.0,1,2
68.56139541868191,97.55837999804534,37.11594776918215,0.29496374879396736,0,0
42.77698992635585,96.05354614051708,36.290064437084894,0.0,1,2
95.84526998913728,97.15125642160517,36.77904801685394,3.4832579984573027,0,2
55.20548285981796,96.60561365859192,35.90843147627394,0.0,1,2
115.32484696739397,92.07038137553936,37.790798190019245,2.2406186211168944,0,1
42.08287932278891,94.8966643565727,36.6742923591823,0.0,1,2
152.55761850231386,88.8665782565294,39.044361465194044,0.7104477402345564,0,2
105.95021736508428,91.93522276147303,36.97835285598292,1.6846784049703072,0,1
83.155991684414,97.3007713022919,36.81039779865049,2.0887149769199547,0,0
75.0019840103323,97.18777095431103,36.62460025936414,1.3357727068066012,0,0
74.64748648026146,97.90874569748853,36.77969359434018,1.919647932074481,0,0
59.55346453843359,96.46170815824746,36.15974234797601,0.0,1,1
42.47170685007325,91.73887237962572,36.549355174174835,0.0,1,2
58.05355321589556,98.50050911357573,36.52095409022196,0.9118567136813057,0,1
56.25332869786334,95.4279120978881,36.705085744300035,0.0,1,1
152.34619707119273,83.63813109963903,35.45936114975878,1.5862682175907192,0,2
114.4866455679147,93.09988069851953,38.16888884304026,1.7512976011880594,0,1
43.231266627758195,93.9287728607668,36.73928522537454,0.0,1,2
84.85703771685371,98.42519633549672,37.23349014012235,1.3848718763752865,0,0
53.172688255530325,96.29142750997659,36.39318129421802,0.0,1,1
67.35112666650309,97.82364465579944,36.98721287831739,0.9171778354662836,0,0
38.39650013307716,81.92541500107096,39.40260817412688,1.913354980707286,0,2
69.35155288846413,99.29422915987944,36.90815804815042,1.2728163776159014,0,0
71.85469354484786,97.43059952218488,36.71678891992691,0.4020544887371338,0,0
81.89738201241659,98.67481595655421,36.93342629573857,0.3535860355369922,0,0
52.2813480194062,95.9616866829569,36.55327459778999,0.0,1,1
47.84237962187773,96.99262366964848,36.39175777031459,0.0,1,2
52.17650377174643,97.12642891771634,36.52372259477576,0.0,1,1
73.28695311881452,95.97090126527077,36.71938644332103,0.8979930119875001,0,0
116.13570244945262,92.05878414177792,36.84844748569576,0.7712568228305532,0,1
113.28377463368903,93.98489239711598,36.88512695162718,1.5480753635789926,0,1
113.53461020863173,92.38264138997917,36.842997962057595,1.3742733768443025,0,1
79.31667251486478,96.71776086304814,36.576664076989616,1.6652630198899272,0,0
45.66829956664735,97.0414079461837,36.56592774013531,0.0,1,2
79.08332362216505,97.03442673727064,36.66190953827147,0.49477348973487234,0,0
141.46101303764723,85.53632731243613,35.877888768550314,0.8252275692790911,0,2
65.21851343578706,99.44918171652664,36.59690747479271,0.8267909461122867,0,0
91.00912166145457,98.67995248106325,36.98510466218048,2.065404208819,0,0
50.72010570632777,92.68101000677952,36.81892397955695,1.4508956257758359,0,1
61.36387490889567,97.56947344555026,36.60365967836564,0.0,1,0
80.24549432555015,98.94335956120068,36.786426441793154,1.325539284866358,0,0
53.99871393745135,95.05773428057938,36.26316812176075,0.0,1,1
53.389755833905426,94.45734294210541,37.14809036428311,0.8110550794102332,0,1
66.51505628505578,100.0,36.92281427179695,1.5036582452925662,0,0
104.81771399231327,92.30332027608213,38.0258489050887,1.0904425578111823,0,1
58.00799634648619,93.34719627234008,36.34077010895598,0.0,1,1
41.7767338122413,90.8169224775962,36.667104247158804,0.0,1,2
62.503815698250186,97.48503318581,37.016826148514674,2.475841037286877,0,0
116.64148493606555,92.20148288378317,36.827263306579,3.1651375569453153,0,2
67.72194016293929,98.38678463923873,36.74235341757805,0.3817985071961335,0,0
159.66344792419355,80.34008618917096,39.239700034637266,1.188523659799896,0,2
123.94108378274119,83.67421618518432,36.30477400463742,0.0,1,2
115.11963990546919,93.97125532053788,37.442823769688786,1.0939270983481042,0,1
71.7200186129116,97.74625881709377,36.813693615414095,0.7908880290978773,0,0
109.65975694594863,92.8471929850162,36.7776799385341,2.340419980193798,0,1
152.44512497402502,82.7885380207171,35.83073218953453,1.1466964347691344,0,2
90.55839328312943,97.73095882933472,36.78616655885205,0.473344481083783,0,0
72.96982631167307,97.92144634214509,36.88916486411833,1.7677064953261339,0,0
64.367445336756,99.19721625984974,36.54283992679125,0.0,1,0
57.49353485629525,96.52558077009635,36.13240486312417,0.0,1,1
138.73660772255286,87.74097832100325,38.74559842618139,1.6504688763228934,0,2
55.022841005368754,97.05118711886266,36.18555075521677,0.0,1,1
79.87592365740724,96.38122955055093,36.75750144507755,0.9077825001697362,0,0
37.12990334187391,86.26110785316527,39.28563236129343,1.107293793495543,0,2
72.24951424644519,98.06895355437676,36.55511138695054,1.1125871490983756,0,0
69.02509113947737,96.56747974980877,36.92481134638314,1.6544012720676051,0,0
81.98325152578745,98.97134241150852,36.72931509173779,2.050848255745033,0,0
78.48509999151835,98.58355807908394,37.06066899775734,1.1007749922010108,0,0
84.25453467379141,98.38070183689783,36.77499089085549,0.9417514820316711,0,0
52.155700699839926,97.45062942237529,36.4226720665102,0.0,1,1
112.6837055062893,93.03482248167104,36.421487417591976,1.8948142521607476,0,1
113.4614336585804,91.32948743699613,36.58316675936021,2.6018616451384733,0,2
67.6249723459094,99.43137752434068,36.833813864394244,1.3853787213653792,0,0
145.24545209449337,81.53040373906981,35.62841226354393,1.265165945484676,0,2
113.08095377913246,92.77940541061021,37.117994769991476,1.992757423447351,0,1
46.63821345640463,96.10135989637482,36.431026442918125,0.0,1,2
65.75240344736339,97.7328621118686,37.00008539762388,0.26865773064649934,0,0
74.33636761383593,97.60754482323219,36.9799775434402,0.300300652341703,0,0
75.7858601736381,98.83441019650425,36.49903621669434,1.3795259487533544,0,0
79.8136227621066,98.70065290976595,36.474369287810596,1.3932620266425455,0,0
79.59530308913041,96.70144617441923,36.8488716835944,0.3276154801213666,0,0
71.66849148630492,96.46927987715847,36.98021913761542,1.3788419563550163,0,0
81.21645719458807,96.96992363560858,36.74502518890081,0.32300188379954164,0,0
111.94742281190943,93.28576523013221,37.99319002258571,0.568016548534161,0,1
89.7959509388339,98.71489933700379,36.9519743641234,0.5192418175107738,0,0
46.63124907028621,90.98740579879149,36.61595338437094,0.0,1,2
77.27408506057239,98.73138638859614,36.66922170812248,2.2285972142646164,0,0
44.751010304040555,91.71118226825959,36.225399440300215,0.0,1,2
117.34849687501651,84.75785513136665,36.16480230086172,0.0,1,2
58.02599244835484,98.23552716940361,36.75773236857259,2.268390902065984,0,1
114.97805918205282,92.00964204140563,36.865497551424966,1.9252095559762288,0,1
109.76578723861971,91.96750214051936,38.071010067810874,2.939001972297812,0,2
59.61355687853199,97.75173159479787,36.64386587239646,1.8992133249209127,0,1
109.67169329036187,94.66104371206526,38.24011931411429,2.600519565176435,0,2
114.07112423846793,81.72284222974064,35.7062937722293,0.0,1,2
31.99578788556697,82.54516659526696,36.67969025379584,0.0,1,2
91.19248613649494,97.20400873556989,36.894238797414545,2.051333021948839,0,0
70.29937658971973,97.59798169180084,36.77348595297645,0.46070554143281617,0,0
82.79569867907881,97.98893263201609,36.88965175529422,1.4767808471739918,0,0
114.8764257822692,84.7719577956864,36.59138667074039,0.0,1,2
112.48318964719135,93.28819112549544,36.535022186688906,2.1829466316732473,0,1
68.06094287942696,96.14573191953203,36.85163686805315,2.4034570030149274,0,0
30.93400195090613,83.74639685667356,36.695771917696064,0.0,1,2
115.40060473183429,91.37484340631036,37.62386290445319,2.017573837441497,0,1
57.000600674837074,97.25713285576752,36.29923171832896,0.0,1,1
87.07312896794163,97.1099437159064,36.75668482464993,1.621108475271118,0,0
70.44650344557004,98.38862193600372,36.79942915123366,0.2504476177638333,0,0
49.161549165937664,98.16593276329459,36.75443165857076,0.0,1,2
79.10324145728623,98.51463275402882,36.591328673652555,1.910284607513989,0,0
110.03919339888921,91.5894675031786,37.68100975168771,1.276422698736155,0,1
38.32521943980007,80.96655805671695,39.003178933124076,0.30400910745168885,0,2
54.90503129225479,91.93879914782765,36.680453399452205,1.3898247781580664,0,1
106.99483514981256,92.99644694297587,36.74028226238676,2.907067548825722,0,2
111.07267730049331,93.15589907725087,38.06880054271243,2.045269784604846,0,1
71.90821544575921,98.84926066496894,36.84023327851316,1.7190482827839997,0,0
77.93436400815337,97.84864713191439,36.89402793773687,2.27803354807127,0,0
49.67697043460939,96.31653070780312,36.29502769792016,0.0,1,2
114.47214401121943,84.50154401945969,36.15909568206542,0.0,1,2
52.292581613484934,93.19938122396275,38.220029435509275,0.9729076849465721,0,1
79.64262713567378,96.45060767640886,36.66825678796716,0.1282523506151488,0,0
116.52890725434689,94.14828211730848,36.80743667159684,1.4646683339627238,0,1
86.35499414551276,99.38724742920412,37.220435679100035,0.8053515656014858,0,0
63.09723609962958,96.17861722747735,36.5806437231669,0.0,1,0
55.594679251955945,96.56391671747566,36.65139323259392,0.0,1,1
65.93596472448223,96.12160014188801,36.46681809135774,1.137760528695263,0,0
80.75968748476411,99.02103633210866,36.870086430634835,1.046445585894437,0,0
78.32528311477454,98.08304541042465,36.64526451848883,1.5277744822293144,0,0
48.192909379152326,93.31929199371464,37.91616426578066,2.7746165422028666,0,2
51.99164365213309,93.37879838169415,38.30543955694005,2.757487912489665,0,2
54.231974485022185,96.51642685625843,36.24259101941172,0.0,1,1
60.4061810551636,94.89460258342098,36.23113318874311,0.0,1,0
87.58817088833273,98.40790126600423,36.92459642261428,0.4681125221869027,0,0
67.30888129541486,98.06061241390464,36.71608816314106,0.9126261975698361,0,0
63.41179844468253,96.04355568799835,36.19046156391898,0.0,1,0
78.95520053078164,97.6272333093895,36.87078821316196,1.772721056991708,0,0
118.12450813362025,93.62886179030006,36.579746587334014,3.151115628157382,0,2
75.24139512948558,97.84889585069655,36.796277329183376,2.499213535746124,0,0
91.26150569519739,91.99179338815085,36.70235523051622,0.0,1,1
81.71448263679835,96.91973774817335,36.607262054876365,0.5698695916747516,0,0
79.58522720085541,99.5168974461534,36.60673448714026,0.5115302702527195,0,0
45.858427311044565,95.55956793389467,36.45791204843064,0.0,1,2
55.44131246400528,96.32269548543748,36.622581046891554,0.0,1,1
56.41693844192754,97.85418666606698,36.235246037876664,0.0,1,1
81.62979366455177,96.0465964650678,36.671559146052246,1.9887221538937299,0,0
107.26798849709962,92.28014652123026,36.860714681125415,3.1193770366264877,0,2
62.63346932032092,95.91829417340371,36.644270915840494,0.0,1,0
58.840063783089654,97.37508917199105,36.09011528181074,0.0,1,1
66.62720873411517,97.69825089432284,36.944164495576715,0.9470603183421183,0,0
111.4940846810452,92.82305221380196,36.68235309277798,2.1531805355652174,0,1
53.79091147754973,96.1749542311191,35.874822390981926,0.0,1,2
52.60287345893051,96.24410742256195,36.242447553465794,0.0,1,1
75.14391605537139,97.9104770157637,36.86391563226842,0.7609370794020486,0,0
70.1246990098723,97.09506404415319,36.6744043359534,2.2497257383514446,0,0
113.25789979008293,92.13241293763943,37.25490597511638,0.9461204086415826,0,1
73.08377750950605,98.75759406451516,36.7860083466479,0.1883761612910842,0,0
63.893403361017185,98.37097579134551,36.50751201365024,1.5739003946700856,0,0
118.30152283541207,92.94776980448492,36.50781257387594,2.543695222988525,0,2
81.48301711025032,99.46727021833122,36.949830084771605,1.5726073949086024,0,0
71.63632195768776,97.69931090352948,36.4917467750871,0.16751450569334186,0,0
80.99585169276698,97.59654791807932,36.67596802157702,0.5521502703929866,0,0
53.986394147665536,94.7698035174254,36.062060668992935,0.0,1,1
67.14274466526702,97.66075120455304,36.55976352696582,0.918689232176194,0,0
109.60008844372167,94.20477000054095,37.081723080208896,0.9734152623006067,0,1
61.8107980306398,97.04936301500014,36.01847344454906,0.0,1,0
69.00853442286535,97.83867549949886,37.05249379705225,1.090153732028245,0,0
48.38923259143749,98.21358550435812,36.57214306694959,0.0,1,2
60.812121062827046,94.83790076521659,36.574651212172824,0.0,1,0
78.12023292906417,98.92863057859716,36.5522455958819,0.175436335553887,0,0
49.97917455649248,95.61745393416493,36.541755184947725,0.0,1,2
84.3403100314837,98.62866324833827,36.889808851824974,3.7162407657500998,0,2
78.10360607515206,97.31924431497632,36.59921536995141,1.2793331583938867,0,0
40.92127120051815,80.35309932624487,38.9500781366551,1.4621244307261156,0,2
114.21294197700239,93.40897967319981,36.94766737200632,2.072976430364748,0,1
40.35122312518402,89.9051987945883,36.40485465418582,0.0,1,2
79.7276809617297,96.72255004963654,36.98386709745009,0.5078580654078423,0,0
109.81979186861162,90.74389801170301,38.14714165667061,2.2782880971758876,0,1
74.10089580923025,97.84651350419577,36.35170491111732,0.18079169000711995,0,0
102.08781600396799,97.07658310378532,36.68965154865588,3.6080465913853295,0,2
66.13895930265477,97.7510989404169,36.61172488186531,0.37481584902425813,0,0
85.75460935468668,98.79855715431623,36.417852981382424,2.3760663962969484,0,0
48.82614755514081,95.98109100624873,36.23140066033269,0.0,1,2
33.502194922880356,86.71975819355572,35.71019744637779,1.6242276395930475,0,2
120.29270876920857,84.77115207222215,35.47798834865502,0.0,1,2
67.58972514564233,98.75262912591566,36.668389575726486,0.24323836248834568,0,0
53.70617476638728,96.41691945286378,36.51783403104947,0.0,1,1
55.99422438389054,97.61277444143231,36.13861665415761,0.0,1,1
109.88193214834216,90.5959872263014,37.859719334303946,0.5244394327408302,0,1
66.8555985990399,96.92385596772932,36.7398925977896,2.0536110335615616,0,0
54.00025562338075,98.45215797293062,36.94851413384395,0.0,1,1
73.55115522748665,97.56768747803817,36.68696990953575,1.1003740012041334,0,0
57.20364868596759,96.22687852425261,36.309120421309984,0.0,1,1
63.66599236066305,97.61236973771047,36.943598676369284,1.9336177410269182,0,0
76.71601289391238,97.08220223384463,36.43755880595774,0.362828188569426,0,0
79.2522478771448,98.55988682442226,36.702987560302354,1.5522906842878912,0,0
90.01084350288087,91.98723965697049,36.48065552176391,0.0,1,1
76.02025549080194,99.41516257149388,36.84269354089817,1.8494943171665577,0,0
63.03713221643232,96.39559782021581,36.93223141523374,0.0,1,0
51.96346455605197,95.46631898417817,36.6134710393552,0.0,1,1
109.22447703689623,94.24377712970792,38.0742925511862,2.366786397718463,0,1
96.94488341153979,94.6150214195645,36.489799146722454,3.1786085807093363,0,2
47.72198379774642,95.38143187820965,36.15045814829919,0.0,1,2
71.91866411675,96.64216341127671,36.97230603930176,1.371869425767996,0,0
52.302125582883505,97.22779052975764,36.16157539169039,0.0,1,1
89.3508408331858,94.64640677303963,37.17321421763563,3.3705925589384202,0,2
87.87804222203775,96.68279231583368,36.71389936486679,0.1086511819774966,0,0
55.97513281258674,96.86470050712407,36.156599004788504,0.0,1,1
68.99275076245172,98.39224521664335,36.88464111455436,0.11661831295492586,0,0
120.55832526666819,92.61077795819367,36.95134051384693,2.6260636155216988,0,2
77.1842460387999,95.57275879244418,36.46674351157084,2.481748885228638,0,0
118.97543884779387,91.91292713239768,37.19368420777324,1.3881651910974142,0,1
66.21805419160957,97.18408901661894,36.42622040582227,0.6589600823762409,0,0
54.557002306011306,96.52042432474754,36.1988369929559,0.0,1,1
60.193762209762795,98.15793579827407,36.63989025175219,1.0027814946624682,0,0
77.07695497199765,95.75357683216235,36.55075783287758,1.6148407881200593,0,0
66.0465144747298,97.46143787174027,36.891665174312074,0.5450625385317668,0,0
76.64380548733317,97.22409292283105,36.48858199189988,0.8348522123682822,0,0
113.86702094064383,92.86362575086319,37.02426039782947,2.5593911627820285,0,2
49.52060343260986,99.49439704898047,36.98471496716548,0.0,1,2
42.195691202532366,90.64944571498751,36.43978800815536,0.0,1,2
72.90333562862864,97.47920213851395,36.41918144151686,2.0680306375473676,0,0
61.635078900252196,97.92862806981147,36.933695706758904,0.6618892351805914,0,0
82.53085586979573,97.21294803487747,37.038174205991886,1.0685430781434373,0,0
72.32984412379375,96.82432878208786,36.79166545291719,1.199721959862327,0,0
87.31620751543004,97.79174903059952,36.73308275028641,1.0821576525111158,0,0
70.92130918760164,98.43350395563758,36.8839158595397,0.10966784728526441,0,0
63.58483400375362,97.41286364198322,36.699948958363244,1.3668388379194523,0,0
67.38049264775572,97.02320207739835,36.72429092016092,1.7279837321389122,0,0
95.62367575391542,94.60182922831792,36.514271228518524,3.029066470156214,0,2
31.71584347431612,87.98032944843312,35.40096721023322,0.0,1,2
78.49042884789695,97.81310325827829,36.72577440188084,1.4235449180578528,0,0
81.84177966918949,96.63769974079298,36.73745914161143,1.8072654178615835,0,0
69.38607083317876,98.90132781163369,36.78014492247924,2.1148425272172378,0,0
82.19592077461645,96.86482340397147,36.98112463698933,1.3116634023340967,0,0
51.72446840618191,94.81455033920595,36.17661946875166,0.0,1,1
70.87475418976533,97.18562881856464,36.752375584244305,1.396765936967735,0,0
67.4028894208798,96.92459605101737,37.154081965608746,2.2500555102447954,0,0
43.58582899734882,83.76699459573665,35.47871766921107,0.8033979246240578,0,2
48.75106367947386,98.18374497812515,36.32614171537558,0.0,1,2
94.74129006183767,96.10606899900957,36.77942239723032,3.6841335005151334,0,2
72.27457649104942,97.03030345530347,36.780201962513914,0.8914877550683471,0,0
78.6186554500118,97.86853009911597,36.699965420733115,1.5090459861148733,0,0
68.26566886285003,97.07061957301252,37.11905138093091,2.378973509524761,0,0
87.0201258665967,96.9406306449498,36.88356728570278,0.730634545908841,0,0
79.76848014287356,95.61298116090778,36.61259355880576,0.8460725988539619,0,0
110.47097869545681,92.4781877173847,38.22578352699989,3.117439046511771,0,2
50.24836912077401,97.70179389910884,36.27751870039823,0.0,1,1
73.88260197238932,97.10365641545262,37.079604258274536,2.320633454405895,0,0
74.06267708355709,96.3101391577725,36.795477989266416,1.18283570487996,0,0
85.72507143698768,94.32631414497497,37.55377283412418,3.611589178012663,0,2
57.90754136610947,98.28016467285954,36.61657942537697,0.0,1,1
117.36390185904477,94.73995702903483,38.1889386231086,2.7754785600590797,0,2
52.13930779398725,97.0057959898196,36.23618729129071,0.0,1,1
79.60209584904058,97.36023695590566,36.663254468302746,2.462835465648363,0,0
89.53532312887286,96.90550424277221,36.876967059121576,2.2824086031500954,0,0
49.159353041939255,93.60811188889659,37.930031816015855,1.6380624033843776,0,2
68.36261447009613,96.49676312595146,36.816817040389104,1.4045718196147368,0,0
56.4554812525292,95.99110566347434,36.375130991607776,0.0,1,1
44.90478777081303,91.77433421561858,37.018017254603734,0.0,1,2
106.58305130136225,94.80995300986014,38.127654149417296,0.9387261269146722,0,1
74.480483669023,98.37703839649848,36.75849987654714,1.2881047838971271,0,0
53.93208590625568,97.696898631741,36.38285090468343,0.0,1,1
67.7663931126662,98.23295591461628,36.96786447114279,0.5164125819075294,0,0
69.36105601216761,98.0096392171497,36.89496032346795,1.2359334057478732,0,0
88.73054538859664,98.8538767916248,36.95876876904877,0.22168146810164657,0,0
113.84332241239221,93.08340817349027,36.803175435670376,2.651975561018461,0,2
80.74460026981531,98.50260808454709,36.763863221561905,2.287559627614848,0,0
64.21040529897863,96.82144665964479,36.78183348440092,0.9442181613669508,0,0
73.73012520169229,99.28713914793835,36.831543070822754,2.31180734133972,0,0
71.79190537407808,97.59649446481625,36.91951642298781,2.227277847847406,0,0
50.062174790532126,94.26360630777492,36.61109784942554,0.6241057152962725,0,1
79.79516484357684,98.32638528930805,37.055469416238736,1.3651051833504209,0,0
47.909396685241724,96.23276646990576,36.45532261171271,0.0,1,2
114.87733540787357,93.06960921429395,38.806081091433576,3.1724775927009983,0,2
93.6550596515347,97.8846130611223,36.6845266179174,0.5621402204714497,0,0
51.15315257502969,97.17206664131899,36.47542548797202,0.0,1,1
95.47708387102227,89.61852770198556,36.5156316560334,0.0,1,1
74.07965744662467,96.74668447391603,36.87645808812098,0.9458264738750355,0,0
81.49868654331833,98.27913716123098,36.61681109698108,1.8438556540127269,0,0
54.67852485821904,98.34382023713805,36.18872617120165,0.0,1,1
40.0726330249849,91.56150528738043,36.615481899453286,0.0,1,2
88.77278516845156,91.31429206980758,37.08710228513676,0.0,1,1
49.614453009250234,95.72395249347151,36.28573675773176,0.0,1,2
46.876155244805396,93.23053171692676,37.471772212979694,2.041526459223041,0,2
79.29591792457119,97.58342457285853,36.58495753624356,1.7077064025901376,0,0
55.58219144719829,93.35027447637624,38.27756941499425,0.7996970764335918,0,1
84.9648504963612,97.77079422757565,36.79620109694943,1.9855048547931498,0,0
123.48741623247882,92.22986876072981,37.48669404616047,0.5193063673414501,0,2
77.40513015650255,97.76379019792441,36.93084366120575,0.7593010431355686,0,0
82.16559721473288,100.0,36.795084226244825,1.1459586855843928,0,0
53.40802720141777,94.74718148279487,36.18465865751024,0.0,1,1
115.3033345095029,95.12279039636802,36.606633157453594,3.1620387284009697,0,2
67.89580671934772,97.32838205843147,36.82596648078852,2.1458562296926806,0,0
155.1967460273898,81.96711277047834,35.469104895905936,0.13398518905311058,0,2
78.77619261819746,96.16802143147977,36.83727171654265,1.7127813307297732,0,0
114.55376997098313,86.77961878718045,36.32656855766784,0.0,1,2
62.073899319923186,99.34382883052139,37.04769881046958,0.8120093062881901,0,0
49.680462184537234,97.60565455054477,36.31739729682945,0.0,1,2
83.00039059956868,97.53260493294451,36.76345700942756,1.667260673118711,0,0
153.871993535606,84.7098799026573,38.751844977014436,1.5156632682402231,0,2
69.78369051357123,98.55410675267034,36.448720257633084,0.6977057007568834,0,0
69.78459972131209,98.0834725072556,36.77796256128157,1.3797527982738471,0,0
56.05609716606258,96.5014128254189,36.72752971214924,0.0,1,1
83.910887115132,96.45632168263674,36.77578982440825,1.7444546936575989,0,0
50.23264084130197,97.32532786289732,36.218899197514425,0.0,1,1
56.59313136622899,97.59774047150707,36.704823477295825,1.4077411444628345,0,1
55.061459937557515,93.19120909967631,36.60644205717358,0.0,1,1
99.9562903849129,96.48595147052832,36.71555866053307,1.3809663382954103,0,0
90.31627559786254,90.36135921723407,36.5760912513809,0.0,1,1
71.9902461448181,98.5657563025619,36.64725141907062,1.027568071848268,0,0
85.82014862961499,99.44157137601727,36.83112281774773,0.948462205549945,0,0
88.97401262955265,96.52168415511636,36.425590895679484,3.2258395423436266,0,2
36.20876445380935,88.94797103938342,36.71655665548474,0.0,1,2
71.45285164470089,97.40743837194869,37.03109967315938,0.2560055183198551,0,0
81.34773831512373,99.34033982925274,36.938031274371845,1.047679038940876,0,0
48.63890283764826,96.07676062519013,36.20594863508729,0.0,1,2
81.53606810086544,98.13820118647696,36.84512637492262,0.22388170063184304,0,0
69.99176317270955,97.63690616142814,36.9933079618473,1.6423847853194034,0,0
124.4089563888194,94.3827600029597,38.19349463804925,3.0840805626685923,0,2
83.83572152819127,98.62402828443082,36.58180729798676,0.761591037802184,0,0
55.071065836591245,94.44695719389605,36.433400110588636,0.0,1,1
62.600580608669,94.55461877643957,36.61230728622485,0.0,1,0
70.16233697059845,98.12744569736955,36.62745133614262,2.419218045410488,0,0
84.95562190859472,91.13522842501996,36.190815244243105,0.0,1,1
79.3147721577474,94.34954715837206,36.208243480617796,3.4966864852279116,0,2
104.3969919878312,94.8777735415699,36.58179934865246,1.1693966434217757,0,1
77.10102290966468,99.20104650799468,36.68901979618227,1.939418782201689,0,0
69.96469404335429,97.74720930578344,36.93408798156039,0.2252479116937181,0,0
108.8218648273225,92.28251583034962,37.9992188865708,0.7947151068354057,0,1
62.305274604500724,97.52645249723115,36.474220374024924,0.0,1,0
41.48447806213534,90.48063228891763,36.94001297169555,0.0,1,2
103.28265698178956,97.6522337281075,36.66038833217344,3.4756284057095588,0,2
76.63833085761925,97.5931513763906,36.54663085223781,2.210240606093635,0,0
91.37939250078821,91.360264997627,36.4290563394991,0.0,1,1
90.61157480372235,91.5550698395277,36.622847624887335,0.0,1,1
67.14895718937068,97.88666281592346,36.268648619069246,0.0,1,0
49.760953757929315,93.75622985646322,36.757230831983094,1.7778391092826502,0,2
91.66613727390325,90.96864163887776,36.64546361633732,0.0,1,1
73.81732934119894,99.60603420857012,36.727225372446505,2.4833712267266765,0,0
85.51751813554341,97.99797991337486,37.34864073404247,0.3071998337256586,0,0
84.80355779408032,95.17341027548605,36.93493518597602,1.7814310139291039,0,0
125.26892682911489,92.2565434651955,36.78888923945546,2.0506841843148393,0,2
84.73214605273347,97.52533986904349,37.037517894766175,1.825751902694372,0,0
73.5383001310401,96.73013700384783,36.592738536452416,0.39705303319905794,0,0
50.13271860295642,92.95733327623854,37.291971717624506,1.4591684418539048,0,1
56.46249954153452,96.25372082595794,36.32610850888239,0.0,1,1
122.1370532737856,93.85463013360092,36.606658055693536,2.3644579184991503,0,2
81.58320591661136,98.33052928483303,36.402326479886966,1.3816096853225752,0,0
58.88624596457794,98.55423838092733,36.90691406433464,2.2773378223729503,0,1
62.16665949548257,96.13001535395561,36.539546584137966,0.0,1,0
79.07203637134933,97.19695119865575,36.852666877830984,1.897378343904435,0,0
76.35076378201707,97.58620443470248,36.788952221096466,0.3772486096765001,0,0
66.45125515643129,98.56962428572129,36.50853661864032,1.5437693454288772,0,0
31.10943902279562,85.99468703116227,35.56742148522523,0.0,1,2
47.910360987184156,98.2765751379817,36.3723162084178,0.0,1,2
53.639460807015745,94.51992645273373,38.028805250882286,0.9353970751230882,0,1
80.60826638796665,99.75024829886019,36.519222734995594,2.2560474011618297,0,0
60.90186986262775,96.12653554567278,36.58586914872786,0.0,1,0
67.61358036079834,97.1072965997315,36.901759485052644,0.6738184935601317,0,0
61.71128108654004,98.2114751047731,36.69350681779095,1.6860427570969299,0,0
155.83389518816318,81.01356154424165,38.32686452153945,1.2476343758241208,0,2
63.01692052989682,97.06201292688479,36.45351652949469,0.6310204198680454,0,0
71.61297026784753,99.46300879982748,37.029373934597366,0.8136331865527021,0,0
87.50267204421488,96.34192910701702,36.65272240097964,4.106171047046597,0,2
73.82224333788297,96.50549749928761,36.95042131447054,0.6701343069558305,0,0
59.49900484174788,96.0370349034706,36.22552708917346,0.0,1,1
118.96808784017654,93.91099944331192,36.953756045157675,2.037029601058921,0,1
54.99850494749096,95.55318058633607,36.47953227349507,0.0,1,1
58.3840507957195,93.05708447410672,36.98206071927539,1.679981024998299,0,1
114.7753676429981,93.87053793250404,37.75891076520938,1.6379650233699004,0,1
75.41749513259634,95.95831879156194,36.95107160451276,1.45352025087173,0,0
92.08320880494576,91.4139051242354,36.502937537982476,0.0,1,1
45.64241119278276,96.1314849315933,35.93401639898485,0.0,1,2
53.05027302431518,91.87696834334189,37.07048086698077,2.899020447854927,0,2
65.50710107807276,96.45340672731867,36.25141357299763,0.0,1,0
127.1619325372003,91.54855112676044,38.082395186441865,1.4299456782808675,0,2
91.07195232749612,92.4320372285575,36.48929406529818,0.0,1,1
53.380113916575155,94.26314375960928,36.18981753202928,0.0,1,1
50.473940855419194,95.07031094374744,36.87087926824883,0.0,1,1
73.40384543728489,98.0981785069644,36.69752708840272,2.0071400272428472,0,0
76.68703619713742,96.67791290357918,36.6932864599144,1.9656669283092412,0,0
66.10563801137475,98.38477363062741,37.005829620246494,0.6273420729709619,0,0
66.03465437795084,98.27408395605639,36.820351482457305,1.7652187987255863,0,0
66.72661375008812,98.7315824859719,37.09972270775216,1.6447048286336254,0,0
71.83846002447096,99.37220928929914,36.871660557321846,1.4494053360632615,0,0
151.28495696326183,84.75034551904541,35.19435525535338,0.917627004816771,0,2
66.9115952168026,98.33320014675655,36.37312771430366,1.4392648938448747,0,0
154.68406565520692,77.67790991977883,35.747140180979336,0.9928640935598833,0,2
53.20284441432421,91.82938729643938,38.09995296734601,0.624717696814961,0,1
47.647744669731495,97.23543645587665,35.9766562907136,0.0,1,2
94.54993813657522,97.47460864499013,36.66451410424932,1.5660991244714109,0,0
74.77816806461105,99.74909807568802,36.81219510064531,0.5987241595678824,0,0
52.8793553614646,95.1618982672035,36.518314689280075,0.0,1,1
145.38412762868916,78.57823270315356,36.00989960662232,0.6866579954063046,0,2
59.82717997233382,98.1841283983675,36.76534717517913,2.2948700625769187,0,1
118.36670137487197,94.4239982316153,37.00955602601794,0.9340248784242884,0,1
62.87866135006655,98.17437809950407,36.719948435499475,1.2658652430787178,0,0
62.70160640552395,95.1091871639882,36.31404183208954,0.0,1,0
88.29669189147528,95.11222599855886,36.546224791027484,2.1868645456409768,0,0
95.09351391323663,98.78408365275395,36.86117863857828,0.19849657818966515,0,0
65.78851157332261,98.16764682153098,36.95993571784275,1.4617546761028486,0,0
70.45588288571828,98.57523466938336,36.96638384331564,0.9289642847401337,0,0
47.649109310180606,98.04303625219589,36.0623566890226,0.0,1,2
81.5996230280695,98.21221379514786,36.76420479559227,2.1008131410583593,0,0
70.77467052950558,97.89399310661287,36.532413556185084,1.569518469112191,0,0
121.98271429445116,94.45391307319137,38.60717598671546,2.2453689622046333,0,2
72.85160387402095,98.07018161821046,37.022880843280255,0.8628906408456232,0,0
85.15626303088655,97.27484934724036,36.61963108629294,1.3297004643748918,0,0
92.91183227844745,90.99351155733713,37.04854572786749,0.0,1,1
59.96571336584527,95.81567328452655,36.16737198337312,0.0,1,1
65.17602183330108,96.451364502037,36.53405373258963,0.0,1,0
52.34863723003074,97.6066170619539,35.97007779795175,0.0,1,2
115.58470650448805,93.25424956854532,38.22916769230546,2.5322469938912096,0,2
155.8146374353325,85.0001054587794,35.796671284702015,0.772282497327429,0,2
88.20822070157668,92.81316607564484,36.40440197724947,0.0,1,1
43.455381769008014,90.79529834924965,37.15508851275289,0.0,1,2
48.35240723826621,96.61414222628268,36.53427369798532,0.0,1,2
114.84039413576595,94.51101603513816,37.323214927903734,0.7610640635083019,0,1
126.03686324272704,92.54290378859258,36.76924200139477,2.1595488571931596,0,2
90.48054353128053,91.45581481251824,36.42158655397368,0.0,1,1
67.58050782384487,97.82851568070909,36.23486027860839,0.0,1,0
49.22656153982747,98.70354220979283,36.43439286729221,0.0,1,2
120.4090990856898,92.08887342047461,37.75803728100643,1.229092315429881,0,2
66.43234287707398,97.01822339557009,36.99787927302799,2.368315187039343,0,0
48.41282585258168,91.86967887428348,38.1620383021461,0.8334368760593334,0,2
53.37186987201955,97.97711909687048,36.51141523530984,0.0,1,1
79.07061619020787,97.90744942050101,36.67774182468296,0.5796929009503903,0,0
56.91871965587306,99.0231894872196,36.78935500499168,0.9660093640925701,0,1
69.57292126043409,96.20145529440046,36.22695275156429,0.0,1,0
142.85477953621015,87.71530436224992,38.759515571369704,0.7165651594078887,0,2
48.667001513390176,96.39362445459304,36.21019470819206,0.0,1,2
113.32097752774482,93.5890194129583,38.67628584828499,0.8277375435958462,0,2
58.281628603796364,97.62014689842262,36.257480466181576,0.0,1,1
69.06724370300324,97.14868930008711,36.83806403801192,1.5737239317872296,0,0
51.61573231520803,95.65015771458908,36.59943331097743,0.0,1,1
40.442041623004556,95.51410887089526,36.33306715670898,0.0,1,2
66.38333259599736,98.63973466798915,36.8155622693186,1.7882213258757331,0,0
74.25031632219853,98.1739805573222,36.83291960992938,0.5290846792338515,0,0
67.78859877338198,98.54828043609442,36.91183028673564,2.0549223058475983,0,0
79.0569594062292,97.42925518841282,37.06030669221645,0.73951221957339,0,0
54.09130720712679,97.51676057668908,36.39123048232,0.0,1,1
115.22609409209738,92.91512340708714,36.64313952321705,2.7123247797775436,0,2
88.61218130956716,99.14731607381141,36.734419027545925,0.8223595868346317,0,0
71.24155386168094,96.86714165439105,36.63026027494627,0.9514852305243177,0,0
47.17814684405213,96.43877954754049,36.51016378666272,0.0,1,2
57.113696922966135,96.9460926912608,36.24252348932405,0.0,1,1
96.51790755658158,98.32334191240813,36.49634492566203,3.726132413406929,0,2
67.32745391624907,97.10266104911143,36.947395226693644,1.9413417332807004,0,0
66.74297428964843,97.09298172219349,36.61270360941525,1.071567742818843,0,0
83.60163692696338,98.81157806764602,36.959745230425376,0.34219826648534335,0,0
60.44981474881061,98.20430934423315,36.98000816300296,0.34946506161731394,0,0
126.22725670896106,92.45125078205108,38.650561433103995,3.004911021946408,0,2
83.34463016891549,98.39448379995973,36.76591705995495,0.6213305323086238,0,0
112.90943748791268,93.28359961177524,37.7797812944116,1.858084318747214,0,1
72.33629200024218,97.31588863230152,36.538098761153336,1.7825319142567144,0,0
61.808418541481856,97.639318450203,37.02911540484739,2.331351951290628,0,0
72.54058407103369,99.26242058395566,37.01516315253071,2.1219663975578387,0,0
49.30960382834229,91.47752564112639,36.26398181340076,0.0,1,2
63.934105958275524,95.85169404835356,36.40415323157579,0.0,1,0
56.03056843400648,90.85015629297634,37.801439735576665,2.8041135030172644,0,2
100.01334910232252,99.50033244393606,36.64244914197224,2.416114765801315,0,1
60.81458107616052,96.14869599095503,36.43777971983023,0.0,1,0
55.49836754446353,96.90180520974064,36.50407081348895,0.0,1,1
115.33961656850904,92.22219946204912,38.49287959628839,2.109093713181754,0,1
77.5250243894564,97.03623048339978,36.836463268945586,0.11287837892156763,0,0
81.48407301917103,98.34645037951866,37.01617104997201,0.4021956413506663,0,0
38.58552255891816,82.78582229132408,38.62483903242208,1.294008009980283,0,2
64.39761078214873,97.71032186377386,36.68658207752209,0.17007149323838328,0,0
110.7055328185692,94.22158991975877,38.359904459972746,1.3424938469330019,0,1
74.57230477876716,98.55667261913705,37.13276414660433,2.027909137156871,0,0
145.31868845553564,81.55515187593609,39.036048176211104,1.2936047947188323,0,2
69.48866128921031,98.4188755164949,36.8557184669674,2.2839999996558062,0,0
70.51237659600586,98.73991952746356,37.26639673921383,0.20259566582293412,0,0
80.49712211102269,97.61703746093232,36.68301911194342,1.311651397316913,0,0
68.59373411306838,96.1620262679283,36.624029311341125,0.4532433678380404,0,0
123.54872289430554,95.67947171602428,36.98181927701966,1.2395378769761243,0,2
63.63587305886525,97.11782201733911,36.02983115203575,0.0,1,0
79.0734622342281,97.59397799889288,36.7097573113436,0.28304555640762985,0,0
54.78821128153224,95.62745886748414,36.317970212804305,0.0,1,1
63.36133422974544,94.84827789944974,36.984250577761,0.0,1,0
78.41620102021827,95.76660579959501,36.98218469125217,2.318012917156788,0,0
119.01585681516188,94.48783344113724,37.59181309110532,2.3429415784195933,0,1
80.43121011163132,97.97548828719958,36.40794327343035,0.8996094408658678,0,0
58.45058401121469,96.53409472786623,36.73690568802066,0.0,1,1
37.408963439119475,90.4025420019344,37.02695259757519,0.0,1,2
41.95560166184157,96.45250449167844,36.235104226897946,0.0,1,2
78.57770666902188,98.33140154824176,36.30061854290643,2.0780654049318943,0,0
74.80957160155006,98.01226471200502,37.1411926811539,1.8419321241167694,0,0
155.57386335207917,82.14007842373952,39.024942902920756,0.9428192017095329,0,2
77.21911593723792,97.76756020792664,37.06351323146575,0.700964823401116,0,0
68.32078088864559,98.22874109505749,36.49479324938523,0.6426606068714409,0,0
112.66440050951351,92.92248161965205,38.33140290504349,2.1169589127151722,0,1
55.71527990654141,96.26441413707695,36.46189524411705,0.0,1,1
62.102401409425596,98.34459405359236,36.79983825344491,0.22413333601876495,0,0
76.06753760700899,100.0,37.117454504333686,2.461946241267267,0,0
67.12657255098794,98.44559598308385,36.84580501649937,2.1757119438474484,0,0
49.70417827325881,98.98120700832632,36.02181739077431,0.0,1,2
57.56772953247786,95.73747045239287,35.8082418289703,0.0,1,2
82.21411575398693,97.37718499244367,36.49625303272196,1.5938684824089475,0,0
77.12046036010958,99.45978709142337,36.51843255674068,1.8679402878642224,0,0
75.79722198407289,96.90209899200715,36.84326896026758,1.6158015748383814,0,0
66.02297145499082,95.66330950217744,36.19567061782484,0.0,1,0
116.58293996252574,93.5474921621443,38.343477134914394,1.4619909928938917,0,1
109.38541264577407,93.55327615282056,37.00345775364871,0.8096355281534235,0,1
63.804974982857715,96.4910672498526,36.97259749106313,2.212749272199561,0,0
73.77359992861184,98.78507955197308,36.81542835126304,0.9140644065408935,0,0
52.167121996165314,97.89724556410033,36.662726292233685,0.0,1,1
75.69726329866133,99.37241808826484,36.44111748065404,1.1100010864013943,0,0
53.5109613527955,94.86213590315812,37.57917529320233,2.746461195979291,0,2
74.98002851687305,99.33578783356131,36.72300866269868,1.0155649467479697,0,0
64.21163401697522,98.4762949640743,36.649783854913906,0.3072439871693452,0,0
40.34363710238298,90.97614017059982,36.69971562841443,0.0,1,2
66.00164286927297,98.74095837319167,36.80715032265669,0.36855705012056483,0,0
33.20487413508003,85.72453686120517,36.31485555989496,0.0,1,2
96.38146091479733,91.44212764227838,36.29796319565119,0.0,1,1
75.75524572468822,97.94994811758475,36.791991370543016,1.9485451070188065,0,0
71.12882808882112,99.68217956863889,36.85416018136718,2.38474341040317,0,0
76.25422791274596,96.57207235356172,36.44813882705652,0.8127076070467676,0,0
45.352826958843224,97.29004593516208,36.12567093988286,0.0,1,2
66.39485714083311,98.92441746814666,36.57048726422449,0.9390101475801157,0,0
46.818827401481144,95.66871686902817,38.35641980258597,2.425618206574702,0,2
71.91152886000965,97.33705279964116,36.91266532386506,1.9311407808600625,0,0
56.25155778435303,94.4810752768261,36.04456363738554,0.0,1,1
66.09294556467555,97.1634444677531,36.48042281837822,0.1338995899452012,0,0
88.02849921992666,97.89781586326686,36.44429773731935,0.9501748184031729,0,0
74.06955761888486,97.6344694196616,36.774148229987816,0.1354392918291901,0,0
78.47864163484826,98.17340265011407,36.5005985786543,0.4617890910627709,0,0
124.47285116394926,85.94912016202646,36.40286595348686,0.0,1,2
75.34931538846602,97.35098646132401,36.73917010372113,0.5995007207545254,0,0
59.470004441587676,95.02259918953762,36.620318565110765,0.0,1,1
73.85298481949627,98.75859314034534,37.21558632832097,2.225365058058458,0,0
77.45504804191242,97.40993875019005,36.72584296171102,0.945532499330232,0,0
87.96882113071841,98.03699176073147,36.7694405091955,0.8083349112668139,0,0
75.46443193893441,97.61298825748133,36.585551205866835,0.10355989703740064,0,0
83.02928096506331,97.70821571037192,36.77318507783054,0.8996560016783142,0,0
67.82697928863547,98.66376638536443,37.006563199351056,2.255309170464966,0,0
89.44049219841801,98.23405337692145,36.732156281337375,2.0731154953256636,0,0
77.60690843648732,97.62579185365811,36.747584284624836,1.99306821940839,0,0
85.36952336617993,97.9821361940002,36.72642383668347,0.4616527357685898,0,0
39.81756165948879,90.90637988177822,36.47758014082086,0.0,1,2
119.96095600364322,94.25531449803738,37.86923697468252,1.3215483935049752,0,1
38.337999094910586,86.67552806308072,35.92139104199177,0.390423464819465,0,2
155.49896850919114,77.43039902636592,35.86066024628411,1.9881190020846933,0,2
47.206225812405386,93.0815773630235,36.518463984956696,0.0,1,2
35.07080371925596,91.19205290969289,36.412890821816326,0.0,1,2
47.227961467526605,92.8708645375062,36.95868764245178,2.619194301691149,0,2
49.66578587997848,97.31141822069286,36.843120475810025,0.0,1,2
77.69136982832033,97.79514038721608,36.65072039804717,1.7173540335367234,0,0
54.77296719854039,98.08396359840125,36.99305280011721,2.220995106830783,0,1
59.58839212606452,96.5245702043942,36.406874688433206,0.0,1,1
37.54682540636904,96.38446146858564,36.38197848813574,0.0,1,2
83.50051211006583,96.91849003532548,37.02048652832344,0.5703065986630952,0,0
49.23306978842429,95.90451918879702,36.694659486510396,0.0,1,2
72.8152273281076,96.81668294691313,36.74083825213066,0.3674243527900921,0,0
40.9359221776608,91.27364945254101,36.25473455377844,0.0,1,2
91.07683774931645,96.2846707786055,36.77877841037964,1.9361226316874665,0,0
78.23604471369042,96.3406046700288,36.72998066666419,1.2819228061032981,0,0
66.14168753965494,98.11315144541638,37.08281515908843,0.19126506874553656,0,0
78.20599492480314,97.52005958118487,36.747008131293796,2.432931919530302,0,0
69.85578288648414,98.94740194790855,36.757038002384725,1.0811643313057984,0,0
76.11451057056172,95.25449174260335,36.877895664377064,1.990978392986672,0,0
66.99915081441225,98.28560653046773,36.72804994475996,1.25704871998351,0,0
83.58507666653897,98.52814597803612,36.641116199303966,0.34692050969967814,0,0
75.56335614692334,97.84980974636464,36.86726403407956,2.060244439705536,0,0
67.28582934576231,98.54420672458231,36.83449398643773,1.6067683378628128,0,0
82.74151735576746,98.00157259371218,36.56389272201828,0.6972726128819369,0,0
48.25621540826209,97.45084498895281,36.16803299636227,0.0,1,2
64.29199505916833,95.67143102937054,36.46250774137791,0.0,1,0
52.586125952895785,95.7885275986454,36.4442906514588,0.0,1,1
48.415656686095275,96.36640018248339,36.42954144829847,1.114732977564728,0,2
46.3226045805748,95.22686840619397,36.16986896692099,0.0,1,2
87.45459064388433,99.76325170532635,36.86023813202107,0.225255751300023,0,0
79.41666619828031,95.96969573080607,36.583481247235234,2.3989501746985926,0,0
74.14406261079002,97.70508593173967,36.808814584832994,1.9071687990503339,0,0
55.63613826319938,95.16529488327063,36.47662766328919,0.0,1,1
85.28294257373713,96.2252726416274,37.11887423763289,0.9157178205835859,0,0
86.30122301919356,97.08756959556574,36.88604675953968,1.629697380224672,0,0
72.53655621267608,99.05480706774446,37.03436440689225,1.962363879186273,0,0
53.86699654747664,97.77003425629563,36.706195996127306,0.0,1,1
86.61611837781058,98.17929595830265,36.498049631012876,1.6889979390965826,0,0
93.35038518407846,98.8318146861833,36.75879552658132,1.6439070346403728,0,0
82.5112271536543,97.7006932803325,36.66400192622874,3.339562773850682,0,2
80.32665539489297,99.0517217228821,36.65149409894609,0.36291576880447596,0,0
71.78662010839213,97.80483574931526,36.8011852589397,2.3993338457104723,0,0
119.99794402458082,90.90204196706203,37.14085944346391,2.3872367630306455,0,1
58.70567113583779,97.21809172452575,36.317697764123544,0.0,1,1
83.15786886495718,97.36221735239482,36.692168180300875,0.7630114520129632,0,0
47.52953966084888,93.89827283678747,36.78622555547432,2.421117570638603,0,2
48.54632891600713,95.23589239562381,37.818752820498155,1.1335123784623842,0,2
68.17326454157168,98.72217926029904,36.69649908185311,2.4476285469755727,0,0
40.22967760449612,75.61733127448437,39.402825034331904,1.2312576189707927,0,2
79.71047610301198,99.16486038583945,36.91390580800311,0.5507875812470808,0,0
51.88742491001723,93.24355197042131,38.532417831421824,2.906685602329334,0,2
113.43722212624456,86.58108332384454,36.64674615207362,0.0,1,2
81.93418377144462,97.55155725409416,36.734778561494274,0.35020579572023114,0,0
91.42073114608561,98.72915772390225,36.825676220039455,0.32994963434954916,0,0
47.19520442083181,97.67540088103136,36.300573490495964,0.0,1,2
72.73195302490124,98.65664347461383,36.83548364787244,1.3715612534610053,0,0
58.42483106741797,95.47536287869684,36.104547427221675,0.0,1,1
80.95324897933733,98.23626730156943,36.53099042557376,1.7052392910529626,0,0
77.79774995644738,97.98404657871869,36.79848335075554,0.19533331477825933,0,0
54.84074868272943,97.66139457280525,36.32214483496307,0.0,1,1
65.68961188743133,99.19849643280332,37.04343684657231,0.8229793167450468,0,0
95.96998824011895,96.48404484429223,36.8085305751861,3.817890717238061,0,2
67.72205824582362,96.24871631780711,36.37527332830741,0.0,1,0
72.46120723958924,98.65482532977107,36.709190798479,0.5789902088309865,0,0
118.1762501322627,93.17124369103438,36.743537075099695,2.0281398300326705,0,1
87.78215543105532,96.54079270266763,36.9316367681557,2.2812048935659934,0,0
94.37234016464754,92.91436404843093,36.439378889053145,0.0,1,1
55.243058485988804,94.68506732270218,36.44280999365714,0.0,1,1
74.99850023875813,97.31772520224277,37.039953955540696,1.9329667397458314,0,0
70.66869031470866,98.34845449522487,36.597070842661125,1.3669553939441226,0,0
92.90354462731433,90.98862192226697,36.40394846307398,0.0,1,1
113.98064357441422,92.48461755796842,36.90445700887173,2.2140853052857277,0,1
68.481318617376,99.13850292747946,36.84328123696256,0.9995840794652353,0,0
52.4903969508453,96.73531632827448,36.382030037915925,0.0,1,1
57.97137882066104,96.03277849693959,36.52577043295426,0.0,1,1
60.38848415546862,96.17634762677035,37.22397611498189,0.0,1,0
80.42544475069003,97.1713538741349,36.82102919449306,1.4460643003527838,0,0
86.7162480342614,98.6306406226212,36.98813184673965,1.2142254722189019,0,0
76.37470877170144,98.36903583040836,36.8957306587955,1.6560675207953508,0,0
80.7572977969463,96.06835362784014,36.87294776294092,0.19574717373288691,0,0
86.3985795547049,99.48291152339505,36.92568508496001,2.179489240046627,0,0
126.27549540554789,83.56201736568278,36.750846973403306,0.0,1,2
37.82141783467275,81.6093460972507,36.019051616731495,1.651343099028176,0,2
94.18988698738313,92.71696086177943,37.250355905177,0.0,1,1
113.03594743864086,90.19537369745518,36.29329138675781,0.8143151274734639,0,1
73.62228098771843,98.40666272362687,37.0214158921446,1.0957816866677657,0,0
110.84751261329212,93.18660272019486,37.120220639015194,1.3839502269884036,0,1
70.05637711501915,98.79255689191383,36.41136896084676,0.7236853284623468,0,0
78.67156778580731,97.00310485597856,36.64024302886272,2.000085427871896,0,0
61.44977156378695,96.06762986188154,36.192645627671524,0.0,1,0
45.64975700632375,96.90393244021558,35.86533979619166,0.0,1,2
72.19531254028877,97.34535581950973,36.661241035792955,0.5683076347933873,0,0
35.9500820138256,84.59405082633414,35.803582872397996,1.3013385446170402,0,2
52.17028400963623,96.18655763118325,36.35357667873237,0.0,1,1
157.223491706259,89.44288345634445,35.20421913289876,0.7674553246227155,0,2
78.04764848660194,96.39805017377643,36.99643447255951,2.2500285372393454,0,0
76.94165235213842,97.79849682509153,36.79309630101752,0.14749637832029636,0,0
46.86028880770978,98.22862243957125,36.451091263112524,0.0,1,2
80.95819397388648,97.39286850087895,36.77784378965292,1.8716313363806942,0,0
121.49508511484012,90.16133568877885,36.99003528453111,2.9401986219889893,0,2
62.67253676120929,96.5152237968359,36.386957962099146,0.0,1,0
75.02256057214854,97.07242778454379,37.06455504968502,2.243319100571113,0,0
120.86401540194939,94.76979332279468,38.48201265857566,0.9970854065183099,0,2
79.77174064727474,97.30361147278519,36.70910103834519,0.6226921708521136,0,0
50.93043909389777,94.7327340037923,36.16240957942894,0.0,1,1
89.05226981874466,97.51127231218521,37.34209848885661,1.4938521806052423,0,0
59.636748345405906,96.69021938922437,36.250585610485004,0.0,1,1
116.59020429424397,93.73980124894017,37.0607010282493,0.6366269732547059,0,1
68.15164021640827,97.68823681373746,36.84331571151117,0.21992989375723973,0,0
47.42527205283922,94.67551274931931,36.85796887138048,0.0,1,2
85.93847968783965,98.0320346785039,36.80071025465407,2.397155099282932,0,0
120.08588345352686,92.62816570862817,37.894512714216646,2.826776662353842,0,2
80.88227268714438,99.56570714850656,36.683904363910756,2.1725548776237824,0,0
68.53677093226723,97.9780528280658,37.17446490492527,1.1824377911593105,0,0
112.9584977172411,91.35554134892598,36.87919001051378,1.1017147368183684,0,1
73.86434954292916,96.61170864930467,36.78565208848809,1.0689584790936855,0,0
79.68373203584942,100.0,36.86584742777317,1.1036452527027827,0,0
56.355425472237165,96.62079924628908,36.25313929957478,0.0,1,1
93.54651965510381,99.3287454939394,36.910913469662525,1.8506987263550665,0,0
59.454480731524384,97.13881664239335,36.35021491381822,0.0,1,1
112.08581977770598,93.02767826529846,37.18821926248451,3.0277212967391764,0,2
66.51291540965187,95.82884698082634,36.75732390479725,1.959634770847906,0,0
49.35871708923019,91.25032378586099,37.904563578482495,2.7795032600408396,0,2
60.92596261631566,97.70596367295002,36.91509240691179,1.3904906895487914,0,0
130.9134540071667,95.29344151987942,38.08680930263856,2.9970124206269646,0,2
55.20468792206417,96.49389092290218,36.4257326621197,0.0,1,1
48.66378889441117,97.4106234498455,36.37307983272647,0.0,1,2
95.24023458929673,90.81152184334755,36.47912485567031,0.0,1,1
75.0769240875772,96.79143129339157,36.719988869518126,2.34317934892982,0,0
55.734021187343714,97.27937638153486,36.01995747436007,0.0,1,1
82.93330046066801,96.88944443219447,37.02231007968405,1.4219174254237184,0,0
55.773635381037714,92.07768205907277,37.10895517709776,2.8379519771370165,0,2
42.50438878327039,91.99381996681451,36.55371650817102,0.0,1,2
81.10006596676745,96.5739815902556,36.67012891549498,0.7524044793326898,0,0
52.3626930631341,97.34160326442034,36.62046972108687,1.8117741605309163,0,1
116.3217723716335,92.3712204457797,36.12488823137146,3.176816664521179,0,2
94.46826599232362,98.33773789438898,37.02466983687889,0.6301976477533859,0,0
51.81854851151845,98.90017479932801,36.32052987733232,0.0,1,1
51.808986939041255,95.22758790872278,37.77367902224433,1.8602897663762443,0,1
52.55955727668742,99.01831853796728,35.92697842819184,0.0,1,2
75.88398813756616,97.38345956286297,36.45226731020844,0.8658216503017662,0,0
62.745943212361915,97.53991112958231,37.042312750776965,0.3415333406127524,0,0
75.61672329044629,97.12651423287011,36.9762498205389,1.7037747828445586,0,0
80.93248293863115,98.1278244168926,36.513019541027944,1.4052276829294474,0,0
71.45535662102186,98.57840778824865,36.73253195973572,1.3769381445861113,0,0
49.61565203901293,95.48916949964723,36.561212141914574,0.0,1,2
115.4205955038844,84.29961387335926,36.09970664773043,0.0,1,2
93.49689771385611,93.324870136805,36.988654196068865,0.0,1,1
60.762520952481005,98.63335299563674,36.540129716237516,0.0,1,0
63.5742963191277,97.42390520028448,36.555607856664146,0.0,1,0
74.13392122950742,98.10967315807363,36.824518155663995,2.298598587838864,0,0
66.75192876442851,94.07914713820526,36.53500073723101,0.0,1,1
76.35174236800597,97.45630024034404,37.00051146117923,1.2779764892992065,0,0
76.2523890900298,98.46137348411274,36.7582629158103,1.2088797109954104,0,0
36.45056255654972,85.44266302123744,38.930168388529054,1.3978595941953438,0,2
72.5052672108809,97.11500087566769,36.77990157611121,1.6584197043072322,0,0
70.17584875591541,94.7373512863153,36.65649332880012,1.3802091781680172,0,0
41.86530598161279,97.1574210139339,36.56402248170688,0.0,1,2
62.9390556381194,96.52490557483986,37.00807457355463,1.6024140880633935,0,0
63.757639539099515,97.01778645268645,36.7036899706171,1.667271816516546,0,0
111.61045859081241,91.29467733918898,37.72499848471157,1.152508661165648,0,1
81.6623375022309,98.03778380833903,36.62881030569029,1.90382663033931,0,0
80.08218370539275,97.01275823640174,36.82181635746063,0.2135801367223568,0,0
73.48052499953911,97.15652992004453,37.03417331798678,0.8984322524312718,0,0
70.39685942554556,97.11275139152905,36.926962538968766,2.0317537413711224,0,0
45.80305962034135,91.92777302323793,37.04526707303263,0.8144269979308798,0,2
49.70998073421637,97.51720807143441,36.07795504295333,0.0,1,2
53.108106761441704,95.92378913195195,36.25932845272277,0.0,1,1
72.23837912622295,97.92800876208419,36.87363098808161,2.106404875595459,0,0
147.03141764229494,84.31025038446118,35.858904066449114,1.792208770079869,0,2
118.94017577830597,94.57158706098859,36.777256342782756,1.4893632246137445,0,1
53.407938488415645,96.59113656327358,36.19429054452846,0.0,1,1
110.01068075119517,94.50690513004898,37.95983703422889,0.8341441091605333,0,1
150.20113309645535,84.7374171543105,35.38147217303827,1.417980112133416,0,2
44.68305386654205,94.46771408834181,36.729380560493304,0.0,1,2
72.36481684728304,99.25574530183303,37.0271930500432,1.1922611655673683,0,0
68.07371923416059,98.13545946385524,36.80833437078836,0.7536573710039968,0,0
71.78309604120497,96.88327909893117,36.58872461325508,1.853450028255761,0,0
50.54230882426278,96.03514998901942,36.33654455087228,0.0,1,1
26.49455842461153,85.97649148655965,35.51499616357946,0.0,1,2
55.57284262563507,95.64171153145524,36.449607841262605,0.0,1,1
152.70059895107948,81.78494958554901,39.15186914843286,1.3382612314057363,0,2
76.69718406337934,98.58848223614277,36.56440323533028,1.0451265860620031,0,0
39.03140949752348,90.84053220428963,36.28991253031103,0.0,1,2
91.59964530603497,90.29307900934722,36.690583054128034,0.0,1,1
59.94877895148942,98.5706537165675,36.815753052616095,0.8841743925858638,0,1
53.94294171753031,96.56748771429375,36.15898533988235,0.0,1,1
85.29884295021215,97.9209047038001,36.834008855517475,0.3337598652598629,0,0
88.5456424384985,97.36108481072952,36.67843405955696,1.7981980313684596,0,0
84.53832680819087,97.07155882165814,36.8144412949809,1.7264479816410159,0,0
81.60701894755846,98.65138610031609,36.9200232846656,1.1988563386963849,0,0
92.35214779864062,90.93966072456588,36.96561308134269,0.0,1,1
52.43771809308466,92.56258483570299,36.51841199686922,2.30240252858369,0,1
82.30684298259366,99.47079879957685,37.178054901753825,1.54808302927882,0,0
59.645580855112435,96.08274225549441,36.52545770519696,0.0,1,1
58.04579122259325,95.27558876026973,36.25065646537507,0.0,1,1
148.1628042858927,82.81894253199368,39.35582903780469,1.6675779954420882,0,2
117.54473755234233,92.63281280906394,38.049557783653064,2.5516606870737135,0,2
75.50622282569861,98.35904944634186,37.22059393531874,0.3798477689093943,0,0
52.94026845099531,94.76573006410142,37.78921511133644,0.5543189184788908,0,1
122.13216144204556,83.46600534207906,35.59354397823723,0.0,1,2
60.680239357152324,97.32031180017243,36.89482369697055,0.0,1,0
54.11615371009481,94.1055193307604,38.40902955329129,0.8593903172742746,0,1
74.42841898923118,98.86593834216532,36.94667801648049,0.7128512915438779,0,0
115.60988079681809,93.5711253384019,36.72253717907095,0.7562885429576034,0,1
62.82592012492768,96.07064502987235,36.49685318396596,0.0,1,0
80.03343331011496,99.50604330925378,36.809799593573075,0.4662106070690939,0,0
81.89751620299006,98.26417421692746,36.7347791041042,1.3999694780451166,0,0
49.769522443144,93.68363960490964,36.853977205559275,2.1806584782690717,0,2
30.771841555529264,87.13765617360988,39.03261749919144,0.39310799203775326,0,2
74.9679485834577,98.3504734465911,36.67824873079665,1.449754737372765,0,0
78.70081681027894,98.23532914965513,36.89003419972969,1.5907179105431626,0,0
57.537162202929075,97.62625278960734,36.54326308485557,0.0,1,1
48.803207125029076,95.07079271314677,36.49849157196876,0.0,1,2
57.98968041961045,96.24784268272519,36.74373741095882,0.0,1,1
108.92475899158055,93.96252434596738,37.878934951843426,2.777277240692165,0,2
61.34811516609161,97.87021065008277,36.944364998434644,0.3207113983401113,0,0
74.50681751719009,98.97968449365085,36.94333481116157,1.408186781622229,0,0
71.05923359637295,97.21812017623024,36.764512998047344,1.613892482919302,0,0
54.418133156396934,96.5655919653617,36.191767446151204,0.0,1,1
73.78092235312305,99.10511386770315,36.87673544972787,1.1871286027401293,0,0
83.42215525882257,96.9001644612941,36.68204883011836,0.4972185064615988,0,0
53.86336183463794,95.64725097233101,36.373799377714406,0.0,1,1
92.61928552360453,89.347336602954,36.703295985257725,0.0,1,1
76.10826848549678,96.60088386501556,37.061043776093605,1.3043349090703718,0,0
72.133080967694,97.15957595322516,36.7655614768783,1.7568422127565064,0,0
73.33853823072621,98.22630396366075,36.752785492432324,2.198910675467959,0,0
78.06775896646734,98.60502556674443,37.00033966128083,1.0721338349139755,0,0
117.22028108191007,93.82825028922674,38.309457790081936,1.290319706238024,0,1
70.1995914634443,95.36598234982682,36.706969614353106,2.9589525445854017,0,2
89.34917634555659,92.87244027357434,36.7113144017608,0.0,1,1
82.75487246168464,99.09551607076115,36.782185512909116,1.8607728463972522,0,0
91.93744504873293,95.02463421408852,36.89847019226427,3.2883744956234287,0,2
38.77973964140753,83.04174781655546,35.82982064091923,1.6886550124603144,0,2
74.51944860420858,97.70346524007363,36.91168275250783,1.6555864401609823,0,0
90.98969710544606,93.78002622323895,36.35336019350354,0.0,1,1
86.291120617304,98.2842223141794,36.36373473963601,0.6669207114969564,0,0
89.09886234826764,97.51734079426444,36.790293820759786,1.4355926039761566,0,0
74.23789818895546,97.87624735180523,36.63757013567395,1.630743962765871,0,0
47.45393602479223,95.67588272472797,36.5174599805879,0.0,1,2
72.28008787468683,95.99902968723075,36.627207420021385,0.5268060593307485,0,0
50.522987368609236,97.48177530275025,36.69179846653231,0.0,1,1
66.07368977084604,99.9251901311895,36.886036021521214,1.3460711116310957,0,0
85.48416508437373,97.15076565268711,36.975947698923726,0.9992250716670675,0,0
55.214473173980664,92.02130588103279,37.134693521520596,2.1451156053407514,0,1
95.84053010631695,92.1447865426334,36.590151659952774,0.0,1,1
49.60057698948731,98.5977007093658,36.29408843714167,0.0,1,2
80.98182312605077,98.37673748223291,37.01452870848422,1.1748728889534217,0,0
80.94008394212315,96.80240738820322,36.65986563036536,1.3609684602923888,0,0
77.27946156343972,99.77533623861888,36.980757828370535,0.23750564870769483,0,0
71.9397885480954,98.2943594804974,36.43460397591427,1.9309188170647513,0,0
138.07462510723482,80.20236404533321,35.19320397237347,1.6936164596206658,0,2
95.62371023841513,90.33744640340132,36.47790000519407,0.0,1,1
46.778573930029395,94.17550352017234,36.30073245173396,0.0,1,2
81.0362633514819,97.111659508672,36.97187867943051,0.7411350322652699,0,0
78.42455100797957,98.1293142785518,36.65835732425938,2.0421789409179554,0,0
33.070993979088655,84.47426550887472,35.41381449922223,0.0,1,2
34.64772098168127,85.17172611444032,36.33035200220142,0.0,1,2
106.09186350411113,94.78864812722986,36.48016329272406,3.6502850740372934,0,2
69.94576147602626,96.75306240881899,37.00747242349668,0.41660259381184506,0,0
73.85809645340143,97.59352704590948,36.88023761812227,0.7152064359127709,0,0
64.65169958301513,97.41974169715645,36.61816097164403,1.0107502008119456,0,0
124.1236998844378,91.90963794520641,36.75410135594279,3.142241947218026,0,2
71.8647994557076,96.67111599279387,36.7511099277031,2.113768417276371,0,0
74.84365612241014,96.86421799450414,36.8677485316874,0.4060803677751632,0,0
75.64341787161436,98.44018782249032,36.610412942096445,1.0400485049630293,0,0
82.09772754816143,95.89181672545526,36.34833865558759,1.390059502403164,0,0
71.56186324526861,97.77819654088864,37.080206125610225,2.267505439567887,0,0
53.39083271950553,95.45128334722843,36.29830641228157,0.0,1,1
47.77628484854931,96.73407547937096,36.66443501296995,0.0,1,2
72.77560168916438,98.11375879193979,36.789172924689815,0.4274397508589678,0,0
121.94556553981812,94.05053000073988,36.84652927135481,2.9106110072024216,0,2
50.09119608251895,97.41873451032248,36.280132129457684,0.0,1,1
84.02589008916038,97.90090011225588,36.82583336658023,2.386026892334014,0,0
83.99627562921069,97.78242832039095,36.92068825598182,1.6713350456901166,0,0
117.24186286342189,93.03405007447958,36.71240887289055,2.434329772476316,0,1
81.131506854962,98.27529615313924,36.4914188167139,1.5725790019989137,0,0
56.46647021965753,92.99653658383252,37.833774321658,1.973664486837633,0,1
47.74009444426679,95.83128253006217,36.300363986568534,0.0,1,2
85.03378932947217,98.82203605565624,36.487948774098236,1.3970449446129118,0,0
69.21352759815657,98.0723350667618,37.16040898165699,1.4177505323983837,0,0
54.06991665541819,97.64704690930884,35.8116917931783,0.0,1,2
50.91979224404273,95.2746370874583,37.32506780142534,2.1860490574516853,0,1
111.85981113036058,93.59817397752,36.75052236359196,1.6154378059351078,0,1
77.2101551956647,98.22579276512712,36.8438874524607,1.6248892213037405,0,0
62.89529784258414,97.54572159165441,36.711106614175144,0.21424640382790203,0,0
73.98953255070204,97.54735162912405,36.44650073505472,1.453119204589618,0,0
89.83438136047307,97.87876633878818,36.99244658867573,1.1839615960693635,0,0
145.56035275427095,84.78477089058997,35.36571993477977,0.25083624539440263,0,2
73.1345391596954,99.48948737047138,36.82479168123091,1.5674996135142403,0,0
87.51234387663382,98.86081637372233,36.64803790289837,1.0199215834224629,0,0
67.12742963089106,98.17091755925273,36.6862949406414,0.9304582498320737,0,0
69.62824848183074,98.4170284968695,36.95910317285536,1.9541123740290158,0,0
123.1575808030278,91.40102947370676,38.1992885712567,1.905740269489285,0,2
87.43748092317998,98.35599496437688,36.876014828099926,1.871488021888735,0,0
118.42481219204677,78.77151622254365,36.29304803666062,0.0,1,2
122.30091551446506,94.11111505688571,36.87065459069765,2.1289132065937326,0,2
64.14388510744728,96.6996207165717,36.522142926728264,1.8238195572163043,0,0
42.547176977864,95.92915152592153,36.49358404417813,0.0,1,2
79.63936650651115,96.59483729695896,36.83710581777611,1.9487873988358433,0,0
71.10835707711205,97.8367098067591,36.32178295599301,1.746556703777918,0,0
55.01083429275469,98.06233274280405,36.549538857214515,0.0,1,1
51.650649523073426,96.95279825062579,36.29544916842378,0.0,1,1
90.81592403721545,96.60360318670304,36.6470950506369,0.27051365933763805,0,0
116.59043830439369,94.20159596364962,38.3053655041162,1.7755016386729665,0,1
76.44518354441227,96.98231392068857,36.520414690835466,0.12879435392363653,0,0
55.23218690927123,95.41445689952005,36.317298751761165,0.0,1,1
79.37819911193881,98.49824429436553,36.69330214791381,1.5092496723868751,0,0
69.14874940287224,96.57449793851416,36.995641562766465,0.5359765740109064,0,0
40.77365040935446,89.90335187910345,36.397197745008455,0.0,1,2
80.10725816338142,96.41845262838177,36.05010771430845,3.2703887446705475,0,2
58.044602378665125,97.20838430201042,36.59022870429021,0.0,1,1
64.13767949724928,98.54717910723544,37.00901521135177,0.3171207546879085,0,0
118.28435539604112,92.08418920419662,37.77692632571294,2.7645236981685772,0,2
69.53936177746412,96.53655105984292,36.60975268844776,0.9545460753277263,0,0
63.68496513337171,95.86740994698513,36.06109099706744,0.0,1,0
86.96238615491391,98.11638199897925,37.17071957883671,2.184016387425728,0,0
36.05865709865828,83.305449065847,35.287659556572955,1.0311330990815857,0,2
66.8062548041767,96.95712599287683,36.47246586558492,0.7874976346151459,0,0
51.702680719377184,98.1712505024993,36.25120345126919,0.0,1,1
63.67364212468296,97.03083140898599,36.163343311860764,0.0,1,0
85.80433543631725,98.54864913601256,37.19551179431388,0.6124670353726193,0,0
82.96055311319208,95.44380482618395,36.5411146866738,1.0847578104911069,0,0
61.56570339494878,95.2200062800534,36.284391336422196,0.0,1,0
76.45490871084164,98.95512908550994,36.846780457350825,0.2055467469014956,0,0
79.1285839242835,97.59119617675047,36.837882181200946,1.3177159998383847,0,0
70.07276054864195,97.80336982551631,36.680813427529586,1.8643124535737428,0,0
57.72968917452625,98.7518601879678,36.745232456613714,0.0,1,1
66.44926018734968,99.94771136362738,36.42478804991657,1.2008692966373364,0,0
82.48111259415045,99.05030329591582,36.961737037077455,2.4844015776515143,0,0
78.30282259754576,98.98397252708729,36.67116346797006,0.4410377506787987,0,0
78.87364200741922,97.81820922547624,37.317283658030625,0.8673799156442185,0,0
47.56644460394341,92.38981590497136,38.033690819542564,1.9508495641392498,0,2
70.21635360419423,97.56978373198648,36.551716283528116,0.9019058492259385,0,0
80.06307921170027,99.11585551196094,36.8296573099258,0.1456876520555479,0,0
82.04443083684545,96.84473334563361,36.85538455830226,1.3598741204101472,0,0
79.44969729593645,97.37915407027316,36.85440694099273,0.9344556522145426,0,0
46.64137098164649,95.11947293841489,36.243598951205435,0.0,1,2
95.05192976107791,90.02379717595416,36.59325260182438,0.0,1,1
51.615324767278054,97.53193523354406,36.520794634358744,0.0,1,1
154.22413320805742,80.18505590982143,38.85172634359538,1.4415030576552268,0,2
147.79008887160464,78.85476907607362,39.23375934425781,1.6398794273057418,0,2
111.97008019344214,94.78885398788394,38.023569730437345,2.722352696463121,0,2
58.725693083350954,97.30388361231992,36.66784042240013,0.0,1,1
49.40928865210803,98.56336539984673,36.56337046952588,0.0,1,2
61.26065263925087,96.43674734146934,36.65678830662506,0.0,1,0
77.34292697241213,98.16502402923014,36.858268109717315,2.13145448730547,0,0
107.42769357825986,92.71604737361055,38.10140428913011,2.098160527013006,0,1
51.95432612178378,94.00361486436341,37.37571038768784,2.623967176620564,0,2
73.01765433343647,96.7235607132723,37.00134317120443,2.412951468633908,0,0
115.91386814679998,91.91185042628258,38.61457337582174,1.9988034023818455,0,2
50.77585975673091,96.17875430720515,36.50672982456315,0.0,1,1
37.10145968957572,79.82462110479528,38.102782042024316,1.9026490445969637,0,2
122.79166011868514,95.0684803825763,36.85660074516833,1.3941585688781353,0,2
71.4477735922855,96.92278211849512,37.04153360098537,1.8522969848096569,0,0
61.03124636878829,95.44257855197588,36.49414785460412,0.0,1,0
68.84896147914255,98.04635148237718,36.60828790307077,0.26945292631822537,0,0
68.34955681249735,96.68610841751881,36.5794621298399,2.3599777241703954,0,0
90.5735790965669,90.74770346438507,36.48824929379491,0.0,1,1
76.66808746534407,98.17475770141877,37.00010156353253,0.4250333197589595,0,0
50.364992452989945,95.6425862636026,38.350254797949965,1.9762988375125659,0,1
66.27635634523463,96.6721232356911,36.92318478137514,0.15226940786044238,0,0
81.76619572143682,98.32225478339286,36.593722704409316,1.590773178341021,0,0
39.71473954364071,91.88027856784608,36.598809839821875,0.0,1,2
50.05524342290285,97.17562597388638,36.60858728606639,0.0,1,1
70.10687756095246,98.21525212655307,36.760740051440685,0.2856726564020213,0,0
110.23123056040774,94.92014900826939,37.16223944748097,2.9726127687550257,0,2
116.67522251684447,91.70565718544457,37.80621483130712,1.677451902783959,0,1
74.53749371383562,99.09440902256071,36.91850529578458,1.21973110461846,0,0
79.49284793011215,97.83557182817582,36.80765201275516,0.8902348057016851,0,0
71.14268206315191,99.76130938754496,36.61846488584155,1.367597361385159,0,0
64.2947707203016,98.23194822313906,36.54239907500137,2.160431938659605,0,0
48.476546730076485,95.13769497805161,35.98985474016665,0.0,1,2
81.48516241983593,98.67025792782258,36.652387196717164,2.2881694569886757,0,0
80.84898347136956,96.83077812006081,36.85389859431184,2.4036822529824136,0,0
56.945927962171695,97.08143527624924,36.91713312978749,1.6148804843121736,0,1
100.00537307026855,91.34575226994558,36.397375468648264,0.0,1,1
68.91849683186601,97.42126737014208,37.20209951265392,0.5254612429766176,0,0
74.41097405641652,97.45764070715006,36.86501021676688,1.7938856886584424,0,0
78.04373881093967,97.87097131245038,36.6500855800212,0.2720528476020353,0,0
59.96956201824801,95.53353669211407,36.14239946407243,0.0,1,1
69.71837831536136,98.68339510602418,36.86783171253295,1.2112012687099967,0,0
26.650274288010007,84.17786434289256,35.84575215229818,0.0,1,2
47.39469096441445,96.07999276327502,36.312822405202766,0.0,1,2
96.07963769981626,91.03974424918682,36.811797312252814,0.0,1,1
144.19738911598387,85.986662531257,39.11212657796963,1.7760298460603368,0,2
122.4537948387996,94.04086875439225,36.61920901937681,0.6886619874944567,0,2
78.28703852981101,96.69003928219378,36.581911165906014,0.69585235791059,0,0
93.53938088153707,91.72343906437379,36.488929940962294,0.0,1,1
61.81465649751362,99.00115440592829,36.66303796902072,0.6972680144142122,0,0
86.75747500357743,98.04552674563966,37.13130654911194,1.8190918856559068,0,0
79.08586834954775,99.14035775394866,36.831897152839616,2.1083774990306567,0,0
37.504096305480815,82.29403390121225,39.06955476731864,0.5514532749974361,0,2
70.38395156014121,99.89886018064988,36.70458161815389,0.7736982503803567,0,0
81.4205102424869,95.62821022207005,36.924745728412965,0.9152988363657415,0,0
64.76550564226466,97.90914568481212,36.6625371011234,1.2025640625449474,0,0
50.12438194382258,94.5621994476337,36.560053687425935,0.0,1,1
53.823636888204334,93.52501271101836,36.95990643221348,1.8677751954377604,0,1
54.182108839759266,92.39856671059685,37.91112573203672,3.035102094336817,0,2
71.51914154388606,95.5205032947146,36.919574796043094,1.9830889398310019,0,0
63.61055730194832,98.63176259791476,37.0350543775376,1.3614003107335908,0,0
53.45388859631954,97.68585915859357,36.76908998039015,0.0,1,1
32.76434014839094,78.54626080287576,38.808944055426984,0.3590202293488204,0,2
67.41354035477674,97.95392065266694,36.19636033328752,0.9353739409772149,0,0
74.0178852198515,96.18169731305126,37.02324466951755,0.9235999641676076,0,0
65.39647615038854,97.01894211781527,36.66218596587269,0.0,1,0
69.66504134694804,98.1606445927132,36.85180688973145,0.6998544379117653,0,0
51.292395609192965,96.38859796928442,36.67630613632507,0.0,1,1
82.57505071765387,100.0,36.616174962164706,0.2766348304372011,0,0
123.58387034721092,93.9530881040415,36.826030770967336,2.147125770951088,0,2
113.88169995580122,93.7147725087388,37.72190455834903,2.0534361504937113,0,1
50.747780244026515,96.66824782904744,36.29994955419761,0.0,1,1
74.54123458888832,97.57372640752088,36.964196317484394,1.9778794094335372,0,0
53.51794756970796,97.8118632183039,36.74070335328256,0.0,1,1
68.00680400792041,97.34041245406374,36.766162314220104,0.4999343771598397,0,0
52.769462119034806,91.53218944249208,37.747201782314264,2.486870241706786,0,1
61.73605678295976,97.14982996014592,36.92298393731159,1.92287625050781,0,0
62.53321607190553,95.41977485080268,36.21364588772227,0.0,1,0
70.38975125470193,96.9724641398241,36.756010971210166,1.1068021728631494,0,0
51.1450011717494,97.36370979516363,36.63567320841169,0.0,1,1
62.32835196236928,97.36675996474887,36.34371940453637,0.0,1,0
57.25787384169978,98.34026337427599,36.42769392977717,0.0,1,1
58.29553357460013,93.10505445956554,36.737694265018725,0.6817639071190054,0,1
71.89859337451723,98.21512416409598,36.57005859837432,1.6651267267854764,0,0
91.18507653737504,90.86108976444378,36.96158226753912,0.0,1,1
93.27109103765895,98.97956740793173,36.683414557055116,1.5872631139334028,0,0
64.0925426413725,99.7769283569569,37.18265150204542,1.1835645481338493,0,0
69.14361827383007,97.93695030696922,36.53378783755188,0.3980266575254713,0,0
139.54181622821838,81.45542338591117,35.388646691572575,1.1846633220063023,0,2
76.24449331472314,97.35579145306964,37.01046148204133,1.2478550179732946,0,0
79.95095512252492,98.50529990339201,37.09154071567662,0.9453190056818233,0,0
85.8100459014358,98.47332510845177,36.79542694675215,1.0533889234886904,0,0
64.94713050036778,96.99718924522661,36.644113463399194,1.105434290784076,0,0
68.95130539718171,97.91734862738447,36.731194975997916,0.7177003080167702,0,0
76.46766793496053,98.86372645236803,36.9466083967209,0.18534715903931342,0,0
86.88112874141692,96.78420876885845,36.99582267991124,1.545368578807982,0,0
49.39412876180276,93.22443810046471,36.96382975856932,0.9133424947079716,0,2
79.57570267904637,97.83121896050434,36.59669445214056,1.705051246737064,0,0
84.75317855448772,96.21337567001922,36.764516359257755,0.21807556374935483,0,0
79.17697613979409,99.52584561274948,36.78702536632045,1.9052106508806204,0,0
116.28741865086576,83.19821585014134,35.66071932291878,0.0,1,2
72.68502833202683,99.22347958243455,37.03053437016184,1.4973521336249849,0,0
46.94824914011065,90.31715491575329,36.69576996283276,0.0,1,2
87.43977974193,96.33136912470017,36.750836736024446,0.4503410384042953,0,0
67.60113855603967,98.80864672462323,36.8339919741871,2.166040252289658,0,0
75.76194319140258,96.61855423137433,37.085220072159075,1.2878584005086036,0,0
68.56826519813725,98.3371570120432,36.74235357140203,1.3276211844983694,0,0
109.33274111599626,93.6059870413425,36.76877467224167,2.2210791883006054,0,1
65.34138261124927,99.0258852922352,36.99233479230903,1.3138399305300972,0,0
89.49029420330247,97.79014045085633,36.92205402316112,1.2673665358845032,0,0
82.58773806954017,97.57816960934296,36.79500162695561,1.5351026946683808,0,0
78.85518235326346,96.79537316946771,36.80750610285593,1.6321122095686718,0,0
39.25508020491295,91.62604166245158,36.498166389925544,0.0,1,2
68.61013839889546,98.00221816839128,36.98894197188373,1.5600340201850535,0,0
74.07509775982342,96.96559348346065,36.85228660644505,0.13732539480781022,0,0
64.98682939557654,96.83372729484921,36.45194483700691,0.6723838616549842,0,0
63.15152075997337,98.0271993715738,36.62070579855265,1.052404123935437,0,0
42.36120506652773,91.00641714175698,37.66095949646201,0.0,1,2
99.42116188695064,97.01089489785305,37.108125600946316,1.5119732089597375,0,0
86.33816444306373,97.91358726791314,36.51288488620607,1.4687690210752056,0,0
115.70595435034393,84.40957089356974,36.03708797761548,0.0,1,2
114.07485959192495,94.82358580076972,38.3723488232034,2.2448670277123846,0,1
65.20859828405395,97.70977058357971,36.464916146377696,1.8486652545093267,0,0
40.00985720324825,90.74775256265207,36.99648325117321,0.0,1,2
93.15337198017963,95.91805516158938,36.80611749668161,0.3296905267857159,0,0
69.08599913233918,98.60189746555501,36.731160372549354,1.0947420517554995,0,0
122.05525415955961,91.36657230556986,37.96250699787348,2.826495417180216,0,2
77.94606626834833,97.77211531776341,36.84742751539752,0.5154406737583137,0,0
61.6328107887379,97.2547777415428,36.61702555160944,0.7476777707679249,0,0
68.95203311847668,96.43224058269291,36.70110059851405,0.0,1,0
54.28196422032069,93.82614671726883,36.90875618202037,2.2757180283229745,0,1
49.346851081142766,95.14540928857076,36.051256458013974,0.0,1,2
47.67480016456079,96.63037409327632,35.988114653099814,0.0,1,2
153.4148595028411,81.97421366490903,35.3978289538911,0.8369064759753567,0,2
98.1929243060766,95.3658843893791,36.5892312137137,3.4740880535466756,0,2
96.7637940267984,95.57629303148099,36.8554421589157,3.6416015448523806,0,2
47.62114629120245,97.44098810057235,36.469325473360286,0.0,1,2
37.61051241707935,91.66981133617996,36.61133945458576,0.0,1,2
113.42493754052524,90.75449983321828,37.1330345942168,2.8877349122192753,0,2
87.56493502960443,98.53862455360326,36.741887558089644,1.3073678110407174,0,0
80.36103070073149,98.76103643562409,36.71412954209699,1.77415883175966,0,0
51.336917999947936,97.4327673459243,36.60619597307208,0.0,1,1
119.43965629761006,91.87808963254001,36.80194960937628,1.940418109524196,0,1
78.0499470368857,96.84732946874233,36.74166729784897,1.5251215985359166,0,0
57.08119055985864,97.24244204496266,36.58267737719866,0.0,1,1
93.98847333473122,94.47613130445102,36.56519242126207,3.7893805886128438,0,2
80.9983358597169,98.54479544113127,36.87257308726095,0.4233506014219819,0,0
73.66829415882972,98.6096835209617,36.73762181030726,1.7690564047821045,0,0
79.91036915384578,97.01520908825678,36.82685104733563,1.9373427083549077,0,0
76.21835554400222,96.87147233904248,36.97472802651365,2.4085496775410027,0,0
54.963032962578076,94.56865481224627,36.34296194852014,0.0,1,1
71.07306817723635,96.10367815661178,36.343225692674274,2.2096553246544492,0,0
83.29110606331488,96.52043555132376,36.61663416193273,2.2624676752182187,0,0
65.5843671977855,98.93752541162463,36.66406246017527,0.26959540972048773,0,0
76.18438503215363,97.16569457884195,36.688068744554016,1.2847748432315933,0,0
65.4224677023818,98.1387661912708,36.84080939773885,0.8206533138032772,0,0
46.019563255926975,93.79237564339122,36.380059447025026,0.0,1,2
48.0424273445462,98.23408146375199,36.02350336975155,0.0,1,2
79.67929129773397,97.77515667818636,36.97771882015838,0.20339888498867068,0,0
76.13983563033203,97.42153707256924,37.13159938358553,1.0761959900798928,0,0
78.18177452483138,97.9436947327747,36.97257062400654,0.9214859624143785,0,0
48.64584871275324,96.33821616648505,36.11589288837853,0.0,1,2
85.98749817584847,96.85306690248011,36.94987148414073,1.2902564657139686,0,0
48.515402966889006,97.66596813477672,36.3254535894172,0.0,1,2
98.1857528414141,97.71620292410488,36.56865542482737,3.042450321301978,0,2
37.56202866167551,92.01494973864075,36.521249840781124,0.0,1,2
65.53727249934353,95.17967097753177,36.94948317295527,0.0,1,0
55.367063377954494,97.58798000974794,36.525252501413796,0.0,1,1
70.21125646074182,97.21899716041786,36.44250852860008,1.7254466257012548,0,0
77.29642129832692,98.68201923253382,37.17265632100631,2.4720405368451215,0,0
77.69324183885247,97.3934087841261,36.65461088721652,2.269465983448095,0,0
51.37749303520673,97.2157824518286,36.12886441109184,0.0,1,1
75.85106856053551,98.14606399790006,36.46715356236235,1.972974911380463,0,0
33.543226047554576,84.64871131075812,36.2913807945685,0.0,1,2
49.01598195835565,97.1427745625874,36.01550254218181,0.0,1,2
84.0621661093695,96.76929215511116,36.66873374448597,1.0579981221284118,0,0
31.539282859484768,82.50418103948151,35.98726489838953,0.0,1,2
79.89023748157267,97.87824116668153,36.51067691740662,1.0351207097770652,0,0
89.82491225331654,97.2766460750834,36.797793676207164,0.786464907496873,0,0
73.34209001150232,99.2344584235091,36.91263025306186,0.17952689539863903,0,0
104.18236929556738,97.25919736970855,36.61730054145436,3.3805852103502274,0,2
88.00732955935635,91.99462477334905,36.19002585331195,0.0,1,1
116.39301503696996,93.04092570122378,36.615311781677406,2.39184163979646,0,1
76.16531374566276,96.62386993688474,37.06891343691441,1.8250202523567152,0,0
69.40598088970789,95.43736508328428,36.82823472523069,1.6844095558553158,0,0
59.086503563103065,95.25457677726295,36.79626844835243,0.0,1,1
76.85488398574415,99.18349805482234,36.922130132998944,1.089752132474916,0,0
64.44378232860073,96.38847007177618,36.46030530707766,0.0,1,0
126.05616533001776,94.99988492265575,38.221613360301475,0.6619487456829074,0,2
78.91917793653704,98.97035594126497,36.839900203310194,0.8570305628339642,0,0
70.7454760679864,99.06537805068588,36.66077888028342,0.9039160515805884,0,0
75.54777245055689,98.13837157974429,36.77225181712331,1.1252487921445293,0,0
63.360282550319226,97.78363643387002,36.40799862767413,0.0,1,0
117.0163304559487,92.68480001469968,37.4689695848137,1.6356564275713608,0,1
58.221354305852756,96.36657067127125,36.40445243174077,0.0,1,1
78.94421711335198,96.05685838829473,36.57699008519431,2.4647836862926353,0,0
67.12258299160177,97.51383192323385,36.631778823298426,2.223149748153852,0,0
58.73731903890749,97.21434891452765,36.727680242438446,0.0,1,1
53.37631285344862,94.3148033044989,36.44941407312926,0.0,1,1
71.70044987265524,99.12500841504094,37.034072798033925,0.8791097244705252,0,0
136.58402034796177,84.39845215219505,39.019787727246324,1.1364717450934771,0,2
102.02221681208341,95.86136077363182,36.7235897977649,3.5663087972844063,0,2
79.92239786437166,96.50381744728296,37.023186884306824,1.3732806184301947,0,0
60.90254376286094,95.72348416228411,36.27407329070082,0.0,1,0
53.742942309646565,97.48972197215416,36.35371946182689,0.0,1,1
65.61180972927791,97.97913188837684,36.82969012152029,1.982433748709186,0,0
91.7947369515947,92.42211529010432,36.380304332619964,0.0,1,1
75.46857128356413,97.4782354783375,36.758306789440255,0.6951939226349839,0,0
85.42653501946486,99.76097312309857,36.53110427888827,2.013047975468238,0,0
78.85456101582405,97.7385442524873,36.74987820855312,0.7601327766776684,0,0
68.3730989663269,98.29574051254883,36.97048822251878,1.0877355621641966,0,0
80.38311088942567,98.43225919339679,36.507268040821856,2.3434878526250036,0,0
82.99430965654203,96.94826289422419,36.52199525568539,0.14041843647024307,0,0
73.53077074621507,97.53572439715013,36.73596441565165,1.0983095802704785,0,0
72.87842156497545,96.95512594935215,36.71628326025905,2.356777190028191,0,0
60.19217130565582,97.79182833373586,36.52036357095298,0.0,1,0
62.15983337221724,99.14555232539735,36.56643796562373,1.9976237234538525,0,0
66.33972430483841,97.24636693949927,36.83781083416016,1.344073982666118,0,0
58.22837688763815,96.6982520671342,36.34324838496273,0.0,1,1
49.68796170417313,94.65600427365789,36.64687393561532,0.0,1,2
53.687115342593174,97.92212706865641,36.52309077245845,0.0,1,1
68.99156089940385,96.90820086818943,37.01445488584999,2.1121353534683847,0,0
63.617541468348264,99.11679051461365,36.713466440130134,0.7952029763225723,0,0
70.66104240785124,98.030409535445,36.87555022264567,1.1516888730431822,0,0
67.61818479292279,97.85420387995524,36.839181499000944,1.5180419302030614,0,0
50.55714160896759,96.61814622664782,36.48200957441835,0.0,1,1
64.36593633481202,96.50497147810509,36.43171658527899,1.2952537739533219,0,0
113.18847009962067,92.96051773075173,37.609132740550784,1.810076525536205,0,1
38.15706679653993,85.70821107961696,38.97325974270663,0.9545934630888285,0,2
72.94415719886322,98.54306174351926,36.7746407771641,2.102718297830044,0,0
38.663283726995374,94.82631026920842,36.455126128319186,0.0,1,2
70.14068422778486,97.52326221229738,36.92485656981551,0.530091170135305,0,0
78.1763572397634,96.08449872039975,36.677624586385676,1.9216795353692906,0,0
72.81667436373553,97.41043666088483,36.841966578651835,1.4591512758097445,0,0
86.93368548726919,96.39957822876865,36.83276853487106,0.7796313323656756,0,0
66.66429990118137,98.7100692107601,36.90533906765786,0.7573105771744375,0,0
80.1530813838743,96.70204064313695,36.692745608931396,2.034399893910036,0,0
41.6167510918434,88.86762283882894,38.817762380800396,0.9404382442320017,0,2
54.215834726409966,98.82110749730676,36.42336502701521,0.0,1,1
48.72787333092924,94.3338793541221,36.24658417760095,0.0,1,2
56.63749044554728,98.10741497229496,37.06845077687185,0.0,1,1
125.47312493019197,83.28141781794054,36.40083149336721,0.0,1,2
80.52939868598729,98.64231585976934,36.99247836747802,0.8531662023155288,0,0
88.13250836315456,98.83982693417845,36.51706294799409,0.7640159688530939,0,0
53.00575603979915,93.03607650203669,36.936059898907914,0.5795182408243997,0,1
40.782121872323536,92.01165367022897,36.383752586131116,0.0,1,2
47.63367039356918,94.31955966939708,36.19799683532425,0.0,1,2
52.283636712084196,96.1568510714655,36.138340879846034,0.0,1,1
113.1618778669174,91.75111686595405,36.87146745823482,3.128670892224393,0,2
49.46619392612231,97.21197841873854,36.43240973747555,0.0,1,2
45.171556757522055,93.28570403253799,37.67788548902247,2.1135801436961756,0,2
64.6694492354823,97.56286113326885,36.525996150619385,0.20706756886651867,0,0
75.02301375889863,97.85388860682257,36.718140575416626,0.2737418880164255,0,0
87.54257179801176,96.6912505915641,36.84247274920577,0.7196568606774943,0,0
66.45883869704659,97.66821962907616,36.835084364282615,1.003724105836726,0,0
68.07083669667232,96.76469022999534,37.02671192643217,1.882222583467683,0,0
64.86411731126036,99.006158426735,36.88507170703922,2.4989455872170057,0,0
75.86996821555576,98.53664206236529,36.87387878031374,2.221694140569198,0,0
63.53575444205544,96.10912897550035,36.87337408017926,0.0,1,0
51.51446075493364,91.05727810537438,37.11315300845486,2.3130028291303937,0,1
83.47871105669427,96.83796366359418,36.65130064879188,1.5165754000218523,0,0
52.50831554853315,95.50990342030035,36.500030051413184,0.0,1,1
61.61365627935384,94.84626649114712,36.875195485027646,0.0,1,0
54.802204599748364,92.15784238068329,37.57885087422459,2.331920376362528,0,1
71.11927270745849,99.15510461000362,36.769486486709326,2.0005908200977416,0,0
119.77444605279756,93.20001203406723,37.6708033346032,2.3080647071776306,0,1
54.28012339583998,94.44238193121,37.91063049955566,1.6354655066947592,0,1
64.9969143084904,100.0,37.21562324346525,0.2944613063402981,0,0
45.415536614491714,98.05363677114235,36.563683258774105,0.0,1,2
119.63900827238366,90.76552118360163,37.87342396017628,3.1068703922755243,0,2
63.36354048349773,96.0594451454189,36.177725304242365,0.0,1,0
56.7013244604467,96.64971163863392,36.352591836529754,0.0,1,1
53.18979539527355,92.90317613831476,36.54171666621174,0.0,1,1
57.65628510055944,94.80843671117889,36.778046099333615,1.0751817796324454,0,1
54.86080501450759,94.54601028160069,36.09503129996186,0.0,1,1
78.63177799848303,99.38113799138233,36.94572901567706,1.7030348609007888,0,0
69.82953331934094,98.70237436276801,37.045495214710854,2.267971472364971,0,0
82.84661324621531,96.44894075038754,36.855554303632594,2.44491701514283,0,0
83.23477819893144,98.31039144540928,36.78387066632844,0.5851542890933901,0,0
118.18420056572202,82.50145051035254,35.92476912395071,0.0,1,2
76.35832601879486,97.80939574467631,36.76205464119646,1.2131574495259985,0,0
98.37155946934536,96.37802745334068,36.39020956433144,3.1799302211477567,0,2
68.36749662292362,96.12374057900429,36.62536431053801,1.7305854698347065,0,0
132.2278555336671,86.58271870672144,35.18731927410321,0.7403943512464798,0,2
81.06189224245641,97.60316710961378,36.687822431519365,1.4144208448259679,0,0
61.186030860791014,98.40564233199449,36.34868559052527,0.0,1,0
71.41457058990217,97.00845578688032,37.156910745308835,1.31948902571819,0,0
81.0194820025487,98.02663719323414,37.08896590217123,2.4452594801255185,0,0
74.81097469223099,98.04719601791474,36.315740252592036,0.9949198458865718,0,0
109.37703823189625,97.548374654574,36.97809330786178,3.75385036142491,0,2
76.76171891344883,96.47919763821045,37.055628960434426,1.949416344222611,0,0
72.12890996704617,97.85773246251547,36.67984484489477,2.2878184680426585,0,0
53.27556867548223,97.58147730343325,36.50812782145693,0.0,1,1
116.44173607958636,93.07087813829821,38.27525903662904,1.557444323645988,0,1
112.17683108111427,94.69865149961183,37.17866726360064,3.6050237651646975,0,2
74.56385922037767,96.32448370328663,36.83846884899401,2.488515073396438,0,0
94.26111712758893,91.18614300951737,36.504890629293726,0.0,1,1
84.6620929199626,98.39810459542893,36.94204606346584,2.2623560886905545,0,0
84.35846643446686,99.15025747236103,36.696700117409144,1.7490931144481727,0,0
60.824944895428395,98.42374999437199,36.302582482209246,0.0,1,0
83.72862744457481,97.66198075305206,36.73635008125911,3.8507397528602745,0,2
75.82408931267717,99.36080115683009,37.10427761925716,1.6517966028106184,0,0
122.56086972981139,92.81691415925344,36.68126878206998,1.2714159771763067,0,2
68.69821558040054,98.49585215955324,36.98574613736941,1.9560108232434588,0,0
111.34174944647913,92.95433642335927,36.65137841915341,0.9553555193369685,0,1
143.17046603809544,85.3715071942532,39.14430541736408,0.931304520966537,0,2
85.60638472217673,100.0,36.91263261840615,1.6142376344142462,0,0
72.12611193064325,100.0,36.45239926010901,0.48009979668265423,0,0
80.07117219265166,97.05799587277,36.677324734989874,0.997871515459098,0,0
53.07342935353178,95.91762225194036,36.235885207144534,0.0,1,1
59.993095658629,92.66132278413998,36.36670622566938,0.0,1,1
51.15039219609037,97.65381268547482,36.55963866194437,0.0,1,1
71.2959033918755,96.81265006848926,36.62065279034016,0.7311342747596834,0,0
65.12922118729341,95.67059936887502,36.358118502371674,1.9699208591980946,0,0
95.68871305468886,97.6224088713774,36.77114468831071,2.303851440027871,0,0
78.45336499305954,98.44007064814468,36.550666109415985,0.8451573072328533,0,0
52.72135091741068,98.05680598508354,36.66568935443565,0.0,1,1
86.47090105858332,97.18524097237827,36.638941541910505,0.2758955478088061,0,0
76.78996323683492,97.78005996376787,37.14963617357582,1.6056695300040271,0,0
113.655232586554,93.67406970469871,38.13946855614508,2.8525325546984988,0,2
80.82839413137958,96.63532988018133,36.9968450300685,0.6992812358346131,0,0
70.7460497213026,99.29793921762851,36.90517442163421,1.3443049450538902,0,0
37.53826274907214,88.43252320564848,38.5096349037314,1.672865381579617,0,2
85.31994654108428,97.17399379224564,36.72539299994261,0.5141350873532043,0,0
53.99196768647071,97.00002180289769,36.67237621085736,0.0,1,1
85.88294311588405,99.10332938345093,37.03593198665045,1.1582728240871691,0,0
93.90263304871172,90.785472075726,36.18173021764016,0.0,1,1
90.69822770635975,90.903265160045,36.33543196272787,0.0,1,1
69.01271201486206,99.02587234579661,36.719055246159876,0.6858727389773895,0,0
62.80269111234176,96.78262333267227,36.062038231352915,0.0,1,0
50.444858981986606,92.06973204569778,37.981048575197455,0.9930864770815894,0,1
52.54131981472429,95.74787114292926,36.69972062869751,0.0,1,1
110.41690476952454,93.27639096381404,37.756552485405436,0.6970135869946965,0,1
67.8238778596672,98.89132762851555,36.52184369059334,1.1299564500910049,0,0
75.3717083831864,96.52879027542578,36.31001767124507,0.321517220101412,0,0
71.71958780249159,97.46665333267555,36.56559621770646,2.241151239706863,0,0
38.168780957419806,91.6028734794337,36.59027229247732,0.0,1,2
78.35153631321272,98.11380852099028,36.76928515066273,0.20426962299288265,0,0
78.79035906501079,98.86757643634377,37.30277839451103,0.8162872796177089,0,0
68.23360883550123,99.07442583557253,37.11094374363898,1.1331169055195465,0,0
59.56770616685264,96.91879087692303,36.48537996634223,0.0,1,1
64.43872062110243,99.11785975027868,36.70199269378096,1.4434625528274752,0,0
81.66707941037022,97.18577644078343,37.13674466431106,0.528666643291943,0,0
79.76061139964074,99.10122998179375,37.03765263507447,0.8515214461824904,0,0
40.280501110545394,90.95629068686888,36.91680615413437,0.0,1,2
77.66275680878779,97.96499473175635,36.7941845017948,1.527253040163963,0,0
115.53624771185382,95.8564865952088,37.458172280902595,1.0186054540608773,0,1
63.48544929206906,99.22343997686981,36.74440019078337,0.8457079600213893,0,0
119.92138778058046,85.81544972374873,36.04582071389287,0.0,1,2
122.37794719358071,92.49868436451973,37.60677363163552,2.3547976329289053,0,2
61.25523382101345,97.49714775639589,36.92089873126173,1.26035401571224,0,0
78.11286855765198,98.804692886735,36.45780095548059,1.2968987340231497,0,0
95.1041728773593,90.13690291643145,35.968021878753206,0.0,1,2
54.47360999790261,95.3111774542481,36.43880338611153,0.0,1,1
90.43600630549584,97.73767791505529,37.225924450599464,3.736395635986123,0,2
84.3741147550511,96.97404847764402,36.696974419794365,2.310745597748018,0,0
75.64796775899183,98.21345254855244,37.08670914771402,2.0133367835727207,0,0
78.09008407608184,97.25343561401651,36.74245698033733,2.033114803780757,0,0
112.9644289705666,91.03018654170286,36.87296611596855,2.5631387144759183,0,2
76.13620767979833,96.8249458373175,36.53948014953642,0.8563553618818521,0,0
134.15804371249786,92.13260884304985,38.27925228485429,2.840044002547403,0,2
50.88304440528569,98.45847734956612,36.72153925574274,0.0,1,1
122.88718035837047,92.37578077200541,36.91343822732376,0.988065541807623,0,2
47.306698045507304,93.6881479433816,36.542458495064174,1.1988321742839967,0,2
129.6744602272188,91.8465707138005,36.866425936058626,0.5177113085161011,0,2
108.61468921486195,93.85307111708056,38.43953341412714,0.9947210433927479,0,1
75.59891761254345,98.81000680373405,36.97901525266457,2.297933473844028,0,0
99.07415548277555,95.43445190405004,36.67589196935703,3.3517557308656496,0,2
84.71416909957605,98.23378927163775,36.96825899682313,0.25699694553639774,0,0
54.77764586368173,95.59088596314226,36.52856516442078,0.0,1,1
96.7829346319719,91.76031755680899,36.862766791976675,0.0,1,1
66.59303482188636,97.40926129986234,36.849254445537454,0.6589320649202769,0,0
129.48855925639816,94.35400281567354,36.776708380766,2.214831672243398,0,2
83.81209758697283,96.60200856283386,36.77238249130492,0.9494669525436864,0,0
73.05710737658532,97.0963674123602,36.377889886744114,1.4127936314694465,0,0
79.28107065837635,97.40588418152363,36.37749449672389,1.1413156340360302,0,0
51.47942511169726,96.61539307313363,35.99711965673023,0.0,1,2
47.8839242367562,96.40028058213224,36.30928998529546,0.0,1,2
48.555904171661915,98.61861962193123,36.4852481114168,0.0,1,2
85.01069832981003,95.50320159979154,36.4428535508109,3.5669572906664295,0,2
35.078587832143526,86.69824025437005,36.543926573046676,0.0,1,2
53.70071062855527,94.80569550971092,36.32924293139241,0.0,1,1
78.04904200205091,100.0,37.08534201778972,0.39611447611081085,0,0
85.52803958772297,98.56222267716845,37.05213673333827,0.31203600838259576,0,0
51.78055395699538,96.75723667669365,36.38337450350022,0.0,1,1
76.11675620023655,97.77906305126302,37.15124791605938,0.10913594656244473,0,0
78.66456173264783,99.0402357032749,36.69713223797665,1.8167724440228419,0,0
78.10112776170303,99.02758872973949,36.57614653937691,1.6493989177826083,0,0
71.40084413730706,96.90553302026161,36.7951130766876,0.24262365653184653,0,0
116.07698621849833,91.12526595837302,36.66420886370948,1.5208661630564535,0,1
51.95843455358951,96.63095054331843,36.03187997572664,0.0,1,1
31.80442359321681,79.65339969907414,35.13493012172443,1.2989287521840276,0,2
53.42406608908323,94.52173063147522,36.97610483966147,1.9722854146304234,0,1
78.3693404789847,98.57331217415312,36.77696317525082,2.0547610165774106,0,0
68.09553945159301,98.66796368741358,36.71288731248945,1.1580871068656602,0,0
59.020295652757056,98.3524938583396,36.887410239720204,1.3742637752303901,0,1
71.72795968121392,97.4397787310998,36.60035358090117,0.7113886287728487,0,0
37.79637198553628,80.0038829424334,35.5197833008012,0.2605229199616075,0,2
120.49785463902076,92.84481305708671,36.92218991122349,0.9462415701692368,0,2
125.32930754884102,79.69405624384503,35.269706493469336,0.925767075781681,0,2
69.3618322351004,96.5376342273009,36.91001734281508,1.5424746676070336,0,0
63.62549854750429,97.45721009897721,36.71916187727741,0.2687873644360484,0,0
70.21835091437796,96.5812133768761,36.67264783303558,1.7080619954640361,0,0
58.94535645622722,97.84054166523173,36.54995103162646,0.0,1,1
71.1567871504453,96.73404404803426,36.740371071855286,0.7125631550280942,0,0
43.35003468088969,89.96200447615269,38.463555460401416,1.0461117501664492,0,2
86.50301835440231,96.74304483303068,36.67047224025144,0.4223029613734399,0,0
57.27772435953477,98.39910101308307,36.699536779799665,1.4282640905126966,0,1
41.17977560588551,97.20945298154837,36.21417546194975,0.0,1,2
81.1750924465117,97.87702981868755,36.74764208214839,0.990004916411634,0,0
84.60320095436796,98.24833875516327,36.794604476799044,2.354211650250105,0,0
86.0018361620971,97.76306538896677,36.812089460467014,1.5794790946445834,0,0
91.74008452781638,97.72518394557683,37.223326193452095,3.551911890483701,0,2
39.697214872788955,92.1445271554393,36.56800700305954,0.0,1,2
76.31998858602309,97.35150656045899,36.96867321345939,0.9033854574270328,0,0
69.8372838931895,97.97061717544125,36.91896405338962,2.1527964468560103,0,0
86.78854477117564,95.99634881762428,36.559787563139075,0.11060542299039718,0,0
75.93846152033646,98.8443839627284,36.73557212880518,0.7147134246658814,0,0
91.83555088931386,91.03132111301107,37.02296842801609,0.0,1,1
72.96910981712541,97.8890057162485,37.0188615979279,1.2738367165513638,0,0
74.68384548430423,95.48243013259155,36.90319499224327,1.3369599221181898,0,0
64.2292491758596,97.7148034237988,36.83396982483813,2.4644350201528984,0,0
112.03321476292841,92.2232566879153,36.798099070364316,0.7685506350166071,0,1
120.7583824775096,91.94654797502307,36.773326202340776,0.5089718010672647,0,2
80.32515901229701,99.36487170710723,36.880513074446135,1.9974808431271878,0,0
99.4297616122109,96.81227882533146,36.70800899778387,3.8497123523307337,0,2
93.3885076071213,98.9497090238168,36.993126853409805,1.8040415446269913,0,0
66.81054421019957,95.71955097427286,36.49890055640622,1.8974815561322782,0,0
67.8532548824665,96.09882196311831,36.183322461005915,0.0,1,0
69.85679420050552,97.96765272872436,36.93527495978565,0.6398422368185934,0,0
83.60160564180075,98.88147317053026,36.65868248015583,2.255312174358794,0,0
66.85178447598314,97.45735610267276,36.86949573160968,1.2561451257723935,0,0
61.38256140411058,97.55952689536961,36.97104017058391,0.7616245676493867,0,0
68.76282633664383,98.05556852129274,36.85257040853468,0.5011633795547641,0,0
45.71420165320301,97.37126230966017,36.01846032206294,0.0,1,2
69.83272244407522,98.07694980077493,36.8445503598344,1.8347766236744876,0,0
76.61675712958574,98.3528684728414,37.03134131941797,0.5430959889702558,0,0
75.44356454443735,98.22208052129061,36.864363227675405,0.2746594759722229,0,0
110.56613494232823,93.49491581475318,36.75292857902796,2.912068830560058,0,2
120.7262217837259,92.83518063375963,37.172977105588274,0.8797808051985856,0,2
125.51941672604458,82.0490490401946,36.28619070376777,0.0,1,2
65.45777349332667,98.39152583270631,36.820969705821696,0.3933323076425037,0,0
75.64917497547994,99.78233183784897,36.78642514293144,1.433173141124274,0,0
73.78942096936085,98.23750851283634,36.704826021617315,0.5525804610006111,0,0
76.98645650332801,98.29723449356904,36.34846327671893,1.3489250873148153,0,0
51.889665861047575,94.39121389397314,38.10943937986887,0.5388110153677645,0,1
115.5958357344809,94.25539717737546,38.16107678404031,2.4015466374529395,0,1
82.75265304553038,98.59547652241811,36.80574342641551,2.2375393833456827,0,0
77.16106664742962,97.91306666008443,36.99709952093259,1.712528194227132,0,0
92.77462159565914,96.79406026941489,36.839079235149704,1.0991632651476866,0,0
76.16457201674386,98.86979940877225,36.503928214711294,2.0177525142192185,0,0
149.3348028054758,81.787019048253,39.07367646070031,0.9326163285503163,0,2
80.3693264023307,96.25461376056258,37.004333804799415,0.6414696291403066,0,0
89.31661545871876,94.3404434667214,36.81390488651557,3.651948961118765,0,2
115.5224277989541,90.54192255625983,37.348226554371266,2.891795487829698,0,2
61.05543100540096,97.74863070449909,36.780183475313265,1.8536690246727578,0,0
52.253157617690924,98.95725627915958,35.97148470225943,0.0,1,2
33.62921655773565,85.74152715968691,38.78739131945436,0.8034259674662145,0,2
104.55845673224198,98.30162225760887,36.84178059981559,3.2701764613399025,0,2
86.92984916293757,97.81314075725619,36.762692859928464,1.5169629433586123,0,0
118.30586128176958,93.98583374206275,36.47460172449996,2.39880530057122,0,1
32.815243919647784,86.0861410598931,38.99672831767506,1.548240942014527,0,2
49.93331800102223,94.20203217213025,36.597197950766926,1.3132909856881467,0,2
65.65313068499682,98.83652023322506,37.06684485742573,0.5902341630954979,0,0
68.62190327955993,97.15400148348166,36.65351407837048,1.4664412583791933,0,0
86.56469506394785,96.52603381459343,36.899204690167245,0.5005046162406434,0,0
51.65150449991589,97.10054027919342,35.9930352849184,0.0,1,2
70.97939016747695,98.1087283275309,36.79472220925519,0.17348332629283095,0,0
82.1001326443162,97.55793655730528,36.7580682246805,0.6315123166726342,0,0
82.12602352062227,98.64754698889018,36.664571795760494,0.21951866351710486,0,0
68.21998625320884,95.9012782736585,36.8678331310263,1.6753894587735694,0,0
48.84868389466689,96.8904977979795,37.11765058201355,0.3827393547693888,0,2
92.48639354347371,97.52668352879382,36.88219408810381,1.0178319357816157,0,0
77.09015707623908,97.57263042729964,36.983879571612135,1.2465835668416456,0,0
38.45480073353011,85.09112907156704,39.078233850147384,0.31847186925267923,0,2
57.70646818467328,97.94722043220179,36.38878412550137,0.0,1,1
66.45234309655481,94.88861616338534,36.55279364056069,0.0,1,0
92.23162701469607,98.69209741332236,36.52723666582206,3.2743235776817285,0,2
75.60073465967906,97.84438331970775,36.53939545332131,1.7264320377829425,0,0
78.27276968807624,97.44840682364931,36.71303698951732,1.1097944856668986,0,0
81.57719566416,98.52873871939637,36.6513578526313,0.9764749350580999,0,0
76.30538093814455,97.87615897630425,36.37521009034755,0.5572648359063174,0,0
110.54392539223016,93.79306179644936,36.532685076206015,3.180080488264974,0,2
52.29974345191105,95.63992521160779,36.61656133112502,0.0,1,1
77.15406469574047,97.83838677871583,37.085076763020076,1.2407706511690941,0,0
138.38542896242376,82.18348233285226,35.517479524881075,1.3108305547815582,0,2
107.3013712822121,91.42456966985755,36.762443118476185,2.6366562191817833,0,2
50.104063590342726,97.07366420601649,36.735628903286624,0.0,1,1
122.10429567902226,94.8328178732124,37.092296360028634,1.706489374231708,0,2
83.48452120672965,97.10866722746391,37.0489771155471,0.4746172556462932,0,0
58.605060436423116,97.47147868249978,37.109669723063504,1.4385793212332845,0,1
45.432282319312804,95.05197813707089,36.44001374053332,0.0,1,2
110.16454657282122,91.82079612717123,37.5867284540845,0.6268752436735747,0,1
57.9393588112622,95.45402032646044,36.475932377236134,0.0,1,1
119.54052348171952,93.108445868005,37.94505920177926,1.0959738925349058,0,1
87.67635784997604,95.78029048315022,37.09750524678058,4.102018731840062,0,2
32.3815533153786,88.3077474431635,38.958305982287115,0.9082450353832631,0,2
84.65765288699527,96.78907652590166,37.133263193684094,0.7088700790722084,0,0
123.67358433168643,93.088097039058,36.445732388535184,0.9511361515336192,0,2
50.623821644388784,95.89206872954995,36.431859596153195,0.0,1,1
80.04228983945617,99.17382298279013,36.6910745615861,0.2852116422679741,0,0
54.27310252390061,94.59980334803207,37.90243994459482,1.0360246115906406,0,1
74.82607697837413,96.30969431485545,36.736457581098996,2.2189906371451866,0,0
73.15105279197493,99.61685565790786,37.12187352818347,2.127930103413599,0,0
72.81806007979472,96.37275604807574,36.90556531054951,0.7556891799959085,0,0
78.8910618224119,98.73956676389231,36.463293999405344,0.7684217574552283,0,0
54.60849362627992,92.2976614771731,36.62513523706487,1.8192892995591399,0,1
48.579482554601185,94.66617609024199,38.193776722806405,2.5008931844010656,0,2
63.71549787588464,96.57612384017848,36.5882640441558,0.0,1,0
76.35640963710186,97.36882083980808,36.80838206693344,0.5737446220914737,0,0
62.94985184195404,96.36398221603956,37.01631744521047,0.0,1,0
131.5648938436497,82.39386542918332,35.33790401349742,0.564270496264116,0,2
87.72038143193245,96.07832332931665,36.82421183381176,1.7365016440796779,0,0
95.98093564157782,99.51365653542167,36.83463506501039,1.2790513671637758,0,0
70.92987898291743,94.25717975497541,36.59960842457302,3.6751975360829006,0,2
59.98147748408853,98.41111235340577,35.84225762480918,0.0,1,2
124.28578381965379,93.44808009130801,38.110176943880504,2.172752712764477,0,2
64.97281831265755,96.03706901309461,36.74269262144084,1.644499611815885,0,0
56.9088493718303,96.5512994150367,36.56256292204582,0.0,1,1
118.61963236522362,92.645682790865,37.42983058353855,2.9048644151839516,0,2
85.16564919637335,98.89399805717248,36.72894843311138,0.19003659262167005,0,0
65.51708630412136,97.37091381228379,37.02704549503618,1.22161493043103,0,0
57.29208269837987,95.55730529911303,36.51655312865837,0.0,1,1
79.68469693691202,96.67515467357512,36.69235960739508,0.7991015265436098,0,0
51.63892225571133,92.17762513597057,36.847294596204755,1.9431980836202882,0,1
87.35663126736803,98.07245330129251,36.763642695578206,2.4459644428472966,0,0
51.668080686747565,98.49352401470624,36.45262492658173,0.0,1,1
70.72522379901416,97.66091344411832,36.84222122901139,2.063962337000202,0,0
74.62487414058222,96.76292303379786,36.388268638089386,0.9302647078582468,0,0
81.79383945716489,97.41228200113551,37.10045125465396,2.0818716133879507,0,0
53.51212798385923,97.98772771597028,36.80490755870345,0.0,1,1
43.56263745014116,96.14264895432154,36.51903716560343,0.0,1,2
43.73837814503993,96.72983831909056,36.538453380646175,0.0,1,2
77.3635239013399,97.22554759831522,36.842094032472126,1.0741306392410765,0,0
71.38913071888265,97.27720782975733,36.50155565412374,0.7072742845119268,0,0
85.56512531116078,96.78326883012431,36.89672570159372,1.1462119863773168,0,0
55.52036277590744,95.58192572231583,36.82075985260237,0.0,1,1
75.99020113765667,98.47422014701715,37.10911056459241,1.9145839724392015,0,0
75.91799511767891,96.2963639036537,36.59872133039139,2.455712399881954,0,0
43.3183291260573,90.04038362000799,36.241688210479374,0.0,1,2
34.81554307475908,85.94131142482556,35.745243536930786,1.0514598324982964,0,2
52.26833477295045,93.22483784062685,36.76536271804977,0.7363007934836284,0,1
74.66729787254476,99.12195676703469,36.781953938737104,0.38393121781092376,0,0
79.38028339884028,97.2878619683645,36.86635889776989,0.6263734534316,0,0
56.06634244008167,95.26493082718852,36.1820321195535,0.0,1,1
74.95680027160753,96.55481133342275,36.62212219188909,0.7167523296105708,0,0
39.41110618159351,91.3897378740106,38.82417813973412,0.23734267771629208,0,2
121.757132093675,93.65354535519423,36.608412156265985,1.1104553479621244,0,2
71.16080222718038,100.0,36.911152320178346,0.14926868315628844,0,0
82.3056119891356,97.38865046840365,36.725936748397785,1.613270994602703,0,0
87.62070619826973,97.03978792405297,36.85180809549754,1.8136450742056287,0,0
68.50120888021914,96.35212579570478,36.74664187924359,2.420422984710934,0,0
71.06308807451131,100.0,36.709702928549106,1.2626651433675535,0,0
78.80422131778637,96.83036925993959,36.84673649058292,0.10723325577249554,0,0
77.09985228275926,98.05985174399892,36.95826439082597,2.3989846634371736,0,0
44.2062331166181,95.3451448498488,36.31461641726848,0.0,1,2
48.96922515990234,97.94808962293195,36.408092162725715,0.0,1,2
55.50293074788773,95.19954811681093,36.24916940383027,0.0,1,1
119.51932250163553,94.01587949292656,36.72218661422033,2.161537951786926,0,1
68.4643503554508,96.71263755779236,36.76329163335951,0.7667802064965574,0,0
73.63989962627613,97.47861781315994,36.690977557176225,1.7254060554872572,0,0
85.53406290757977,100.0,36.87378365702904,2.3007977888652182,0,0
85.03103405498875,97.72791588817566,36.74227764442312,1.7777151425346704,0,0
90.26243901797264,96.96233441768166,36.900014069040026,1.0915446423774016,0,0
53.42805298278125,97.8657727539677,36.42503683236465,0.0,1,1
84.36131094733742,97.63670841858418,36.78521309663959,0.9231819197661906,0,0
112.73318400500034,91.50811031075116,38.35556511850989,3.146893110686037,0,2
48.111086019091886,95.79044625954916,36.684016548061834,0.0,1,2
118.90843388904062,95.4982896824135,36.86262237857239,2.4332734227626744,0,1
41.578847400923294,90.25503025632788,35.81722540339674,0.0,1,2
49.99554662272576,97.9973541599892,35.96162929812527,0.0,1,2
47.90441499559772,97.15292970674386,36.59165051579337,0.0,1,2
81.61207018952148,96.96242106367549,37.13138035589572,2.482711641921557,0,0
85.48914433342469,99.11331414241096,36.7868695591391,0.6193871165207812,0,0
63.7360205978135,97.7115552304509,36.72968543277872,0.9933041749323244,0,0
86.22006650004933,97.47634314340988,36.708253176670084,1.1111922731171775,0,0
118.2264273961121,93.26925555346098,37.02263848544704,2.624963354270704,0,2
69.58993464677388,97.96283032418997,36.63447465753159,1.4609826175884173,0,0
110.86315702043366,92.35525116521785,38.04140556154074,2.975738532588678,0,2
71.28668910697316,97.17269957023879,36.626990650103174,0.3476272284129573,0,0
46.711580591593744,98.49262604062297,36.065561112085746,0.0,1,2
33.57534056810312,91.77401651039249,36.35262654145912,0.0,1,2
48.756763400261306,91.67273797916147,37.78266837805849,2.687395070477166,0,2
68.76103058527917,97.37112014022631,36.62729782017148,2.20588727430263,0,0
60.73836597235402,98.3780226578664,36.02197455525568,0.0,1,0
74.70937319920843,97.82068259269505,36.625591043246594,0.7196399516548928,0,0
52.084911614822474,97.45531199388479,36.1227899208724,0.0,1,1
38.241735108632476,91.02873557858382,36.63313153847752,0.0,1,2
109.77799785173471,93.50831028956146,36.78533113825783,1.0335286947565596,0,1
43.014550750846944,95.51897383890697,36.000240525729204,0.0,1,2
75.51626159027461,98.33944022086754,36.51954868188993,0.9586463475915172,0,0
90.91095582947172,97.36378081766779,37.13512187096096,2.4402883403230176,0,0
79.70811653926802,97.54077763056102,36.83459542778276,2.187395759725957,0,0
118.1456245944301,94.21213527586632,36.486221200580836,1.2341668534950812,0,1
54.305217699729944,95.33524379451227,36.164905451285826,0.0,1,1
49.35327615207249,93.51408046450595,36.98933557762792,2.4812202874945597,0,2
79.86118488179395,98.50944268346802,37.11485421069794,0.22287661755510574,0,0
85.19143255378545,96.8142539284441,37.17768187806091,2.132755794921052,0,0
62.81144428508049,97.29479999389268,36.07749205352069,0.0,1,0
47.05307468898515,96.6960380089406,36.27066534519752,0.0,1,2
118.42506487476108,82.93890754389918,35.5739209983241,0.0,1,2
73.01876122829776,98.72671527703619,36.75665038165314,0.10664104026301154,0,0
79.68746108375126,97.14621343628731,36.96796512626278,1.1537056625187605,0,0
85.16903470421381,97.0357541025269,36.4887325300082,1.9949239518195534,0,0
102.2990346592789,94.34235797121339,37.80491047083136,2.2867614039030295,0,1
62.43816794704394,96.66301633996186,36.8218554019501,1.6051729530258556,0,0
83.58122026972083,99.35226491435486,36.83641209758592,1.9794411623981345,0,0
86.90803215758034,98.73082305975758,36.92251213675482,1.2301635267897972,0,0
124.95985828422602,83.59127645831477,36.668652801607124,0.0,1,2
38.853397104045584,80.74909606686285,39.20081170926294,0.3112600627522383,0,2
90.90532691465933,99.29651469433709,36.747227941317455,1.3063318503771955,0,0
83.4953850250606,99.0198158111603,36.619707302799625,2.0309458173641146,0,0
95.04118329201735,90.84009209875235,36.76344640173594,0.0,1,1
54.91716974009714,97.70282120351757,36.80328303549481,0.0,1,1
64.29634682152162,94.26812546598626,36.77324335198227,0.0,1,1
72.40286618876031,99.22676127363815,36.69807091341499,1.693764873881435,0,0
62.79774519654847,95.98087853083753,35.94103133825183,0.0,1,2
51.3655506124663,91.2918869709161,38.05269934339277,1.9006047854786208,0,1
114.93967028690334,93.38650981543799,36.67067101575209,2.5478660156869286,0,2
59.67563158991014,95.60166999897703,36.58419335212541,0.0,1,1
74.1436745493559,95.80247114069505,36.829408246293916,0.14905767616770413,0,0
78.28696845438762,96.63239993760376,36.65177221537204,1.7745355221461159,0,0
119.51654423792691,92.19075644451645,38.11997250150378,1.4865470633559053,0,1
115.77237333346416,93.54084527432266,37.74014439636503,2.695160313540619,0,2
57.347011343648056,96.19368311564449,36.33464824446015,0.0,1,1
137.2781975493754,78.808838801022,39.00864672850561,1.5950605422795292,0,2
87.9366138152932,95.50460250075315,37.01096051340211,3.2581712179062885,0,2
36.51073425231542,80.25962549794545,39.03249581702165,1.4095258498465808,0,2
57.50596640856196,95.78831214559597,36.68202564662686,2.4975616807884906,0,1
79.97847285230021,97.09835056617058,36.76137191481931,1.5122098294438449,0,0
77.73963430348017,98.54264595423363,36.823928437592194,0.8165878343480274,0,0
76.37013638154424,96.40708701901339,37.07874018160386,0.755338320904311,0,0
143.789709525226,77.29362704428894,38.748187062578644,1.4325368689335358,0,2
55.20296849644267,97.65824706408415,36.664867198995026,0.0,1,1
101.77604770204566,95.076843643778,36.52137015191003,3.3316332390656997,0,2
49.713621522863455,94.29243855371053,38.06583666589134,0.789152812688597,0,2
36.18289604822004,84.4159678673046,39.28069604270845,0.7640787320219704,0,2
68.11983779637626,97.70919874798163,36.59586454320862,2.173436255393404,0,0
57.83339491576073,96.84215275507606,36.45587716863295,0.0,1,1
52.5764611533915,94.8579372018818,36.44062764696478,0.0,1,1
62.060187673064846,97.12944066090155,36.95628430681408,1.8211512817716529,0,0
57.84579607164342,96.77723244983052,36.251595843275254,0.0,1,1
76.59913980784891,97.71655813935293,36.52429389993736,0.6963688703451212,0,0
89.97690967144493,97.96040498706894,36.80113604322793,0.9520128291814088,0,0
81.4084564435941,98.33105981494757,36.832290932981316,1.935171788257038,0,0
78.42185029741812,98.30555727269912,36.87794769604999,0.7944530977749438,0,0
70.548776001196,97.28916779632934,36.75093134053901,1.9446006032400622,0,0
38.77505960240119,89.48221281616317,36.394991369650235,0.0,1,2
76.76485537588177,97.4846681175571,36.698185400103654,2.04827682278105,0,0
55.85741516302806,94.31304360799143,36.309720883482925,0.0,1,1
95.16100353142794,91.83741750900886,36.72247731180488,0.0,1,1
89.2638976676829,97.99941300881429,36.67883809712225,2.103841801141319,0,0
113.63255769849702,93.13224885567756,36.80567950172587,2.6543899832983286,0,2
85.60280154004445,97.0061115116639,37.17875718804738,2.4281292562484995,0,0
50.22159062444646,96.98845371719273,36.73217150551903,0.0,1,1
84.02832141676099,94.30830704957594,36.94716848064042,3.4785733563493078,0,2
72.34197246451386,97.29029361581676,36.66652593307884,2.417006911708165,0,0
75.07630628549137,98.36578928624188,36.930095702075505,1.6859803264516193,0,0
145.5522688311379,85.78731082685584,38.29361640814353,1.0101149390396165,0,2
119.50438045422031,90.81244921627932,36.698224960915944,2.960277559533069,0,2
81.65893980805907,97.56435688757043,36.861257819006816,0.8698672328083691,0,0
107.47579956644525,92.18467471936874,37.7258286759218,2.8231509892265025,0,2
34.94544729218126,80.2630127333576,38.609359138358926,1.949439908203596,0,2
54.44346398076848,95.78473353893162,37.528832263607946,2.1301103849951497,0,1
81.83006463288022,94.53027281421194,36.62067868505112,3.7484532894497606,0,2
119.8414690324116,91.81007291945143,37.16288038395485,0.9902728145990503,0,1
89.46812189766405,94.912376667653,36.51421984292912,3.4105858029605907,0,2
67.1276118946203,97.21977720109246,36.80469769181863,0.6258545679457101,0,0
50.62880840409731,90.59856299102108,38.23503913835623,1.4514506678213315,0,1
70.33269718010241,96.2664643812228,37.14136991624814,1.9202440635883835,0,0
49.67613464856372,89.69488898045549,38.2316494161113,2.735699259998892,0,2
64.83276332986031,97.01572321840999,36.801475038337934,1.996700144653416,0,0
118.22759743177335,92.73217490309848,38.03865280309069,2.689841280343051,0,2
78.71321838920336,98.09002701326942,36.82289910786578,0.3888706444533039,0,0
57.04087249036489,97.55235932291633,36.477488117659874,0.0,1,1
40.29318451488326,89.87696527654948,36.53916304855058,0.0,1,2
45.121566583052974,96.04851999678851,36.75676485098758,0.0,1,2
57.743342591484854,95.17848116073299,36.84133455331585,0.0,1,1
93.80314442395381,96.15857034843314,36.967050660694326,3.8954952173574995,0,2
88.30183395215084,97.39152529723987,36.693129057059004,0.21425116483811452,0,0
118.35063529248222,94.28856096554348,37.164701222086244,0.5852309331357072,0,1
49.630519490802456,92.87977152584807,36.83030412290153,1.8315225572166167,0,2
110.70911035761584,94.24172113417102,36.78321118084081,1.983029292676779,0,1
57.17380486464016,96.93476318134279,36.58810858477335,0.0,1,1
61.73635459143442,98.86017293353147,36.88604950622337,0.5500362036933397,0,0
85.49658727725553,97.62433423358793,36.61971862233638,0.6832805288089289,0,0
85.11085956566893,100.0,36.691893606356835,1.6568739022625327,0,0
83.10576088946252,98.05917944228925,36.513546619578904,0.7852481801564436,0,0
92.3282315257793,99.34462672992458,36.81223044675711,0.324234375020071,0,0
56.0269705049424,97.46955654677775,36.2763268276006,0.0,1,1
77.02066913995428,97.23718634722941,36.80656105093136,1.977729135398998,0,0
50.94557034481296,98.36650199937041,36.5725419060458,0.0,1,1
65.54907884468415,98.97906842554778,37.14277163200535,1.797457315094231,0,0
54.522424237217805,98.00517659920962,35.76143410146373,0.0,1,2
150.4122088622547,82.03787369279468,35.932257684685524,0.1586083410026175,0,2
88.65054314731951,97.34563596556998,36.684667070748816,1.8373127017270339,0,0
69.14216198652674,98.43858900236714,36.6493418100065,2.201268762238925,0,0
49.40334781323184,96.57576397253436,36.378787881808584,0.0,1,2
55.44309815644562,96.59094471721501,36.359381889115966,0.0,1,1
76.35791329546208,99.1384141991201,37.08282219745932,1.9970016879874484,0,0
65.44825022518917,97.98110846277004,36.77672322495509,0.8511945859455737,0,0
118.72000799300255,77.97696594040698,35.78833564202202,0.0,1,2
73.09214168581957,97.59466481621196,36.71651762371214,0.30083026149534875,0,0
114.04132449841815,93.70250517659743,37.15596980671799,1.9781454283638793,0,1
121.40344708507874,93.83722007517865,36.47644261052451,2.4240299095116633,0,2
69.39711941037622,98.12429075626234,36.96518651892108,0.721287877832793,0,0
98.83190446013742,91.29280556413218,36.60279083591712,0.0,1,1
59.73029017328261,96.48039949875825,35.934162533268484,0.0,1,2
56.524207060583166,97.29156033046226,36.714207527317804,1.4566380889449126,0,1
76.15412990075345,96.98284084756106,37.03947589409851,2.1100429777633334,0,0
60.13981187116781,98.39989987738883,36.16484482232369,0.0,1,0
66.23975811585505,99.52720309567145,36.436137128791096,0.4054612422066475,0,0
52.47505605237633,96.62170885280322,36.389430494166355,0.0,1,1
34.95964453882295,86.71798727328198,35.70998994838353,0.185134386611563,0,2
108.7257852634326,93.85123313626391,38.28275975583507,0.8681157516734297,0,1
47.368384809011246,94.85538418141496,36.05005021628631,0.0,1,2
78.51486700120265,97.58772218867641,36.57122677268815,0.4577995986877472,0,0
142.3839915198884,80.34959361700497,35.491261484203186,1.415583267575571,0,2
79.999848536957,96.46076465109681,36.926903460026075,0.5755217250777895,0,0
81.50132534389073,96.9041396160869,36.76933783564995,0.873907368224144,0,0
81.04133511293601,98.92615922721193,36.38603854504536,0.995126591183374,0,0
50.80437719690826,96.83889481631104,36.550784962657545,0.0,1,1
56.78794016072493,99.10147476328196,36.667934788044555,0.0,1,1
115.99157348990084,94.58422402266059,38.02475174840772,2.6924044381991634,0,2
93.82861301932729,96.13888417072619,36.491509731940155,3.5336368006100862,0,2
73.65944238950642,99.83662908702168,36.68046948088855,1.259428728091519,0,0
78.52178669248883,98.25325389430509,37.12050209719714,1.0967821543070537,0,0
82.5264235211952,98.20565378453576,36.70916937310473,1.014506188434914,0,0
60.76425971866042,95.72079178120798,36.46554829704926,0.0,1,0
110.03244483771053,93.30359425632346,37.18182650747704,0.6779122849480147,0,1
55.737669472683685,96.57350794256728,36.833931040520724,0.0,1,1
78.57173773063855,96.93093713168409,36.8576516790255,0.9703888143918736,0,0
74.60709529214873,98.94402758395144,36.90558304721251,2.1080411239611205,0,0
115.24054601425809,92.31672141918243,38.43634391061957,2.4953526595951647,0,1
88.2316493164697,98.36364050382878,36.43797230602216,0.5828720322398042,0,0
70.93399302894122,97.83119650643877,36.8938638793397,1.5526248293108529,0,0
47.85085515535647,96.36009423484342,36.374008371697954,0.0,1,2
70.29592868743282,98.09343282797916,36.886707175319046,1.5841760895462198,0,0
63.72169991318509,98.2612866516769,36.885839071064076,0.0,1,0
49.753433700795405,90.9519227970523,37.8332427451804,3.0541212572332803,0,2
38.29140962147657,91.4891784257173,36.99775407734352,0.0,1,2
78.46074643262656,96.12749135288145,36.620073137108236,0.8322405774139248,0,0
90.77138029572505,91.8292450573173,36.62158251074684,0.0,1,1
64.35107115079711,96.23099625592405,36.98703530934599,0.1383081526280038,0,0
59.14333362588454,94.40978723023953,36.34994827744558,0.0,1,1
33.343622682916,84.50568754422306,36.00446781835186,0.0,1,2
120.47602997399044,92.20299216642181,36.949925277887374,2.65694850795078,0,2
40.23426831908158,86.99843942045212,34.99488702175172,0.6804121195269259,0,2
77.94885235443284,97.70852499890441,36.68625823135306,0.12880234217669956,0,0
58.207289480906276,95.5455118570482,36.43767467603591,0.0,1,1
36.32540495518194,85.7255968171617,35.638124015074766,0.3498243491156362,0,2
115.45033968122931,93.34416471074712,38.00444175668986,1.1924276191411978,0,1
83.222188373177,97.71471087186148,36.79905671789418,2.223504244514465,0,0
37.20914977880033,79.43859938112683,38.509691590168515,1.056084983826895,0,2
49.84251205847352,96.15831260999994,36.225552670486174,0.0,1,2
138.6599685401616,85.16228673363746,34.829638116208315,0.5634196728794023,0,2
84.1740275662574,98.29883106135082,36.56273780826387,0.24828105275045206,0,0
51.210358913155055,95.8574737652528,36.356633953781085,0.0,1,1
79.85424028645299,98.17486757574409,36.547300358175534,1.6738561042646538,0,0
76.75828756833022,99.0311971810292,36.74246529965343,0.8464666457054526,0,0
109.17156009692404,92.66750367652753,36.79506255015447,3.169929184115684,0,2
115.39747068613529,94.52057575595757,36.78882802655536,1.9848940937006356,0,1
73.19377940340068,97.72209530638325,37.06586029857594,1.9964268234500622,0,0
58.64013412627718,96.30229106738156,36.62975388006985,0.0,1,1
73.00503547818964,97.48062828955958,37.05074422390221,2.3065545944495525,0,0
88.12426625919652,97.36888038816457,36.70844494268827,1.1160866326366952,0,0
57.230289738780776,94.19841008422004,36.538031106576256,2.403267984495157,0,1
118.6130418399625,92.18652635269292,37.3632047623667,0.8923057290168259,0,1
54.987885717133786,95.00276119367392,36.347212853258185,0.0,1,1
63.01038583574725,98.4025155602892,36.60838824079218,0.3683214475333455,0,0
75.95398264722522,97.71814436274293,36.87111593775407,1.2828068226217932,0,0
52.55388191823151,93.83860152131702,36.72382725304942,0.7812985498331713,0,1
68.69720850011531,92.91981307084107,37.24863522880845,3.840607800152503,0,2
68.4387947801713,97.40759641385016,36.82491467070434,1.9017312167850027,0,0
74.85344440966412,97.68853567645141,36.620114750952865,0.8066936649875244,0,0
128.29396208879166,91.58512853210463,36.79419814942789,2.508028629434991,0,2
40.450054506044935,90.30184995024048,36.332755490466766,0.0,1,2
50.41204406364529,95.1561473482993,38.18526194696762,2.830627962743883,0,2
54.11815677383415,97.82468690716225,36.2303975639375,0.0,1,1
44.10297897877811,98.54026498867951,36.2221698167812,0.0,1,2
71.28762437305552,97.2654948458766,36.65487782549526,0.28192962279960804,0,0
81.45542190402598,97.83061446479834,36.755767441034386,0.9696745200051367,0,0
114.5672880704311,93.55357544939463,37.819743548892795,3.1197065465852303,0,2
106.71916636009335,93.59169044961425,36.75935482496687,0.7809857115564944,0,1
42.018038497262864,93.72436953320343,36.926883894040735,0.0,1,2
89.36703523180577,97.60850691998208,36.89460635506431,1.7827505949050633,0,0
96.2487072676026,92.81938569625106,38.061099341033476,2.3713426441096157,0,1
74.12472473640815,98.62658630872833,36.92431497525166,0.23053806133386398,0,0
57.26466417765295,92.94072038447615,36.856833958197996,2.862141808918522,0,2
73.59846012832132,97.5457922725773,36.73833728734509,0.6773808992910259,0,0
44.73000570031499,89.54222360602473,36.703941576636616,0.0,1,2
69.74373975421797,99.03410814596933,36.59623119967548,2.1401595079682645,0,0
55.09445226237038,95.69085411870422,36.53658258272412,0.0,1,1
81.33506606429896,97.55500206765237,36.2439235333178,0.14391096972380274,0,0
119.66927489423045,94.32560444773831,36.90672387840657,1.551731051038981,0,1
72.71691885430901,98.31786452799,36.61144185435843,0.860639470642562,0,0
105.45379351278115,92.86043318646402,38.00335157597881,0.8727658331450727,0,1
67.18975104893111,98.2833494467319,37.04950742919646,0.3994216363073261,0,0
51.99712415435547,98.73931954907992,36.494144494307264,0.0,1,1
96.90043164011108,90.54542607463303,36.7664470493845,0.0,1,1
84.37307745946222,97.34134079846578,36.86869035004086,0.9577909426772755,0,0
154.63455871720475,84.7696328481531,38.656509146493335,1.4169124924773435,0,2
82.59353087230976,98.55235167539774,36.27006274311248,1.8406805856379338,0,0
53.14651325624418,96.91488607338012,36.190219398048505,0.0,1,1
78.9078442893645,97.33277391941365,36.80485425467285,0.26885607043105286,0,0
43.78474988246506,89.6175776311219,36.40854278023007,0.0,1,2
71.35745689249397,97.71877735049205,36.93801901056687,0.6021745648355066,0,0
74.26757599323783,96.95231513225374,36.84058420432427,0.7617125202657475,0,0
52.48225177264751,96.51963804782241,36.31921579700786,0.0,1,1
76.01754057781581,98.60513836062931,36.74278662015996,0.21056112023431953,0,0
70.24165171473838,97.72508642155002,36.589594546154636,0.8332189210322916,0,0
112.90675906429645,94.80996334963157,38.77601581733032,0.6785332531090341,0,2
111.4123582119279,93.68477566477608,36.841809271588055,2.8922284438505046,0,2
98.69129608881096,97.48214126123081,36.65774639018175,1.676294272130254,0,0
78.80746887480518,97.7465115453955,36.64923646911633,1.5409006864521528,0,0
111.18672122351543,84.8725916855362,36.33272819528556,0.0,1,2
67.38955255027007,97.15524845253954,36.86910559663335,0.9151259761964838,0,0
88.46594332041425,90.4018626079314,36.4249825429624,0.0,1,1
81.1689623584302,97.08816612156537,36.5981038970226,2.493243527036737,0,0
80.65237051243051,98.08452153662043,36.68027661503084,0.6838196739877844,0,0
112.43274683082689,94.5631322524803,37.83072690273342,1.145773511256928,0,1
70.56804893224397,98.61912170674469,36.77370344281566,0.4220912560279979,0,0
106.21036252583788,94.30155574244823,36.807308034272744,0.9030284382841122,0,1
61.143549519154554,95.77299285682847,36.34270457476378,0.0,1,0
125.76085321384355,93.46497374151052,37.706418136214715,2.3461548095293363,0,2
115.2940427735129,94.61097171212312,36.86314891799771,1.8753457367166144,0,1
119.87138964207179,94.41906603189067,37.03959368263622,3.616765027090632,0,2
50.355886883350706,97.06897771177256,36.54626161512244,0.0,1,1
52.20956377884394,96.46198456764544,36.836562678182986,0.0,1,1
71.08252195426226,97.53378533598536,36.44394885492981,0.357872829447628,0,0
41.01598313355674,83.36043506775971,35.63861579046981,0.5387866328768126,0,2
71.8035838697188,99.59503598378663,36.85378217424011,0.4603607145333869,0,0
77.45559351746509,98.00384753312379,37.2180298930326,1.826323166941237,0,0
78.39600407548889,97.67034488964998,36.461683179252496,2.3819151783430565,0,0
117.14990498345328,92.69714725048001,36.616339553806164,2.529761820856528,0,2
74.19793054277123,99.08241960268332,37.191652423789705,1.779095385362553,0,0
70.45677985521148,98.01594182473373,36.58783617109282,1.0407537385184964,0,0
80.5866725979702,98.90960705688478,36.971070004921515,1.791814417821918,0,0
46.03754955354165,95.5757353932282,36.81726985755617,0.0,1,2
48.0739210887901,97.72770202221632,36.40139516178607,0.0,1,2
51.05749008063058,94.30482307094692,36.58834510044829,1.900054175841057,0,1
71.30261823074773,97.6603783527475,36.89550746839931,1.294972186890476,0,0
85.7158469225264,98.37222944544463,36.420892824852636,1.3184132653982221,0,0
75.90632834815084,97.41934682776444,37.14785928181787,2.2557621245207073,0,0
43.34576514924157,91.43565821049553,36.862464084301365,0.0,1,2
75.25369658734733,97.4080745171831,37.075290674665496,0.9704958750529349,0,0
118.7769015456803,86.4374619394809,36.27560417802102,0.0,1,2
56.977132820989205,95.89954806973786,36.644832161132236,0.0,1,1
81.78359424054007,99.11629968718839,36.94351775144205,0.9975327592571681,0,0
78.52002507606583,97.67036947228428,36.54033786056432,0.46008728997867887,0,0
82.79885671915453,97.3839688651457,36.54258509798567,1.2790499114913145,0,0
68.44430562464103,98.41656762096986,36.671004003290925,1.2933409664725406,0,0
75.7143512690799,97.30100773198582,36.643025562586715,0.6951142472033889,0,0
86.23768420099697,97.7117496313401,36.90546448675873,0.7231314100614299,0,0
62.307160914975235,96.75247856251487,36.542708101711256,0.0,1,0
118.51561550575454,97.1383328445814,36.971616579867636,3.432222992030442,0,2
75.95809162886614,98.01048442937359,36.56688593294401,1.8726846845731318,0,0
69.53108516624427,98.06705515026593,36.79530115181777,2.3504717896985343,0,0
75.6073008421079,96.70187865897938,36.93773475131488,0.7492309126749749,0,0
79.03870597837593,97.91391989006,36.62564924044837,0.9806063739605722,0,0
55.96342965260872,96.54437080029874,35.978595640670505,0.0,1,2
63.53008618768847,98.34936176987905,36.96724756379478,2.2275419805330405,0,0
71.17917629629453,99.30465697880236,36.72202634442868,2.349716539283052,0,0
64.69975895202745,96.89434476227908,36.467676829501066,0.44890553271999045,0,0
149.76580628900842,83.03592057018858,35.17659465274168,0.5712879766550492,0,2
52.078587247368816,95.20550203756855,36.30134998073294,0.0,1,1
80.3374691062209,100.0,37.01907935119533,0.8893857381026318,0,0
54.411634924943264,96.15892402056474,36.29817497913664,0.0,1,1
71.71371815692724,96.89203547797803,36.797058530345836,0.34316603671165574,0,0
66.37840634404363,97.44356195311444,36.95592584432675,0.224221247274431,0,0
68.48677945118138,98.92851049089504,36.698678841874866,1.9962568466291999,0,0
88.3318451312533,96.44668786058136,36.52037793611207,2.2119397144328636,0,0
103.65219462954093,96.00643917397231,37.22711142881706,2.8156508488378535,0,2
50.61440614842817,96.71743093724788,36.47891082693309,0.0,1,1
82.68412281384914,98.76151142449531,36.64549106878529,2.107118059277016,0,0
50.33504078841779,93.03811259312809,36.724393265807,2.0728581679192466,0,1
105.8214608321886,91.71292820223383,36.7772988945715,3.086120583159019,0,2
69.39935197280843,97.39537053287947,36.657481203755616,1.6042995621586524,0,0
76.5352949346517,98.2676463038111,36.79807335308369,2.399018080577909,0,0
91.14321966361109,98.68334536422572,36.87930856333338,2.167735976941392,0,0
68.26203860591896,96.97376364873936,36.57908885354633,0.33909374757504346,0,0
32.721134397734495,85.15388629355728,35.71136029454975,0.4306212526756453,0,2
117.02305581530445,95.08642783784808,37.02215209584416,2.775528180459941,0,2
91.31965046045127,97.83437270212231,36.40037852505541,1.502722027391287,0,0
84.08283859558512,98.40907545588861,36.95381971309424,0.8071413497065145,0,0
170.89605672093344,79.19243296404613,39.395183822656655,0.48746246625584166,0,2
69.20639863915613,96.69030564797889,36.54468630474909,0.0,1,0
57.643401486185475,96.82524983014899,37.193171978555746,0.5411289914748473,0,1
72.56947557369767,99.1931352244763,36.6046336916665,1.5269823655084225,0,0
112.8314123828028,93.56687461141998,37.55654877315226,2.7627456604872154,0,2
37.62887018064207,82.57427044718926,38.86422242672682,0.761860177623608,0,2
64.30185195685699,95.07109955489976,36.21167197055641,0.0,1,0
75.8035546325994,96.50170660312335,36.93227661755478,1.8462888885456628,0,0
32.012993089653975,90.75530393000467,36.42946885485181,0.0,1,2
56.75697850950872,95.84899891740517,36.80054759444893,0.0,1,1
78.89376621840066,99.05821593484848,36.7190810284671,0.7408226956694598,0,0
76.26154581958258,97.51248623095707,37.01432970068652,1.2854365232254132,0,0
78.82398223598595,98.10662303834728,36.75390417978974,0.8135364891527288,0,0
118.47233782746267,94.16654334673952,37.43870469442272,0.8128866612610037,0,1
52.281456763421744,93.53699738739735,36.8481181609828,2.601105652184451,0,2
120.43596905749563,93.99155506348033,37.77088693144047,1.9130661836922183,0,2
75.59669300198748,99.12528374824842,36.92242115642851,1.9445805497888444,0,0
122.57775677398236,92.60396912072636,36.58323521294486,1.3776616245402304,0,2
152.18495350389338,81.07173262231825,40.0,0.9941657856105729,0,2
57.277019001367414,97.33998787474437,36.38970603505489,0.0,1,1
73.33101488356682,95.96654325848783,36.71095683975021,0.9096512859924468,0,0
57.69157309201811,96.20507800308201,36.439709107192236,0.0,1,1
75.78907204938331,97.85091085078398,36.52580856368553,2.1839328957874873,0,0
73.9026398641797,98.98681459415285,36.70928608808715,1.232540194358765,0,0
81.75486258923713,97.41293139333082,36.520425996890005,0.9032962053363749,0,0
46.94436347039095,94.99501274696937,38.63023613574971,2.0550782635769176,0,2
82.83237868786783,96.80434961248054,37.07876709100988,1.3391075995602566,0,0
78.0822517847216,96.68737046250143,36.74536962566791,1.0888353583092958,0,0
57.25326023599341,96.31387174084725,36.191734907372,0.0,1,1
75.90661159467187,97.33389195757168,36.70303336259677,2.084903243374026,0,0
77.31300053810048,97.06255230664372,36.63554615753552,1.534524609676019,0,0
55.97060244774443,95.82825218700445,36.396727863177965,0.0,1,1
57.28372649030143,96.896938316731,36.347037197974494,0.0,1,1
77.20589293165627,97.4133916308405,36.68604914670735,1.0189428982756388,0,0
82.45315681565476,99.23998041374325,37.03388796159343,0.26448599540313317,0,0
53.48032202350658,96.60359982415243,36.926937102179124,0.0,1,1
84.1943334617492,97.51011409302527,36.93556573104922,0.2612280928044295,0,0
71.69635187634067,96.41687500228682,37.02448506268513,1.0949631801498438,0,0
114.27681613417396,91.65021574428077,36.74117698280469,0.9799447217678263,0,1
57.41596873507718,96.62937105414947,36.7687189906579,0.0,1,1
64.33795347935003,96.98502674775901,36.90312743800566,1.5415277405877024,0,0
71.70234344862875,96.89533995621821,36.32765092362008,0.0,1,0
87.51030393067855,97.79772215913123,36.696251094633695,1.1231582590609832,0,0
52.17333624277683,97.06049214433193,36.421974590422714,0.0,1,1
65.50012842293698,97.83885183169252,36.71904946883618,0.8168779089489492,0,0
112.88466384303821,94.37187707603557,36.96365656215244,2.693535250684999,0,2
58.23826422587883,98.05509413330178,36.23882215354628,0.0,1,1
67.98660302257065,97.51971958472296,36.960173144527346,2.1663172504067867,0,0
78.40772313845889,98.06008314697446,36.691013142619184,1.561188880368596,0,0
69.83916590593907,97.55886128592948,37.01567143838997,0.7033176138453393,0,0
74.22981088147776,97.5473745307562,36.60176027109651,1.1285964623034712,0,0
117.10084964938494,94.12888075243048,36.80500641452167,1.2388013394617245,0,1
146.74936668874733,82.46892283269821,39.130974593605124,0.7522117786118606,0,2
97.13700788169926,98.33075802738013,36.43038828558159,1.8695531071012772,0,0
63.423616747029406,97.88068713633082,36.8336309043063,1.7974060686002025,0,0
68.87974809976686,98.72917737687489,36.96258097613603,1.3650753859686213,0,0
95.2259387110991,97.83611342341628,36.87146099452985,0.863425342965604,0,0
46.01101998201594,97.66974238409412,36.74164214566657,0.0,1,2
106.87343533977423,95.3125765358658,37.35176855867073,3.3834673577684264,0,2
69.74351264132004,97.32046860396044,36.75979660199777,2.3210681341547157,0,0
51.00341251620116,96.44206902628625,36.04410918474094,0.0,1,1
80.11284240662955,95.8554344092928,36.980795053306764,1.852908584431557,0,0
57.28427776073252,94.69220365125244,36.437982019460385,0.0,1,1
56.10641779613405,98.78862771381878,36.66865633542046,0.0,1,1
53.98999869741127,99.58236336734615,36.62049166837107,0.0,1,1
113.42274571893569,94.63117449870238,37.81400199829399,2.857562013350652,0,2
91.5327173282898,87.96456543127074,36.373191690595796,0.0,1,2
36.44943312904174,87.17037055380631,35.91351288700994,0.0,1,2
71.56933581361196,96.25935903088946,36.82508135658825,0.9042644627879997,0,0
84.1425382917953,98.91275630107742,37.211787769059654,1.0387774497884348,0,0
66.14755627738185,99.65369954343068,36.501522708636614,0.6986080009929795,0,0
112.60127067489496,92.91558049633157,36.491577915632575,0.887932680962644,0,1
79.08076397798928,98.68372340282154,36.67873917734883,0.8731784397282164,0,0
80.28585287461411,98.25736463218507,37.21487660268394,1.423497394963326,0,0
86.47804119682283,97.698014174599,36.5146331811007,1.0921532554408366,0,0
115.26974917888089,93.5654154578912,37.928517141145136,0.6178313565457856,0,1
79.54394164892952,98.46949755705499,36.94711979906336,1.6964373177631094,0,0
73.65657091936785,97.93762416119918,36.74850253747956,1.0012627012941742,0,0
51.146090740781744,97.02729622054314,36.310943185476944,0.0,1,1
76.12157837078928,99.21245301690648,36.518027504444525,0.31574787283867706,0,0
78.40573328641945,96.99773659301631,36.85151246997732,0.42325713035880175,0,0
136.3902666622382,82.68650756540967,35.41579252670685,0.37324880768734325,0,2
116.81029091047733,93.29302709582224,36.75964458550455,2.2448270875311804,0,1
52.187143612142584,97.08369392273806,36.41702179200083,0.0,1,1
38.36307807996321,91.12077919078003,37.260885465512345,0.0,1,2
49.128241196957205,93.63379111451665,36.74301928050304,0.7096434501571811,0,2
41.97244068200158,96.08660046464959,36.4336020794458,0.0,1,2
67.99436419322906,97.0424038231384,36.79131222051642,1.42529298323009,0,0
80.73193552402488,99.60922890130686,36.78548281568143,1.7654819932809456,0,0
75.50073745503182,99.75699259907056,36.981481930389634,0.48132775033115993,0,0
43.23164808986216,91.06164855959133,36.599231538656,0.0,1,2
74.21026836477373,100.0,37.146330086808575,0.8926012143436209,0,0
106.81861202943963,93.08607178287347,38.2257797937766,2.564635612077701,0,2
39.669969608285356,97.36486985414196,36.01752130971463,0.0,1,2
77.9702338751096,97.64000907251067,36.51786377193546,1.7101872022576226,0,0
52.51841484704771,93.58622420397045,37.29563692953117,2.4119299511020422,0,1
48.97434075338789,97.07359354285526,36.14447559226628,0.0,1,2
73.01032882318488,96.90302241246609,37.046269789251944,2.01019106337626,0,0
81.00072666907255,97.98884729285653,36.8636022985335,0.5781940800425988,0,0
97.91078476506341,97.66429090903692,36.67021364004277,3.670608679636008,0,2
66.43685152501676,98.24126321669328,36.823897497982074,2.040074269365093,0,0
66.3044621897852,98.11577143783211,36.71289406401456,0.550052795522169,0,0
76.96743714199751,96.12906798734713,36.613669442982534,1.6731871597892018,0,0
127.38029809671838,92.43018087817758,36.655158921846905,0.8089709880247662,0,2
84.25878096133812,97.69589931785279,36.59231306573879,0.6536839193482481,0,0
60.73932477911046,96.414889014935,36.164600290412864,0.0,1,0
95.06949731713512,91.13333670892999,36.168843692640436,0.0,1,1
85.35357265186147,97.29227192816478,36.741210794300855,0.6434544191419956,0,0
92.90970915700927,97.79475995725312,37.28330689567468,0.15544981029613175,0,0
35.202330754135296,85.08937846458278,36.49961391915091,0.0,1,2
118.61475988517496,92.19490895001479,36.92755625641421,1.2530376121166107,0,1
81.55421822487074,97.31976059285778,37.03440690250227,1.8883886499774079,0,0
55.864597118403545,96.83282905171167,36.07538978198037,0.0,1,1
121.82388314075408,85.52759284368007,35.6891939397518,0.0,1,2
55.64346517282711,94.38203743584263,36.58715082275015,0.0,1,1
40.74385733852554,90.66116713602875,36.283608655221464,0.0,1,2
41.386046348564086,84.10064143241529,39.17277473818876,1.3625731459167287,0,2
50.115542129798264,93.58004756984828,38.679375438633556,3.047784971770045,0,2
86.606079706675,96.86231516916041,36.68022374751295,0.23001029410218382,0,0
66.0247227871765,98.08566138159976,36.85947303364185,2.175727738845388,0,0
84.67060884268088,98.45291332832521,37.29184624104352,2.4680241991919845,0,0
87.2689824925043,91.60793226065468,36.70108994974639,0.0,1,1
49.541680933263386,97.10834568965504,36.19455535910943,0.0,1,2
83.64665321522452,98.11756127785667,36.714543632061506,2.464012367855247,0,0
50.23482529473459,95.52355380827855,36.5987171891945,0.0,1,1
54.22423593678396,94.16476721736697,36.32521374958543,0.0,1,1
76.63661616503688,97.68272002164443,36.792280402943476,0.952882505841703,0,0
75.28317086564468,97.0629901009131,36.70438177299138,3.3211408093736923,0,2
83.15986498151771,96.33111829252061,36.67366496418463,1.833164242627365,0,0
75.77561919420995,99.84208314127072,36.78940514709173,0.6701214543830801,0,0
69.31978622859032,97.10424281865541,36.69327142269332,2.053550960722214,0,0
84.13500000150842,97.02937225716302,36.74409137845482,1.2916009319062263,0,0
75.8895700248409,97.6059560519071,37.1930808460302,2.070726389489427,0,0
75.47822503855122,95.07750437140875,36.55609503667316,0.24697707071914526,0,0
50.122466689004206,95.27448825938244,36.746420250811504,0.0,1,1
83.91818062013832,97.40786079036326,37.075205202547956,1.3537664580283686,0,0
59.63096329839218,95.41283415819814,36.818583203928114,0.0,1,1
72.87720173622996,98.15457605892868,37.118560103828074,1.9589036290253832,0,0
64.41893708107891,98.39070323847119,36.951509097766426,2.1910979387651732,0,0
57.9092460773233,95.05922118822578,36.47936215276877,0.0,1,1
114.47868506080728,92.31725865454577,37.86626390915151,2.1542452126049594,0,1
33.959086364451395,77.85912353336442,35.250008453224225,1.421449178110538,0,2
50.42783085923654,94.84712817371715,36.3244606611381,0.0,1,1
114.8070988017996,92.16719997208953,36.906199810097384,3.0005541631001025,0,2
66.77490002935049,96.2083628046,37.083395216338715,1.0450485918109216,0,0
62.85337084530204,96.57212074656017,36.788925532605376,2.376563765131591,0,0
50.89474376990402,96.61675464608729,36.18071086815163,0.0,1,1
113.1191035017254,93.61514758966857,36.8495438442878,2.8253412797269277,0,2
74.95672265016013,97.99580417628646,36.882743775113404,1.4317683620679647,0,0
51.104098749769626,91.67261264491611,36.90456637251333,0.6718136002631498,0,1
81.76743418050177,98.052640628386,36.65934707088149,2.076884273613999,0,0
35.42132131639348,82.96642813872796,35.98598089820053,0.0,1,2
75.85482654455346,97.13643115982737,36.84527800737572,2.428120591411627,0,0
89.8124410764407,97.78062849229255,36.736878953166475,2.331717175322625,0,0
81.84415327834378,96.86115109702551,36.999376588015785,1.1063781699850537,0,0
89.90458750324076,90.80005730977588,36.3800467272223,0.0,1,1
79.79263680758895,98.97717138209703,36.68246163891238,1.760183822321901,0,0
62.65080365573257,96.72877357258045,36.78268659660833,0.0,1,0
54.96158838102338,97.65489686500423,36.42300324783775,0.0,1,1
76.17180172609989,97.37927714785256,37.07682459537876,0.18721702131451784,0,0
52.47291566027649,89.58641625548105,37.78231631293107,1.7007231503654305,0,1
76.5712063094813,97.98362662107887,36.72866421064937,1.417341261773499,0,0
120.34597431068191,84.42874729529981,36.043768300531475,0.0,1,2
108.58302157168077,93.02808909952884,37.914551866217046,1.41454768866374,0,1
74.71089444414172,96.94306192312145,36.82256011028349,1.1827570708365212,0,0
62.290620880508655,96.64328917202963,36.79115818946415,0.0,1,0
82.37473723797343,97.33088940184486,36.77543123734165,2.115013110996191,0,0
80.20203758458592,96.3020223430568,36.47339084852709,3.548576553794133,0,2
79.47280568299993,98.68657217014798,36.482007311617195,2.2232271939260606,0,0
75.043640434475,96.18065913081041,36.689604215773834,0.3297511361390465,0,0
41.36528969741444,96.06722489476638,36.6953687928527,0.0,1,2
153.27459360594074,79.67437389695816,39.352494888002,0.4232433328932329,0,2
78.88060212702057,97.99918898681167,36.57561791729629,0.14363746746948242,0,0
51.43499870211958,96.53396283087197,36.56931547520466,0.0,1,1
90.20365534480035,99.57635017245929,36.84764907614756,1.3600092743536065,0,0
94.74233635064378,91.2397895817616,36.549531601387486,0.0,1,1
32.89730287310632,84.86315699784633,35.633018882458956,0.0,1,2
99.00054053827489,93.77400928100475,37.01035140610195,3.679686029335087,0,2
123.52748515454891,91.96547701449505,36.5786011782903,1.3657334365840046,0,2
88.65868551355753,91.2086179094026,36.5859925371126,0.0,1,1
142.1738845808722,79.02094556055712,35.51444598595708,0.4632644446654621,0,2
75.46411784832343,98.55638996008024,37.009806675797726,1.961794766478043,0,0
43.37292529691467,90.5158350119736,36.60531260525097,0.0,1,2
35.73913680619055,83.77115829769171,39.15861629380869,1.0308620055529276,0,2
87.82142175147693,89.83395325671468,36.86489738198081,0.0,1,1
84.95258897542172,99.6213352854536,36.61517858305941,0.17783996881593983,0,0
64.86834530798278,98.15101692105713,36.942599890156586,1.80390899348253,0,0
99.1933462549388,94.69176152443066,36.54568419136724,3.534096660825922,0,2
64.02193963825701,96.84272752470531,36.88092266982756,0.0,1,0
112.99430073436054,88.60776149320425,35.452049000504765,1.309427051341885,0,2
112.18334212007548,88.66423540322037,36.495864436381616,0.0,1,1
49.47554502293919,91.02125197720696,36.582858746916614,1.5805482068404104,0,2
133.11550547984385,89.47215141813501,35.62824328885233,0.2061864879022443,0,2
82.16643692211825,98.07531433300507,36.62784669660104,2.2839575641269274,0,0
86.41745765190115,97.40798146533481,37.0261430229106,0.10518121779961592,0,0
63.31713385062716,99.47549749601079,36.4122321079623,0.2618219882384157,0,0
64.98702507549957,98.05183023784635,36.69384877343892,0.37409248053558497,0,0
69.73539688809261,98.11697745438288,36.79028764824692,2.4113379768132077,0,0
60.309004035151524,96.59620619874806,36.295796089922135,0.0,1,0
68.51560964820258,100.0,37.033531283458416,0.5604016095011517,0,0
54.145272279497284,98.60818345824237,36.18769947810155,0.0,1,1
60.739344017968214,100.0,36.80650140535526,1.9809686133907718,0,0
66.26256995601945,96.51335060617807,36.50103947468798,0.9808094700925976,0,0
81.67523853713286,99.27529284931835,36.9560001664128,0.8409505145390224,0,0
64.8985052033741,98.5776754714573,36.921341220011065,1.601700700445324,0,0
116.01298121031839,92.17289946444028,37.68087905392782,2.3108172051418174,0,1
85.79438627884997,98.21979591008171,36.88021465005066,0.26391456874935537,0,0
73.93078527050989,98.79914802474227,36.530277906763565,1.426447042449852,0,0
55.37996321601938,95.94976446113296,36.525905491375255,0.0,1,1
77.47236082002858,96.952956514754,36.78944523731297,1.8961963857853992,0,0
31.0193580504821,82.86402462185958,36.694716724041456,0.0,1,2
71.27575495563507,98.77033093203126,37.02735874388576,2.498605783487616,0,0
65.44609393234936,97.99351050534749,36.743972675228164,1.4609210245452255,0,0
79.75243929723328,95.13813225498687,37.000945877563304,0.31089328467580096,0,0
81.68723844481141,98.28942620985877,36.669021572025756,1.6784052013830018,0,0
122.42784247267264,93.04503461825735,36.733154404766026,1.2746318019986953,0,2
79.29113740757357,96.1370335290905,36.83121069458748,1.0149696512296713,0,0
69.56181318859024,98.10036185692847,36.80737971076801,1.2605497267023302,0,0
94.85626931497443,98.06582481355427,36.859146591810955,3.94999685427235,0,2
111.14963024105437,92.16953799118072,37.45049137711562,0.7998198019380329,0,1
77.4784299026889,98.83578337188621,36.67471274946295,1.9370628770484422,0,0
85.99280979645783,96.66071618664424,37.034579096792406,0.6027890589629071,0,0
54.64577451437541,95.48176978131217,36.50730935260246,0.0,1,1
60.04645831301987,96.7723107516501,36.20049615493482,0.0,1,0
112.73227698862593,92.2975845730736,37.74077420940221,1.360002940323886,0,1
48.68338908989354,97.7897095141707,36.19785839430761,0.0,1,2
61.21813528444132,96.82604846326768,36.45370319406078,0.0,1,0
70.64014448959975,97.10219169418386,36.741264515689906,1.723564711080315,0,0
86.07247120949363,96.86793569257937,36.76856764958922,1.8921593772134015,0,0
33.26216887271884,83.4241300175358,36.20688023694042,0.0,1,2
122.42887656417125,91.67331949754407,37.13367443019689,3.0821569107770292,0,2
88.96777642063836,91.38916379676225,36.664078503771144,0.0,1,1
113.40229565072379,93.00148442112243,38.02571949225687,2.554586923279292,0,2
161.14868925073185,80.60793196453815,35.57563436681037,1.1027038034528611,0,2
112.51956096961956,92.33023939581598,37.34409286923049,1.3720957405094667,0,1
47.634241468982964,94.35128959706124,37.561495839628186,2.50456622771149,0,2
46.5922487500282,97.17473417005048,36.33119437077118,0.0,1,2
40.88883666441937,91.51409483146547,36.080514443445324,0.0,1,2
117.79832277772051,92.55747540133845,36.86968979144716,2.3233080065184923,0,1
63.93556951376627,98.33614106673635,36.86069574234753,2.07957291809685,0,0
63.25128523586092,97.15661377272345,36.562358976268285,0.0,1,0
77.71018082950033,97.24562830638651,36.80764686456929,2.2605311492772118,0,0
75.16379513011937,96.12382060905259,36.65637451198822,0.9443596757890227,0,0
91.54006873885992,99.00781875188423,36.569435728822334,1.8325895127796508,0,0
55.61014014252669,95.30372853313,36.2212090483619,0.0,1,1
58.77554883577801,96.80584417779316,36.351223278089755,0.0,1,1
110.95202624092576,94.55075727730936,36.14236865374848,2.879468993417437,0,2
69.77423385748799,97.39161139946467,36.74455396613463,2.3401764232272937,0,0
54.814681667139766,98.59029469231638,36.49468973818616,0.0,1,1
87.07226837451458,99.0776476473033,36.8033624715153,2.8774049692080705,0,2
64.905385914679,96.60653276415574,36.844153108660954,1.8213538473484356,0,0
77.71197961758753,98.64682181468568,36.58231757353478,1.6660865542226113,0,0
46.712191316718375,96.78685367435023,36.18097311827104,0.0,1,2
83.1272684256924,100.0,36.80388219478647,0.6000373531810168,0,0
79.06901334128013,97.94710033058242,36.68349916671787,1.2477677205833153,0,0
84.61355300320156,97.8728090202233,36.81568189617735,1.7824405479596297,0,0
34.94622028437718,87.20211912511252,35.609760673031026,0.8922389393233275,0,2
66.14741657560674,99.58493169969799,37.02415422134733,0.8575730156446895,0,0
73.12430031708608,98.1046058505299,36.98682470580064,1.282689693557516,0,0
80.02434458344055,98.95385032867514,36.49487884375249,1.7610620771728687,0,0
74.63395116837266,97.49267422075235,36.96293242350907,1.0595113826864087,0,0
92.02900397751341,97.59639309472132,37.01637752726531,1.589397313644919,0,0
67.54287276187762,98.60588149714474,36.71649855108108,0.12864402170325126,0,0
64.8047929267887,95.75462620428607,36.18589420187877,0.0,1,0
32.04638586025241,83.45898410147451,35.73607524443308,0.0,1,2
100.29941833722816,99.98752421707226,37.167358659607906,3.1821881251271638,0,2
46.726301634729246,96.94694294245703,36.573819641604636,0.0,1,2
78.74250221834714,97.79116032445327,36.795006565515585,1.9958750398416405,0,0
52.723915529145174,97.93072454852461,36.26363582166626,0.0,1,1
84.93192962356692,96.73694170357001,36.6870044032752,0.409865455785253,0,0
76.06218863038882,96.62098290908311,36.78535991534338,2.399213251368779,0,0
72.03822205032131,97.38176893189618,36.64440748580235,1.9990669919997521,0,0
86.21052022540859,97.28510100712005,36.76909337472709,0.2516041271931068,0,0
44.773607992092224,96.2816712670785,36.03711112517971,0.0,1,2
105.98860222683516,91.9175870873738,38.20144470212469,0.5658155527104646,0,1
74.3353402602532,97.59823999076966,36.98838870642511,1.6621926620084626,0,0
68.97438577243489,97.40915310806758,36.83899408539963,1.985520576673003,0,0
64.43953292520287,95.76832311297085,36.64341226041012,0.0,1,0
81.36293286426292,97.85090008878994,36.89359219497998,1.1830945885140578,0,0
55.174139820034625,97.42070614571401,36.52046802509475,1.2925623288875652,0,1
56.300130717414056,95.19224946032732,36.11975297730996,0.0,1,1
88.40990909500941,97.49867310503167,37.16392236038473,0.9000422096597528,0,0
52.93980245947705,92.72644047593545,36.99086853730739,2.9579149380104743,0,2
54.24155066817595,97.66998596612642,36.30190688607758,0.0,1,1
80.10413166302972,96.48435934682158,36.50388127822296,0.3543716121738347,0,0
58.46737015638071,98.31387060464647,36.66289795144413,1.7745865576208217,0,1
111.8426436972085,91.68477265055664,36.75733442566278,2.866752889073551,0,2
53.60327084633822,97.55729909435296,36.501668297787255,0.0,1,1
95.5893510746936,95.15668736692751,36.89915838770369,3.1144491067485442,0,2
66.84956670425154,97.44806286029782,36.285066755622545,0.0,1,0
59.241790776455225,94.9896661602833,36.116507564559804,0.0,1,1
78.92526661494472,97.87692466308233,36.64368343582484,1.8186995699385113,0,0
59.76333750801476,97.22112737129727,36.50736405276014,0.0,1,1
80.03723669523941,96.54854401123913,37.012812124625405,1.1832136344557855,0,0
76.71189039456081,97.3903734772466,36.5661323145384,0.8942055172320589,0,0
31.24745956153504,86.16849909998835,36.45672017680803,0.0,1,2
42.96864961164531,91.66326352783759,36.31176832897239,0.0,1,2
81.40560440324262,99.54261417618557,36.94045038384614,2.31110135796569,0,0
77.05225555150247,98.12145610417386,36.274926292465125,0.9589707451846374,0,0
79.50443441777901,97.77449038064525,36.8667751962056,1.0288736893087789,0,0
65.41448044091695,99.37119444084973,36.54642022839419,1.4353929987388232,0,0
63.26701645205854,96.92765517262683,36.935356359273484,1.0959970191068853,0,0
72.49566079874418,97.45439681008564,36.71244437910304,0.47631091735355424,0,0
71.35617697458558,98.58912343065407,36.746119737824074,2.4559721996687425,0,0
67.44217675834582,99.88005025989939,36.8098199621334,2.0361298121616676,0,0
110.11169348501429,92.91150681744635,36.87431375932294,2.4169906428496506,0,1
54.014557960043824,97.73529801160842,36.11462488524752,0.0,1,1
92.0439068408071,91.73019554406996,36.725667860526826,0.0,1,1
81.33721423495238,97.70314218174748,36.82586609587386,0.5989281973880513,0,0
98.32248881927102,97.50897221590975,37.131883466130205,3.434901995525384,0,2
84.61504416540916,98.59996089366786,36.782714478774835,0.920548764805118,0,0
38.17428242914076,86.04189223388951,38.33423859771736,0.31113141512094344,0,2
96.12516934030573,95.4362416600599,37.454055733466596,3.1343886142965434,0,2
57.93904685952712,95.5124610987755,36.2399644797887,0.0,1,1
94.62943635558625,92.07833838572414,36.711526319699225,3.755980841747731,0,2
71.07300023664031,98.8889813027495,37.196196488225226,0.6973479703115375,0,0
126.35718201043899,79.91671192614749,35.31021422543423,1.3655550826101397,0,2
70.07343994878657,97.48790193821934,37.028504188508684,1.3327399787354872,0,0
78.87703692346714,97.70917588242463,36.541717346744285,1.6151217914014588,0,0
35.02036803847911,90.9396905021256,36.637244848959725,0.0,1,2
101.96585893180085,91.8087778547167,37.39109081714231,1.1406412373572041,0,1
81.46920760953145,97.89966503034941,36.73520292470675,2.0748257877932446,0,0
112.49662714652136,93.0690965389279,36.427447968120255,1.2926722916369053,0,1
58.53470526151672,94.97032541684234,36.486091571752574,0.0,1,1
66.47926402202543,98.83620923148317,36.46268753124606,0.2720356200167881,0,0
76.51062243663516,96.94164081917899,36.9392318405534,1.9108081921293065,0,0
57.906044555039294,96.50908616654996,36.440815229530614,0.0,1,1
83.92660414364832,98.1975722079614,36.757947507282225,2.2502285081692905,0,0
108.81662907652948,94.02008071452696,38.2746103994453,1.8635723603512253,0,1
85.43229701317706,97.0115708732651,36.704221983901604,1.9726610331001715,0,0
81.86351054238875,96.4531913933358,36.78863128423691,0.5565282320292436,0,0
106.17114080832874,94.88377437457551,36.72818485175594,1.5791986863691632,0,1
72.16554457170965,97.58174011359016,36.63606892335682,1.1831686774957066,0,0
67.19798960018412,98.30411426901479,36.85666644492679,1.215504597022045,0,0
110.3824345294173,92.58598492510238,36.574242914612086,1.239935781232889,0,1
70.10332872179954,97.88530886464194,36.76109268087755,1.5863770057742372,0,0
134.4384153213821,85.29129939202019,35.80639837906,1.4121069899855534,0,2
120.09742203770203,93.35238069727626,38.59974233622477,1.0875404306766827,0,2
62.67265311913332,96.13253489389211,36.027330402351026,0.0,1,0
70.84186682142574,99.31062441933616,36.88670172194218,2.019408537655107,0,0
109.5795710499203,91.82553475501624,36.585957042448584,0.8143871852809976,0,1
95.17120951779334,97.10192225085476,36.87573069402094,1.1459446120072756,0,0
53.84881313451629,92.75502905032377,36.78391468473708,2.735640789819185,0,2
71.78907085560725,97.50438121091356,36.88574473447745,0.19442592401740103,0,0
122.04936277228123,92.75535757520815,36.98525574538328,1.4319277138051403,0,2
72.15283382265157,97.18557953817653,36.639754450168745,1.1749074792908616,0,0
75.58438703321363,96.71008148105842,36.553135358741166,0.5183519329023555,0,0
55.2464510853725,96.40401018452704,36.333563901250415,0.0,1,1
74.81667430683626,97.1300529981943,36.87147235379215,0.2368259154524111,0,0
88.65394231921653,97.69008530969751,36.730413205115305,0.97188814026306,0,0
50.821827610522696,93.03316335324928,36.67713960507813,1.3765745327889016,0,1
74.4776177092223,97.32020458352633,36.868361039605624,1.4338607726502919,0,0
48.133918605024995,91.26642984963274,38.097168855986155,1.9258224542549027,0,2
83.56962050830263,97.50541829639761,36.898908729861766,0.9028995773943697,0,0
99.17074358614414,97.38416117803655,36.610652181442376,3.4259815466869146,0,2
49.076423982005046,96.51720433591049,35.90228790934969,0.0,1,2
56.72745704101799,98.01682641115708,36.52828509976974,0.0,1,1
93.46260217180554,97.70339955706424,36.81248978336291,2.1086527731455904,0,0
75.42932514791197,97.80335159270255,36.52571835718969,0.35425427638433393,0,0
41.01234089197275,90.8567673161032,37.01411329888723,0.0,1,2
73.02005989905187,97.04311934704987,36.72603421816083,2.014581536634302,0,0
119.881810266025,92.07994209745695,36.894237848705366,2.971650040311412,0,2
83.034209681858,97.80283799343582,36.66968284184235,0.28962367433830405,0,0
111.10649636320194,94.81064855535544,37.112837901691215,1.4417894242522675,0,1
97.63185998043808,97.21018346842116,36.845001457336984,1.5289961722583163,0,0
121.52383890178476,93.68303973199649,36.80686431897565,2.651836741488206,0,2
75.36251262920743,96.10842711810922,36.861705475269254,0.844578932271923,0,0
72.97404908542538,96.78091179493161,36.59348746898434,1.2613329018544663,0,0
37.65008786330348,89.77458248776081,36.8388896283665,0.0,1,2
77.27849519569634,98.33175010236545,36.85418056955592,0.523232837627664,0,0
110.15472949788425,92.34576038556703,36.91121240472296,2.9632874298867,0,2
76.82200806357751,96.98215944532217,36.9084033659446,1.5179707680307184,0,0
50.33330937104412,95.29579405143735,36.597319404991055,0.0,1,1
37.6447894268804,91.8549273943948,36.43645480790717,0.0,1,2
73.80946402064271,95.83495922652901,36.619116554183556,2.45480264347097,0,0
73.93990079494715,99.22616930636663,36.58252965844864,1.620169348067859,0,0
51.365620114339826,95.94744551534266,36.315408332747815,0.0,1,1
60.960485125026054,97.48935891837607,36.780518415455816,0.8312196663958941,0,0
78.86562229166375,99.49311396373545,36.83200886305322,2.2146445002311603,0,0
68.00994879590093,96.6376753552622,36.92147651695621,1.2675859143454171,0,0
90.16535504849719,98.10331258066432,36.88104779172511,0.43753264417415105,0,0
59.01895212462049,99.7585674551389,37.10915274774349,0.23080841017080989,0,1
70.22448050082693,97.43736533649988,36.75847617727209,1.2157291792071174,0,0
76.39508052547754,96.09639456014813,36.6431275498464,1.0747195655703454,0,0
46.18034493082812,96.2383581616899,36.347391845948785,0.0,1,2
60.35848279189841,98.55768541625723,36.3945879044703,0.0,1,0
56.89606246411886,96.44179551334216,36.57125712790061,0.0,1,1
50.82402103061214,95.47027436912437,36.23562479588442,0.0,1,1
71.53827915538734,98.57598753930685,36.59258959278964,0.6754521648735482,0,0
54.930359159775556,92.0084650455425,36.44716584389674,1.6906114041242337,0,1
122.13754459102401,91.85631634851053,37.73721527890033,0.733590857073612,0,2
46.76725370203236,95.64803822802983,36.41287385721276,0.0,1,2
109.31540920221673,92.05657701535208,36.60747938511232,1.9250804919410536,0,1
50.26067096214697,97.07377379064468,36.49074153585726,0.0,1,1
66.82095806783803,97.89233371703212,37.15759438144034,1.1056142445025305,0,0
51.92101434989416,96.41284916541208,36.44066165405575,0.0,1,1
76.50877594680419,97.23484485543322,36.78102168937481,2.2369098032481958,0,0
145.33373168919664,74.10213272556759,35.729876288830326,1.7490118041590117,0,2
58.88200521022382,95.93980380960551,36.38622621701851,0.0,1,1
125.01262080126625,84.11881444408127,38.480827144713146,0.443463377689434,0,2
54.173246726478105,96.56387678905034,36.33582996731443,0.0,1,1
78.78825669599964,98.95777060609429,36.672079629783184,0.7380696752360525,0,0
148.45187265073835,78.62856252167407,38.96995150352242,0.47957643655362314,0,2
86.95058183090111,97.4048447622164,36.82691575054099,1.0332090216465315,0,0
117.94656453818361,91.65983504869892,36.707860723574676,1.851149634395945,0,1
141.7935771506267,87.97076899626182,39.3461607954228,1.7253385051823311,0,2
76.40699200632335,98.74481919864974,36.99669515053124,1.9266001367962267,0,0
66.2796078315511,100.0,37.01207183314656,1.0442950280722731,0,0
51.51907495236866,92.46550040496426,36.63075740738489,2.857800329661648,0,2
83.06706747127285,97.35809815600236,36.9461947616507,1.129183346476631,0,0
75.85696886151379,98.64812259881202,36.73926991262749,0.8936545270919983,0,0
59.176826070464855,96.44296124595293,36.33830369415603,0.0,1,1
66.57355463684534,95.96350500629215,37.09557428470271,0.2462493579625999,0,0
99.45908050498889,92.78594937410867,38.326769909866606,0.6751943475290557,0,1
68.71238074166962,97.60003510788448,36.96067314866589,0.5734216242016733,0,0
72.75732250707804,98.35725221040452,36.237365670602145,0.24882308647961776,0,0
65.8155959432747,98.97384778034917,36.96738899842355,1.35422021514623,0,0
91.37241687067525,89.7345255071507,36.67849426514927,0.0,1,1
65.93319442773098,95.39686464002403,36.63953738142366,0.0,1,0
69.42202174199377,98.01771159951343,36.705797765071736,1.6810071616836149,0,0
155.02055684568379,80.69993434030815,39.29651502417783,1.456022464249491,0,2
46.17712633038201,98.65743943253663,36.36662141438026,0.0,1,2
59.24151978831231,97.71921194893552,36.71889926171255,0.5148247239735577,0,1
110.31602589313478,91.41070799830743,38.10860606565558,2.832887874087737,0,2
61.948654156304215,98.87171047051277,36.66359486372603,0.1538233205390947,0,0
93.70579109935443,96.7483913816348,36.75430597081956,1.4591211205165708,0,0
47.97827376355494,98.71248923619994,36.61159844188329,0.0,1,2
79.3471586787841,98.64593066174145,36.96507046939596,1.6738204933753633,0,0
84.60264367451474,97.85340827360824,36.91617880291904,0.6329773470846571,0,0
71.36511111515804,98.5312213698471,36.78316595664919,2.061641091358907,0,0
51.76495614400746,97.0929107009118,36.51459006339939,0.0,1,1
88.76896565735478,91.88599600085378,36.62291905027065,0.0,1,1
68.53659039166014,96.85544891112173,36.78373368620231,0.36020871953215483,0,0
108.22205489240652,95.06104657478625,37.69240395545615,2.085237665798514,0,1
61.767162575266944,97.76211697186632,36.455812319796195,1.0234727248612463,0,0
90.62023919414004,89.0169599929443,36.38913786640066,0.0,1,1
49.54373461151436,95.08820512929685,36.68564008356799,0.0,1,2
80.86044238820098,98.28480435511825,36.57394446333248,2.136487294268465,0,0
50.49264737596122,96.10615238252753,36.47543597559479,0.0,1,1
155.84344030328216,83.30830511044532,39.018903113895966,1.6854875120069381,0,2
65.99963249883645,99.5512336902122,36.67366776820132,1.8050996542510769,0,0
84.32164865876986,96.90148376267756,37.015510637742636,1.2472132372462679,0,0
77.82556300315947,96.7957544530434,36.87744467422507,2.411547627059726,0,0
50.05022075407963,93.34741428787862,37.47779892277127,2.334655688655534,0,1
119.04924014182508,93.3080174403482,37.82956684815231,1.1905170307068076,0,1
80.01581801222738,97.65551478099141,37.08593592564257,0.4968808415787056,0,0
68.20699355246978,97.41757139704198,36.957756866820866,0.3524862368337589,0,0
64.00526222627201,97.46480043695959,36.84112147258175,0.9332166923998545,0,0
100.20141136358566,95.3436049802607,36.96957296373016,3.4965820253874953,0,2
63.080812652549625,98.75366047264644,36.54687423747092,2.2353635048507017,0,0
76.46229538040967,96.05943197786203,36.61842585629975,1.4077765678415428,0,0
78.93928746410784,98.93973106378604,36.49859021663614,1.6269191032731103,0,0
28.344914732377575,84.2224525169519,35.990227542840344,0.0,1,2
55.32802692573932,97.02659409708457,36.12808503514648,0.0,1,1
53.98326607104183,98.2023564630633,36.0896089243873,0.0,1,1
114.44656838297354,91.4445676418228,36.73752723164416,2.3181566738552375,0,1
122.37996608598066,94.30527311729811,37.69486663773406,2.3397644275110236,0,2
73.92778828952002,97.47420963099852,36.76363432996098,1.2611359966527957,0,0
77.40382797767938,97.2521426378602,36.75267804225717,1.3504884564694688,0,0
72.27452346456464,95.24217627373682,37.080515594776536,1.5121863893428502,0,0
82.27287211722299,98.89237903018714,37.384636443357905,3.242474701083275,0,2
115.0409590268095,88.29362578756854,36.758108312886876,0.0,1,2
73.04522618572237,97.94881560768202,37.32671620552895,1.6584485456812177,0,0
60.70150152458079,98.25765656466724,36.34872195912345,0.0,1,0
47.18640878092854,95.32507643782039,36.47628272005707,0.0,1,2
80.53314547027806,98.10807910281609,36.736530404328114,2.2009539012791293,0,0
48.93287829769325,94.59043432858523,36.41097312883473,0.0,1,2
87.868097979222,98.14539946599744,37.07512272111809,2.264841942310234,0,0
55.3107620317779,97.1562194064593,36.78204985406946,0.0,1,1
76.49999892545989,98.00354317192911,36.80394123109095,1.43165885906613,0,0
62.43991430867386,96.03947580749502,36.824595016906436,0.0,1,0
72.48460470552426,96.30034861585719,36.720948614770876,2.1991827347812283,0,0
111.14407301009192,83.54293748151107,35.75331915198441,0.0,1,2
66.27612454244262,97.26726061027483,36.77056463423096,0.6194288700958535,0,0
63.662930793848716,98.11836269091148,36.88512574274064,0.23275115905340601,0,0
50.74179895208437,96.56189369842212,36.15597856383411,0.0,1,1
64.2834280281699,95.46864511581714,36.09637640226129,0.0,1,0
52.51553371295283,93.45157399007934,36.96662058705749,2.946626838619795,0,2
66.38379867323897,96.64577176811609,36.7625199179929,2.045479554400734,0,0
69.72010597922313,97.31509591823996,36.749869978574665,1.2525228922493057,0,0
91.9171371039333,89.82172646194851,36.66907247360416,0.0,1,1
64.54652730263645,96.45776494281002,36.71479784027222,0.0,1,0
65.96662462357894,97.99859780673664,35.851883570894486,0.0,1,2
76.09992597507254,98.4499616297085,36.59100476504946,1.5048927832444745,0,0
84.87535055941791,97.07828913190954,36.46922427999358,1.2035870299832137,0,0
81.68891060619967,96.41010813854126,36.552885482111535,1.920082499340483,0,0
52.03467711088801,96.66784431884246,36.64584240837272,0.0,1,1
72.66286285394689,98.49057157306208,36.58357210571916,1.6100193166845098,0,0
95.175423347724,91.21319817991515,36.5962267050773,0.0,1,1
80.7598654268202,97.560828304479,36.92467306667542,1.6304601007633253,0,0
92.89772160104314,97.63360644575792,36.73653175831642,0.9075906391668322,0,0
79.84409772972185,95.37244655173124,36.6954682563608,0.9441099463453099,0,0
71.97797268051313,98.6903813695279,36.43187616638864,0.8440146726151481,0,0
73.4847018934578,98.18102340303834,36.80392680358273,2.0090051950495083,0,0
57.793194253274,92.37974117795824,37.72104822813785,1.8763852605702713,0,1
69.04986883685334,98.44902234341988,36.854045508117494,1.2615928550461517,0,0
51.0235911478863,98.16206353299802,36.23534288648975,0.0,1,1
74.59560100319663,97.85586532144433,36.73134133638478,0.42547730144605345,0,0
120.97805324878354,94.8637017934095,36.720845770346656,0.7698277681603723,0,2
81.56886042936092,95.70181741470586,36.834811040048805,1.966096055137067,0,0
83.87881067247596,95.40349642850126,36.49318245626636,3.483528554191581,0,2
39.13207591657948,93.6247216828348,36.358405006795756,0.0,1,2
81.04534705119298,97.5395281248031,36.986591593229875,0.42868460491995575,0,0
46.55264847454323,95.38309979777007,36.208771018978794,0.0,1,2
87.25543202109377,97.36367727700512,36.87943103051848,1.4871449343416785,0,0
119.23663294902701,92.2659240260237,36.721608291846536,0.7667536813514764,0,1
104.48347265348947,97.88798732763475,36.73967975627874,3.6470754998263226,0,2
76.66168746145544,97.51280265895186,36.96314134079984,1.9545256220919138,0,0
109.49606711091621,93.34111771014415,36.570482086350594,2.9629264976141316,0,2
52.0517990951549,96.10658749719434,36.442133148825015,0.0,1,1
87.36753047137839,96.82685126371254,36.34593164836025,2.329756863985498,0,0
77.88011239359861,98.78895408969416,37.172753441725966,0.26236271507346337,0,0
74.38070602972454,99.52199910475815,36.528214472156336,0.4469158965358061,0,0
82.33680727000612,96.49892262014818,36.88034992491692,1.1885500210592532,0,0
107.54902377141327,90.34769732346541,38.20636531709678,2.46910031107645,0,1
108.149653254736,93.5241923842761,36.638379132703534,3.0378957682991365,0,2
71.7021786870223,98.92280530088888,36.90421442566821,1.7467415612882389,0,0
81.5765847328525,97.58616516850756,36.91622094696361,0.8793946275635336,0,0
89.6611672338276,99.25012774934928,36.741905416513895,1.8887433401956122,0,0
47.46507712616375,96.0098928670515,36.701172321009835,0.0,1,2
74.98858720793767,99.01407817985444,36.63490488030711,1.660329788324523,0,0
40.888764088543944,81.75843815650074,39.47007822288393,1.9214154265114751,0,2
59.60919940152689,97.64298548136453,36.406925421969795,0.0,1,1
78.3836188593795,98.7412947902797,37.03437919201703,1.0696190808832502,0,0
70.44165670041963,97.87132791044161,36.92258497358501,0.5619810040873275,0,0
78.37497267768354,97.81134154456474,36.83217936791826,1.136777826417316,0,0
163.0963807139583,77.70053271332198,35.415519974083786,1.4336956615355445,0,2
72.3872861317774,97.35707133022039,36.27412000130701,1.1026927330418752,0,0
85.78208006141853,89.64622026960862,36.31292947187463,0.0,1,1
38.2033904498932,90.46988258186634,36.568624210776086,0.0,1,2
58.971323191905135,95.91011764584576,36.16693291820944,0.0,1,1
48.73102499171319,97.82927287219188,36.269666957956204,0.0,1,2
83.7049153138869,95.525915415946,37.15838622230892,0.7237402983402945,0,0
147.02061268822283,85.73767621498484,38.85965993635206,0.26676400932181676,0,2
54.803709937577565,93.65513131737981,36.322108277255644,0.0,1,1
45.48837952712422,95.4748071468899,36.100294393284116,0.0,1,2
73.37050586440088,97.67918621464167,36.70184527582669,2.2477256165996833,0,0
50.599338702394114,96.3799572050089,36.55951570465546,0.0,1,1
77.23242177264432,99.24317701383154,36.45049890262148,0.32370678439398926,0,0
133.59806414733248,78.53283209595334,38.480946317544095,0.7153225364401041,0,2
86.4830999731622,97.08818858828475,37.00642658900425,0.13359542282518805,0,0
79.77408547779426,97.54421866108343,36.4836481280704,2.455800027031366,0,0
74.94668076229915,98.50061453310677,37.04644302969205,1.2093474226586929,0,0
75.42230982498695,98.87916493412865,36.502413909895175,0.7620832115261611,0,0
65.82036809885177,95.65705585726911,37.18856830234183,0.5161414717765594,0,0
72.55801887600985,96.96926191709488,36.5272647236515,1.913499961881688,0,0
74.27401306598975,96.54578444372643,36.76025311190007,2.2469366752567836,0,0
52.81703378011066,96.9726589817362,36.42861897695238,0.0,1,1
81.40696532798287,97.4558665988712,37.01688859769255,1.8587522110291796,0,0
68.49307641841608,99.08666500119082,36.818814906426226,0.28614546398363877,0,0
81.52150220245225,98.47438090845431,36.89181099889348,1.7686711242188151,0,0
78.81342809681176,96.32691456389423,36.703263883892795,1.6088589547482455,0,0
47.72151002485546,94.72475177532573,36.06972042622096,0.0,1,2
84.71617103959898,98.47281499974659,36.83679077935199,2.3085915852556886,0,0
34.69742456971388,83.5506748944445,36.477954769545555,0.0,1,2
75.29750891627367,97.02274300270513,37.14571146359163,2.2507531661516027,0,0
77.25674241183022,98.07691447525217,36.7469986865591,1.4780168949842578,0,0
108.98076765118014,91.80477553390314,36.64654184413192,1.5454361489855477,0,1
77.44740650292023,97.07572131325179,36.35310505004145,2.271435860596801,0,0
131.82011251870662,85.2967989987939,39.09072966871348,0.5040487878061072,0,2
67.27584810103268,99.35639909067172,37.038572043686045,0.24321550774075257,0,0
116.28686550493262,92.94517061896259,37.474347073224024,1.3891984742398744,0,1
77.28232805944045,96.81959105465444,37.135104504112086,2.4671188016164156,0,0
54.15942674292075,96.77070778270456,36.13193094550143,0.0,1,1
106.50961076039609,92.85425741830062,36.994907899280314,3.1929730947251707,0,2
53.60533805677754,93.12035943777273,36.91443244973433,2.6084689632214637,0,2
82.61580197920752,97.32725508137605,37.13415853794222,1.796481744252777,0,0
79.15582270412213,100.0,36.8597207352087,1.5318892927012118,0,0
81.49603251969859,98.081814307072,36.94728374845168,0.5547822316243316,0,0
38.4797783114541,90.07052214283522,36.52747805581929,0.0,1,2
58.0057130585131,95.60375779679062,37.089294625292936,0.0,1,1
108.75800725359375,92.89385952908435,36.76192113866883,2.020937631139625,0,1
51.445711202916854,93.35349085036869,37.030467384762424,2.1307237983117933,0,1
113.85796792089353,93.23040994147554,36.72574215243698,1.8930454610402696,0,1
78.955326529999,99.07016972756017,37.03827594372277,0.8702192632588513,0,0
101.67998215012017,96.47988188849556,36.89670886213741,3.6717674171318726,0,2
58.616603456330324,95.96362221267927,37.14556530801794,1.8549002549262505,0,1
70.82059154043077,97.99965023120313,37.13792175360571,0.3336440872963753,0,0
54.556605954596975,92.16620532127425,36.74767696261287,0.7066902873472262,0,1
109.21417989121537,92.46022062487718,37.71871869141861,2.3196708887987114,0,1
79.13541997058039,97.15267045829086,36.68319389810766,0.39966390356682546,0,0
102.56253221030138,91.73243980503382,38.571195610655586,2.3994218278118478,0,2
65.03655279044153,97.49806201412366,36.51436618385709,1.1300183167022309,0,0
59.73970954386306,96.29328375410357,36.429071734587325,0.0,1,1
51.53118896401616,91.83398155678672,38.47289067398687,2.989881572313991,0,2
39.475156818605626,81.92051444049592,37.162750266513854,0.0,1,2
82.8713011666136,97.86580549587113,37.04658372949975,1.7415690539921513,0,0
69.9561588372357,98.21009703044257,36.802610223974916,1.7693254686693913,0,0
72.27404008179337,97.16528863292763,36.6710399883433,1.2933045752923782,0,0
69.52524103523183,95.09504161855742,36.67219301203721,3.5931190790798704,0,2
58.2857269055778,97.57703156945784,36.30560574587125,0.0,1,1
74.65616671093643,96.34441194543759,36.808838902594665,2.262468274444392,0,0
68.99599530504261,96.44311294581223,36.91580329572694,2.476924173229254,0,0
64.69693747856297,98.48020952817058,36.54156825387547,2.018664933728037,0,0
53.25672572623513,97.21320393048438,36.193938761802976,0.0,1,1
123.95811762573331,91.35742867625208,36.54932441866274,3.041516676061781,0,2
60.39081186787318,94.774126824268,36.190818333235754,0.0,1,0
112.6457237683911,85.47610761239548,36.21333185454894,0.0,1,2
80.05568317119682,98.34691664867015,36.37260766328429,1.8993692502979465,0,0
52.438237656900924,99.12881720505352,36.53596609895854,0.0,1,1
56.767329874649164,96.8847428640396,36.230412133957735,0.0,1,1
69.35498921118514,97.23562635714208,36.42378459904318,1.3191059826673237,0,0
41.584615380477004,81.90344982104347,38.586065129882726,1.9401897672927222,0,2
75.84143775530195,97.41098791901231,36.85712524053694,0.5287784475324727,0,0
62.47743419592672,96.61365519536675,36.594836469231794,1.8207126033552958,0,0
80.63308806913469,96.08413043395862,36.84175641425913,0.4534944802395453,0,0
71.58978484439656,97.5198208806467,36.44247115902649,2.387577679431877,0,0
69.58293202931806,97.27038011573664,36.56104723108919,0.4306464071575131,0,0
112.56437092182715,91.89952212488585,38.12751341719729,2.646891388751791,0,2
113.68909499193529,92.20840985130025,37.918067592118554,3.102377821862696,0,2
59.52212565619338,94.89495052677849,36.460928572166246,0.0,1,1
37.39230857144021,92.56945756121098,37.144429934023094,0.0,1,2
124.25477888286056,90.00995485789372,38.27457273735192,1.8384651214642211,0,2
150.7824013362057,78.60993083732973,34.810338903363665,1.3364923174620917,0,2
78.11754367414784,98.12132397020207,36.73464898276754,0.20049979825150183,0,0
48.61442613208001,89.88628541066923,36.72743042215852,0.0,1,2
116.7731948509983,93.44795156905532,37.152295690887605,1.1614463111472864,0,1
70.92251358557364,97.51743020895798,36.77894784008401,0.27951940791573565,0,0
51.42142752373809,94.74160578596943,36.36820366010721,0.0,1,1
45.34778642201105,93.9572218603416,36.01149662079867,0.0,1,2
60.946985523154275,94.93752890763012,35.917332308262544,0.0,1,2
58.643095965454805,97.07079682266804,36.33688427376176,0.0,1,1
73.86369035436604,98.770635432169,36.690772602927765,2.4923468874759833,0,0
80.556111404949,99.19419103771763,36.537380931395084,0.33327093313389267,0,0
82.44060967835593,98.2238003998388,36.820776993534075,1.7205545538133047,0,0
79.05890916025174,96.70637986535613,36.865874819101435,1.1268840747332787,0,0
53.905872513106814,96.96485398534566,36.16806819845752,0.0,1,1
86.38168044417618,96.22557159634016,36.69882396104466,1.6774300257476964,0,0
72.82136821167171,96.36210503655285,36.74802639137204,0.6237272049514385,0,0
88.6245566970316,90.17136990743452,36.68191351223625,0.0,1,1
106.36045638134217,94.46809205443397,36.61379567356678,1.0597725098105046,0,1
57.31359567883674,97.21270626422312,36.30681497716454,0.0,1,1
112.48418301284275,83.02580232796367,36.304757283890446,0.0,1,2
112.47590051908126,91.63289275077257,38.15471150089404,1.8236237545430953,0,1
82.58590148217087,97.25480913110623,36.791377672947554,0.9837879210040761,0,0
75.05668920804857,96.0846547147245,36.75824573736724,1.3686835350860047,0,0
83.48687923115574,97.85224774302668,36.43268488611105,0.9757635664625506,0,0
85.82564599004198,97.4134556544925,36.871156498321696,2.007147133068371,0,0
70.19238007428822,98.08161272138,36.97143366138905,1.3435152362983491,0,0
58.10616639507818,96.3216805365215,36.4565173535413,0.0,1,1
81.93238861874178,97.16480787334265,37.075560368940344,2.0579956409121083,0,0
58.84163755127648,95.74273652897517,36.86168125337558,0.0,1,1
91.69266099015067,97.4541368890629,36.62794626151182,1.475391207620712,0,0
99.50334005228348,98.0062977391379,36.86852108866727,0.5482957029230671,0,0
39.87055427855372,90.95902987897065,36.957759248501645,0.0,1,2
103.27758532304328,97.6279420834436,36.63866939521836,3.588492587804758,0,2
65.89250140407133,96.63528085808395,36.72165927435568,1.8521886831644931,0,0
77.23200035799147,97.28811752868613,36.677766747125254,0.3341927572821748,0,0
64.17574491847549,98.65129687741009,36.59806024972491,0.0,1,0
83.4460349837967,96.36617881376948,36.438889934131936,2.067032631042562,0,0
73.18237015121234,97.5849154048963,37.0301411452932,1.4674905843184973,0,0
74.80947263978207,97.22293569988518,36.764589055781215,1.9393832091722345,0,0
54.309239338263055,97.37512309969105,36.48697127887859,0.0,1,1
54.56656020563452,96.40403613448741,35.981700300761325,0.0,1,2
64.42968255583239,98.04474044789308,36.840653199786956,0.7202556389430873,0,0
57.55811697915678,96.15740380503786,36.62690355972448,0.0,1,1
73.2654179205218,97.27739062878119,37.15949459570949,0.7725295810340757,0,0
82.39620453195454,95.0942505648152,37.1731426040653,3.4888257140332986,0,2
65.05739018228402,98.64384603241027,36.90455442297692,1.0347230518189436,0,0
70.85277596491413,96.8150671317367,36.61959008022163,0.8438853521567891,0,0
87.38776622233564,94.87370924763248,36.359545180501264,3.6924427988032256,0,2
49.727263891426205,95.19332280163643,36.718200772255734,0.7299177390169628,0,2
54.933510395684024,97.56396798874512,36.37022782395996,2.4294942739040186,0,1
90.09617945967662,91.96147193548438,36.53248794383861,0.0,1,1
66.51420473398257,98.03324469261226,36.736846971017656,0.7683855662032287,0,0
79.68608401535288,97.90705608499842,36.80345070872673,2.3947205123986857,0,0
41.50001225596859,91.34121171654235,36.26300382762863,0.0,1,2
110.99294164923452,93.42200552306409,36.79381409116407,2.5951737740779497,0,2
52.56517789640494,93.79134032205245,36.83573149478144,2.8782383446281576,0,2
70.47637465039128,94.32755344869202,36.60305026910446,0.0,1,1
84.57860147461149,98.15034771670341,36.76816299328865,0.1233519370413772,0,0
112.47569033815148,95.1625690256092,36.921869175762616,1.1448711740672577,0,1
51.54277232391526,92.55885937880142,37.75035739767583,2.7500748076932817,0,2
55.60135287496053,97.01682350326672,36.71691710842833,0.0,1,1
73.68402081515478,99.4073511336414,36.98242517259438,0.7247154770296438,0,0
57.04536849749603,96.50286100898845,36.43652680077959,0.0,1,1
70.86734502347262,96.16067358094355,36.45883514332218,0.6715492267456358,0,0
76.08766550100077,98.0219722013776,36.537285593683976,1.7949136566868014,0,0
50.514241421387055,98.07209808008831,36.253905484346475,0.0,1,1
156.09441855015828,83.00237161399411,35.31891215015967,0.693546704859509,0,2
72.77243707813797,99.20179029988536,37.06356747849408,1.4124128393743656,0,0
86.44774521301076,96.2503056898452,37.00221970663406,2.065900495830216,0,0
51.98884896047934,94.39297646230685,36.62128831128014,0.0,1,1
83.69912917313883,96.21236650062285,36.81284613004224,1.948876665985198,0,0
72.61282942835197,96.38861241245647,36.82876881872329,1.379649122839346,0,0
36.16360128250418,86.51790406046848,35.39492692110637,0.9202902998840403,0,2
58.06729224466941,95.56410294963646,36.670227099786985,0.0,1,1
111.029155916454,93.6941146672053,36.941686193568856,0.5114134631666529,0,1
79.87122569173273,97.90006206669112,36.98710101065735,1.398865224366909,0,0
90.92192655237226,96.73669784644646,36.75790338387759,0.22647460143381837,0,0
83.2374874833275,98.15872530103834,36.68006070420362,0.2103918840559305,0,0
83.2524546246948,96.78161213641087,36.50695484407836,1.4418374581002527,0,0
83.42126326571406,95.75597278407416,37.17279047912024,0.5467163006044174,0,0
69.84474920306951,97.16857671439496,36.7390803568108,0.6670284864687903,0,0
64.51154853402794,95.61816828596461,36.85846063321945,0.0,1,0
58.271392521336885,96.39508570872174,35.926072702363825,0.0,1,2
86.55694549436807,98.61410192300055,36.59654044072095,2.1225055946688243,0,0
35.64501171950979,85.78532263467453,35.784898724787,0.0,1,2
111.78763838112161,92.9687150765069,37.89566335869898,2.0902042931380054,0,1
50.95946514822539,96.28600936100828,36.973741121617735,0.0,1,1
89.38343644366407,98.85671459954146,36.60406179615981,2.286914353605344,0,0
79.3231577097073,97.18460256627955,36.89890354062668,1.2293649098208204,0,0
58.55735556543186,98.08288048889646,36.01091575440511,0.0,1,1
29.838209429681005,83.21259272163658,35.90763594117248,0.0,1,2
79.11674787003149,97.10344981142153,36.4950008216711,2.483200225671984,0,0
83.92765516441784,98.30315167889235,37.15756673837868,1.4237793774069187,0,0
77.69257652077881,97.93954349352279,36.85022953531583,1.382336818872644,0,0
73.43280801755614,98.37509422367242,36.73271835598088,1.2544347848988853,0,0
70.9963232033659,98.24377295864373,36.847003693937125,0.8168974478003879,0,0
47.278098090883596,93.35147111254912,36.59107252989839,2.7221752300943405,0,2
51.707011517989905,94.89742698706932,36.05927603307499,0.0,1,1
77.94152734241635,97.77366380464798,36.93774080986608,1.8198224044425138,0,0
73.4920165743597,98.32386660559534,36.967965857456065,1.5053828602910437,0,0
75.05333254543898,97.19426846846645,36.65915438122988,2.485085183868838,0,0
77.76107126522703,97.61168368177724,36.835104378945964,0.22643908505141797,0,0
76.48773431629776,94.54475573136756,36.79210605824769,3.4894981049495772,0,2
71.93230138328529,99.01312256475683,36.907370172233385,0.17601071613493638,0,0
53.49644523248051,98.06693503745545,36.123412850957386,0.0,1,1
29.82338521831538,86.13351081973428,36.062429141319306,0.0,1,2
33.113083852876386,86.96830913168678,35.817827986834885,0.6836992214486156,0,2
109.90366190050649,93.91556047201203,38.82741338070064,0.575605694777566,0,2
73.64960086054153,96.90620437665108,36.46359000239846,0.817167569117301,0,0
82.29978388705872,91.16434976346498,36.38475349266499,0.0,1,1
95.33617500497284,90.96036732563296,36.34623181594943,0.0,1,1
82.65669078938461,97.8998156377196,36.74888784285796,0.8653742969340035,0,0
57.15744489919826,90.84791841516592,36.74496304745158,1.0447644756040728,0,1
54.10005780340548,97.89525005789018,36.676007077935054,0.0,1,1
81.84737118754371,98.99240556506352,37.094156828259685,1.9425770710995833,0,0
60.696452125748486,98.06071174965068,36.88707556493249,1.6852446863900654,0,0
53.60915838028799,97.0694728540145,36.52714446276379,0.0,1,1
56.94769962832451,96.74398991877014,36.58826476725492,0.0,1,1
76.44345296497983,98.65944223457925,37.2055596616303,1.4296564409404122,0,0
68.77320810542572,98.11337689344272,36.69315388831784,0.11130678833283847,0,0
81.64541125089912,97.71831500989016,37.018579723605995,1.081037390926228,0,0
70.65790890087166,97.64913447861035,36.62085520566207,0.2389195156388338,0,0
91.19845164786572,97.74043368955503,36.87366998869383,0.5188539432290897,0,0
107.523261262151,94.08975433898118,37.99503208975069,1.0191886968090016,0,1
37.29253476148087,92.15506148115244,36.890216120446034,0.0,1,2
46.75359443497588,96.13859033093217,36.64587821509062,0.0,1,2
84.04758287487788,97.11317932686958,36.84152083385354,0.8058623633021069,0,0
84.79246814947489,97.30547927826625,36.98084648078137,1.0250487366303755,0,0
77.60590232488126,98.74600456068201,36.90778489763194,1.291274990008112,0,0
81.22859997396337,98.10477654510665,36.612100897689075,2.045873758189071,0,0
70.92263101631731,97.46802576214043,36.96994513136895,0.8969179990911357,0,0
70.01912976357539,98.43960490292172,36.91041331178198,2.196101064180046,0,0
50.54475178897475,95.94064795656728,36.15916169795655,0.0,1,1
38.0360480171983,85.24908911363111,35.63175940676504,0.20125764698353057,0,2
53.81722541088478,96.986809369894,36.85318385437198,0.0,1,1
87.61783166452061,89.16090572739073,36.791073906729665,0.0,1,1
67.10099783553824,97.32786299079848,36.86673700259145,1.95631528064752,0,0
92.30692138453313,96.37310569797194,36.69019344687362,1.3844468950225721,0,0
43.64916986884414,95.87891480875746,36.364075491022874,0.0,1,2
65.61091813066945,99.16962515478843,36.67297365216519,0.0,1,0
70.83595278282763,97.05770370637799,36.63699815485918,0.7519388117605978,0,0
69.71034822067381,97.45557402409658,36.94669445351811,0.9394305144789878,0,0
76.30678079847378,98.30521133088142,37.09268150939472,0.9009137650944955,0,0
34.060926986911156,81.6952216517318,36.14515580262002,0.0,1,2
109.34738676707084,93.15418949858365,38.07922599438806,0.6433586466915889,0,1
73.7684199456953,98.46574084454964,36.8668342938829,2.206550695146785,0,0
29.911957720130985,80.94812823437107,35.32674204379487,0.0,1,2
118.70482513733815,93.33406743921796,38.034985615790056,3.0244298727159724,0,2
69.63931014589643,98.44439902734209,36.40800505018392,2.4394258564689495,0,0
80.50223169978413,98.37803269488707,37.08621347026854,0.32631699693507454,0,0
65.70577124314629,96.89918703486956,36.60912578861129,0.0,1,0
72.69544139637708,98.0767163089199,36.92297697761625,1.0119935305470942,0,0
78.88299180253829,96.63048780271862,36.70728014012723,0.8725357269173049,0,0
76.00777027563184,96.39928353876593,36.681344007852154,2.102196874889258,0,0
69.84496998200925,99.12779133742625,36.91547684487334,1.3925875975912727,0,0
87.46711257318752,98.4112131480967,36.45629518580188,2.4813436398147255,0,0
95.31398313283299,97.16343745758496,36.90877173808724,2.0385797910682384,0,0
83.41395346802038,99.79521320098534,36.578077669215496,2.2620899427551895,0,0
45.201767719548904,97.77712794082093,36.82663392603105,0.0,1,2
98.13554744937349,91.35745127533411,36.20411497554739,0.0,1,1
77.45225157564315,97.20190112097458,36.94110678273304,0.33254591604009653,0,0
110.45736305134939,94.8050835649602,37.97493938006448,0.8648992002452149,0,1
84.73010922795861,97.91101470028205,37.201566331119835,1.7317226085447415,0,0
95.0748780951472,90.32727876815532,36.853505502868465,0.0,1,1
150.5672063627681,84.82762911452696,38.916605177257566,1.3841507132526951,0,2
115.08964951323713,91.96942961853745,38.13157101842373,1.9906090460393846,0,1
116.14773245069101,93.5063290127349,37.69148194758376,3.1961667446585365,0,2
79.50222245983556,94.53469871998392,36.71983720960115,0.34455329170160054,0,0
78.9102574713473,97.37777624498413,36.79881808290562,1.7307695232167413,0,0
111.69084590897235,92.99343272224958,36.884143133371666,1.121276272559986,0,1
83.24284090291484,99.43121881906991,36.630388794744874,0.9222765156243335,0,0
53.29061992690115,94.37867344219434,36.60168154848925,0.0,1,1
90.43341061215997,99.46657719826376,36.75016409696192,1.2714938402295246,0,0
130.70737883734702,93.34772490473492,37.907484528391045,2.4613366535100463,0,2
73.27392576796552,98.97368086075556,36.60384878342366,2.1933691723269844,0,0
111.03264498183461,93.43034933121349,37.469366594928175,2.7693056698747895,0,2
83.90686898629484,97.32738548137928,36.810053048801606,1.0951924954059071,0,0
34.92425475336772,84.51186691968445,36.26410189309885,0.24391371030580922,0,2
77.67704070522458,97.61706012080786,36.62068864713919,1.0363990741700515,0,0
103.29587900184653,92.78498936534511,36.67304201641018,2.970413684674417,0,2
78.05879001106634,98.31216333957418,36.523109503573586,1.6356228724035116,0,0
64.1722865499601,97.91649018092284,36.77618348734218,0.5855514067045875,0,0
53.97673116138372,96.36374901723829,36.192553095563305,0.0,1,1
94.41355961024263,99.26471855347374,36.695349343009994,1.9109456965959137,0,0
112.30984241742198,93.47092702979408,37.62894897845733,1.9868087599254844,0,1
116.74372583023296,96.45791737013845,36.903991065919534,2.9190606766758456,0,2
55.10628529928362,94.84433978104643,36.694123451131624,3.1526677285310023,0,2
71.76382417465965,98.98837401450713,36.788729031255556,2.1394430146811225,0,0
79.83221215690229,97.27041591068136,36.66634406655896,2.119624326983612,0,0
59.167534936962184,96.89451810795211,36.3949214218815,0.0,1,1
72.642433774426,97.10709777007277,36.8593386418224,0.7336897219879142,0,0
75.13894969639297,96.9560654024095,36.98651849002664,1.7839409277162646,0,0
63.31842459025807,95.55072533823952,36.28883654023699,0.0,1,0
60.92409983160305,97.13945725013129,36.74000428752746,0.0,1,0
80.67086061425846,98.20062972587287,36.983118429457676,2.2966054039045787,0,0
107.88934838839614,93.1969001504426,36.840237813551035,2.358212572780877,0,1
51.531321209087835,93.15820189861529,36.72590071707927,1.0772533696749167,0,1
117.41401985649057,91.0078781224156,37.425586627159625,3.0347445891537714,0,2
113.39582248792735,92.00791735023122,37.94429718363637,2.6756687857899246,0,2
115.7618104768953,94.4777693869203,38.094365825150064,3.1112929471619855,0,2
51.2549398772162,96.762841293536,36.66738492512154,0.0,1,1
73.81065813918622,97.30335054901774,36.64852786331925,0.8244207144563751,0,0
71.21803349690869,98.40051284436385,36.78274813202744,0.8116907737892372,0,0
74.97908989085909,97.61764581107852,36.4995969714898,2.1543588275458765,0,0
54.94365970779376,97.86362407396372,36.66203144087338,0.0,1,1
80.2665361270827,96.12985761445691,36.837689670925265,1.0790711137628377,0,0
75.05881828697389,98.63477625134335,36.842785193404,1.2868781950063946,0,0
76.74988298362788,97.65481134053908,36.92425235685023,1.7711785373423774,0,0
71.92497857113396,97.50070021154558,36.90558789594108,0.7532398890329401,0,0
66.48459484235232,98.4551754926653,36.75290578427791,1.1862344415462185,0,0
71.27393295806013,97.58977786736708,37.10972485313114,2.3872354068539368,0,0
75.7126422746963,97.1470317779992,36.966731641107636,2.0747612422313924,0,0
78.09079511645223,96.9004433287098,36.98757310780199,0.2436107106391467,0,0
118.60621729961369,93.40583855143078,36.950125853418,0.6668082259762869,0,1
88.35167691867748,98.4671089919292,36.70990262987089,0.5912349216465974,0,0
162.35126600254702,79.38974903210926,35.65874940619151,0.28660530371959053,0,2
148.52904128412584,85.19196432101354,35.23000926670788,1.8373929560905344,0,2
66.07551710486484,96.7220407681384,36.86035656399782,0.33589863939421727,0,0
64.3401083665493,98.86084431169813,36.6857434862162,1.8712451790026383,0,0
92.3438926907605,92.19868330471793,36.799565228286134,0.0,1,1
62.31372720322685,97.74043326103606,36.77958683308615,1.7407029116572492,0,0
89.8102927356547,95.60545292394639,37.41606431556282,3.413053321962903,0,2
112.68116557819911,93.88943635971434,36.82408197556925,1.8078911303266958,0,1
52.800522917758435,99.28528221282583,36.61501779502518,0.0,1,1
64.00035771431178,97.47200986930713,36.97034480203966,0.0,1,0
55.028223215860805,91.5143377744492,38.138459801276724,1.3810082616746553,0,1
75.13539196633808,97.48357927866722,36.58928149705592,0.6404231571015762,0,0
80.72902353564217,98.13334072002671,36.85313966741944,0.34835268290365073,0,0
72.91281904905303,98.30517072347068,36.52843199216972,0.6610080265644501,0,0
55.50258539797078,95.73956303986701,36.8393275955914,0.0,1,1
80.2142606398454,100.0,36.79925667759455,0.6337020600899839,0,0
84.33593304999778,98.0781678063448,36.62161949535569,0.8154187063843712,0,0
95.77370702585196,91.77703063337475,36.22997310171833,0.0,1,1
44.550607867465374,92.79128745368419,36.53678512210315,0.0,1,2
82.59384764953799,97.27292718420304,37.00331939516686,1.6329822670736578,0,0
123.59072514985544,93.68276813305175,36.68272223323617,2.609197938424601,0,2
64.84128555103536,97.48671347582159,36.922240799795325,0.3522808249733064,0,0
44.029400321477695,97.130976418775,36.18616709068135,0.0,1,2
50.62814158700036,93.83962455953477,36.74312595591355,0.0,1,1
75.00884031399721,98.53719871142283,36.70595008655705,1.6122244547722953,0,0
83.94731519507032,93.84083736667571,36.61022506013979,3.788391402207587,0,2
54.870120958052766,98.44991068244018,36.378917648977826,0.0,1,1
99.8721960506166,97.65191436783854,37.105189573029534,0.9548454072709966,0,0
83.99411845106255,97.42211283647332,36.73234734815541,0.7451734617798298,0,0
96.14544908098725,90.91853007732983,36.53698371903147,0.0,1,1
82.83302646170074,97.51891261848148,36.926184570541224,1.0780893553526587,0,0
113.78300444407361,93.44780559870532,36.39692443080581,0.5848796937448926,0,1
62.52730192373507,95.31191028944397,36.93066488799239,0.0,1,0
53.34922525000482,95.63116934879629,36.19611953715568,0.0,1,1
76.40832246152068,100.0,36.7210006312736,0.7183396111014508,0,0
78.89402784352158,98.09085436505747,36.57347404272671,2.0927837374742917,0,0
78.28058373963357,95.84437439553574,37.242525737187016,3.7631092684960823,0,2
66.88076223966206,97.2778152175157,36.7383547947446,2.1806905931557266,0,0
109.20452576265393,93.56128649757336,36.75213744558926,1.4394089284973504,0,1
94.62725565828957,92.10736378155954,36.512937265492404,0.0,1,1
162.1275276690509,83.20237211205506,38.78325553079365,0.12201508848508978,0,2
111.73411432403536,91.89117296116054,36.9557017690457,1.9358475315802306,0,1
72.26838086625315,99.21465978595978,36.906679985480324,1.341447452429147,0,0
40.38060830986741,90.45531379321,36.68748691941486,0.0,1,2
115.44369237996885,92.96164117094348,38.07653398784158,3.1478737977867635,0,2
63.64055047082236,98.11761494609523,36.701224887201384,1.1229171148871904,0,0
46.076821928965074,85.45045151064288,35.43705053452184,0.6910280551261578,0,2
60.80751693976707,99.00773711952225,36.8512263886563,0.8673015178825256,0,0
94.54517542775946,98.33331355596297,36.98170196668569,2.2312320431224726,0,0
71.71471541341062,97.6613877293372,36.731226909038675,1.8111700778711302,0,0
66.36575106195107,97.7587358447024,36.87217490625023,0.9173450536444481,0,0
75.06546181642258,99.68376904349877,36.52589615874939,0.9936185039696234,0,0
70.81931233910652,98.22450345648892,36.86173836564774,1.2292884600402354,0,0
76.90845596157789,97.8197325622211,37.046454879223376,2.3157328364018137,0,0
108.25552718777868,93.47976348035148,38.462281789456995,2.085481490365449,0,1
125.04906196322547,92.11633256684831,36.634980490654705,1.5843997206916527,0,2
91.09600805151696,97.2865446821837,36.72432424886908,1.8153174360656064,0,0
78.30217734447866,98.69861306368509,37.050404147842215,1.2247997884379924,0,0
77.79610815383447,98.1247655320479,36.97315871328918,0.2621757740997264,0,0
41.280335956653914,85.9063551026279,35.76651457726205,0.585210758507779,0,2
80.97193952996818,98.49242865548747,36.31357657752884,2.424262170176732,0,0
80.23937935679113,97.31870209183353,37.09088647926198,0.8436067928659274,0,0
49.12256639123854,96.57234666120189,36.24529137595374,0.0,1,2
43.244267381503995,89.9876819105562,36.92181915481136,0.0,1,2
75.79148273317342,97.15204764909595,36.676025001710045,0.6439414008476495,0,0
74.7724671385325,95.27757676781656,36.87999363851234,2.391410622763105,0,0
105.18319713219084,96.19383069105899,36.96274225880567,3.783520106811519,0,2
86.1536932739491,97.40092870522801,36.72391578693646,1.4604752751071914,0,0
106.25271599107423,90.91220547127514,36.87666561171919,2.6209613406424976,0,2
108.25469025258512,92.95146263851775,37.01011478007052,0.675950642955035,0,1
70.22680498723608,97.95873633293984,36.5936478756656,1.5576435410268594,0,0
60.06530367629551,96.94333931296562,36.52852924134504,0.0,1,0
39.22256262111626,85.22990433700708,35.445455953156376,1.5296550166247602,0,2
64.44029545396663,97.08944896430143,36.19737793369123,0.0,1,0
62.31726514825692,95.34714889436763,36.438238939502185,0.0,1,0
75.1850082151289,98.09143826409314,36.74718901435738,0.9209759762412514,0,0
66.03246237843213,98.75510868079904,37.074711379750426,1.283567362399811,0,0
49.13634511351259,93.27200465853365,37.7002491024252,0.5537476369681479,0,2
146.75547869991797,78.93468945508911,38.80293871545699,0.8442169468132285,0,2
70.37029213198048,96.64054229389072,36.52350476943746,2.0990699771608314,0,0
76.7372742741848,98.42129191403171,36.463693481647645,0.39573767552040673,0,0
77.15119536441982,98.13374296449149,36.74822054479389,0.9767613994816683,0,0
62.899677516567166,96.79273956887772,36.927973930952746,0.0,1,0
78.37290024426062,97.11694319960876,36.63032017869187,1.9232928948251147,0,0
41.888218475128134,92.04315699044245,36.56010364746519,0.0,1,2
71.66439206239741,98.40106878279656,36.71907374818678,0.19621252238418965,0,0
59.80746484307709,95.32406444384446,36.403421905365136,0.0,1,1
142.20154350396163,88.06624351276446,35.486753304395464,0.6423988195880999,0,2
110.93347728159307,93.61222497036323,37.951055304706436,1.72642277350402,0,1
46.93182412777236,93.91040249980699,36.41697752719145,0.0,1,2
75.95990144757234,96.88026606811984,36.663458829925965,1.40605120106789,0,0
76.48480978836056,98.6199985281147,36.741367343875616,0.45983181316722355,0,0
81.99170268330792,97.22863943555467,36.79272515583495,1.9763298580160495,0,0
52.352241320540564,94.12865797570286,37.43331431878896,1.8831864058557246,0,1
76.97853924719446,97.09971451016614,37.043671452893896,0.3213450066441627,0,0
56.3085547773723,96.06470724371279,36.34632299584812,0.0,1,1
115.25474572165894,93.8394911012832,36.980332878227564,0.8239896567452536,0,1
37.49465678067141,76.23834641972223,38.16838390727161,1.2011556727305959,0,2
59.22568659263008,97.5051357496046,36.54370993779948,0.0,1,1
75.77228543379424,97.46701115014591,37.02699544304415,1.173440752442153,0,0
150.9315956638687,83.32859168498771,38.894703908377075,0.8339126089535671,0,2
65.54878304388973,96.37598854001465,36.20988454121669,0.0,1,0
51.73465028687433,93.3903133996628,37.24949802422269,1.5229557918397494,0,1
72.31295686097961,98.17967198748066,36.71886382449439,0.22756519017196614,0,0
72.2667880766268,97.53284786532058,36.53470780876187,1.7454167986897533,0,0
77.42732288297177,98.06912428553963,36.671465428944565,2.2466507151780983,0,0
72.84250280558442,98.99884807137887,36.70912992399581,0.12245149409021581,0,0
82.09890984703124,98.2685867167223,36.782009300334614,2.1344981367716476,0,0
61.057876655455125,97.12173629918658,36.20721881078961,0.0,1,0
55.699845125052406,98.48016680700542,36.87358996972093,1.7634972756340153,0,1
49.7574513837306,93.24957993596838,36.67972746422043,1.1056382461666123,0,2
63.51397296929068,96.95998391742802,36.63607696911053,0.0,1,0
72.16297806328821,97.43694102999564,36.91003351708732,1.581844373611076,0,0
48.30426834875861,94.8657967993126,36.704515268690315,0.0,1,2
114.98308540877606,93.87729796995839,36.71009981804974,1.7249260116946645,0,1
48.953753288974966,96.04946735722869,36.692976222159075,0.0,1,2
48.5531618456382,92.98722873469882,37.767845056414146,2.346690687713651,0,2
89.75690853396746,98.33771898618282,36.648066466625416,0.31079715146882314,0,0
83.11952685844172,97.31470529036986,36.82093694500843,0.4812686434512544,0,0
89.0177925727231,95.99682223247173,36.28809559346792,3.7693053764976825,0,2
58.07201645870543,96.53432867782426,36.523783867780544,0.0,1,1
62.96698312128351,97.16894859394415,36.77784986690292,1.7522872304925396,0,0
55.97913131760493,96.60025125299141,36.34827255689629,0.6817249952956032,0,1
51.530879310688334,97.12577660185575,36.50832412305828,0.0,1,1
113.40312027345131,93.26711191954048,36.85450195327675,1.9055022405931346,0,1
50.87113532021551,92.63738340332797,36.756742392588656,1.9134858840183906,0,1
85.0011085598525,99.30379011394227,36.68962734618985,2.2072243667563485,0,0
120.45264874987787,95.77898041344115,36.69177920722631,3.1331787523160526,0,2
84.35678151984155,97.10440899908477,37.14350953593878,0.41948313843352536,0,0
49.57371286182771,97.53246515771431,36.836268469220194,0.0,1,2
51.6591461333207,93.12055452156802,36.406148542787825,2.875053881669159,0,2
71.23583803095147,99.3013402943238,36.80130271059053,1.4279405102821163,0,0
38.27032432804756,91.47359685589718,36.41265005828501,0.0,1,2
71.71751588082728,98.65015844080868,37.053770232365174,0.6514751068176204,0,0
74.50917581508675,96.92729259360947,36.59650133061041,2.1031000980852905,0,0
112.9072112356821,94.09101066858705,36.620055687655324,0.693517069137954,0,1
90.33938188295541,96.06972771762227,36.738761481243756,3.679252491072439,0,2
71.52632693987563,96.81332872569247,36.80034643759823,2.4003741880109533,0,0
70.66154081466101,99.06479503963448,36.84290038475559,2.329477316367372,0,0
57.72026131812177,97.85749812550783,36.57853441209441,2.245591798922766,0,1
51.105952028068344,94.37901929087872,36.45976314102423,0.0,1,1
145.40727332213203,84.30016846593213,35.58735310591664,1.8712111339190205,0,2
58.36392436936946,96.54261108223935,36.50682024277003,0.0,1,1
77.57911577413981,97.06187551167547,36.73154146744723,1.3058517038268864,0,0
88.0809628001275,97.77507712147845,36.900016963446966,0.4029072260864138,0,0
78.12172330594044,99.31581105527464,36.81964122913581,1.7517616174875568,0,0
54.61535062674038,97.32421633296154,36.65288593779261,0.0,1,1
123.91439244159784,93.63205375230987,37.01730950106706,0.8450816004947099,0,2
86.22484412572577,95.95623496039666,36.40692586826683,2.048333082803324,0,0
52.752244736199444,96.26029122650522,36.03006010037235,0.0,1,1
71.1424703948158,96.96945729589319,36.64783352219653,0.8675032726991163,0,0
50.78948051209886,96.37984411117012,36.68715615504453,0.0,1,1
74.03258368738733,97.65655703112131,36.86660119171491,0.13488551056360637,0,0
55.680266494698785,95.61798672716678,36.64834109492716,0.0,1,1
51.43264945988485,99.50701766363395,36.07536959925319,0.0,1,1
70.64994558739558,97.37478437774065,36.644128728269166,0.8556721009729324,0,0
74.09971342259277,96.76558515038268,36.82187372343761,0.12001384000961882,0,0
75.23056724025173,97.3517716129089,36.520649241612,0.6170667031956629,0,0
51.42412531908242,95.49753478737614,36.351388427161176,0.0,1,1
108.71644014107963,92.5798491737218,37.36784699896038,2.8883618875253054,0,2
36.147133090783335,85.43329789392067,38.418561169569465,1.9244105620870922,0,2
84.60337428014675,97.07863640620941,36.79786410740368,2.2495786311146087,0,0
75.6657501895361,96.6353949250277,37.07956970328049,1.0416744056480658,0,0
50.43275043945713,92.0635288684662,37.67112512568072,2.6749274763167863,0,2
128.86293678491208,93.9479569444992,36.79517819540047,1.9320662473970993,0,2
112.54473901754952,91.87855077507804,36.87370178881735,1.5561182917300223,0,1
82.1533475161199,98.86512414073974,36.55991872186916,1.1052295877379537,0,0
80.01036262660533,96.4859747013782,36.68105032864321,2.040018344973151,0,0
52.85933101171506,91.7000716934811,36.94834264110762,1.225148598956349,0,1
46.82482010553742,98.16677919821893,36.38292222489932,0.0,1,2
59.46495601496789,96.52403013693821,36.54840797281699,0.0,1,1
84.87028623049207,97.42314672473543,36.960203507890924,0.7558400477064997,0,0
75.95904211697344,98.65204297902123,36.94725719577643,1.145335690444354,0,0
107.59484837388239,90.94259125060384,37.67176595539209,0.5486085955465457,0,1
108.17656948692398,90.68961563172546,37.71056420124785,3.0286062031700847,0,2
68.91157860716693,98.55788339869723,37.1609564555817,1.957888918225731,0,0
51.300834408891056,91.77816266516038,36.90083863982834,1.8817508123714426,0,1
74.14908257723074,96.17320177209766,36.75693993847224,2.13068814020797,0,0
54.192169304090214,95.53113506252622,35.883911446907256,0.0,1,2
123.02912528027068,92.27683093158929,37.62453155850354,1.8504281271113836,0,2
57.725728528020156,92.60699084444067,38.011945099763075,1.606812288275525,0,1
110.01476099961793,92.14233790190623,36.73341628089565,2.5882792315578502,0,2
54.854904881778026,95.58283024440075,36.25574196459745,0.0,1,1
151.75549552383296,79.29353145096745,35.97639363169769,1.4349981080983558,0,2
125.91726835922466,82.0356748089476,35.54859768052086,1.101100957753495,0,2
117.15478958861732,93.985463202019,37.67753210561664,0.6231199558996102,0,1
80.10914188014934,97.57969480314425,37.381402057003484,0.6910176471782088,0,0
163.45664385036042,74.63089642453369,35.93183090639933,0.883874572130574,0,2
101.60882629544703,92.64106587338006,37.99270168434724,3.1467063893501668,0,2
80.30169291620828,95.65779271415356,36.566820267229005,3.3244434829576655,0,2
64.0327571786433,98.25866627571926,36.80154348638655,0.9618263690525427,0,0
147.46042323317147,74.23341017287746,35.467571472553836,1.4181775762341153,0,2
65.21247123527127,93.18202572303403,36.16812212362186,0.0,1,1
143.16665060130182,78.76668909525351,35.60270077099758,1.5174527776239504,0,2
38.226716907175074,94.77562962216847,36.59582022350197,0.0,1,2
119.85334497429696,94.56553565781732,36.91029277915454,2.603238840774352,0,2
120.06016618277421,91.0654406288096,37.82269048324654,1.3472122066077303,0,2
106.95172233072358,94.35554756231073,37.601369175157316,0.9821704049997112,0,1
121.71489512930623,92.19431739062041,36.7134127362915,2.524486975607186,0,2
56.13679493075732,96.83168798422084,36.73240444716904,0.0,1,1
52.11903737028342,94.91774364656793,36.57176771436748,0.0,1,1
70.8774823217974,98.4734362294118,36.77720478691485,2.36832756565001,0,0
72.80665278211225,97.45028673776571,36.620227942400774,0.9564473258922661,0,0
75.66286837938425,98.24774985312145,36.746172532086,1.17274814399895,0,0
79.17670274828768,97.9279692903986,37.24590999447445,2.3066032163861507,0,0
70.74867271701113,97.10532014912297,37.18564377550667,2.4091143436616673,0,0
76.15210908588699,98.8186379447689,36.587431100130374,2.3021321601429388,0,0
64.43108516618702,95.61394961692413,36.48431075343688,0.0,1,0
107.26114949125073,93.18500810138265,38.566373512187525,0.9204754189214763,0,2
50.6451926807699,96.99338452481118,36.31694785755742,0.0,1,1
58.96465912598416,96.44410757111235,36.45440976602975,0.0,1,1
55.71247450257501,96.98831258161847,36.19010588354454,0.0,1,1
77.08108512357387,95.63579993179303,36.99582343548924,0.13691190689985308,0,0
71.82374604921797,97.19519599966726,36.99118070845414,2.3517124347543583,0,0
70.77315483146425,98.60366924963664,36.83944007194142,1.9481627766307488,0,0
79.23933328920877,97.62147638202097,37.12595398676858,1.1866970910742187,0,0
83.41084593366693,96.7202593596826,36.901935368700215,0.4286253491476839,0,0
44.333943516115696,95.94941474186305,36.291976456347186,0.0,1,2
53.08473361784999,95.95826447836156,36.228081042483375,0.0,1,1
48.35126589549593,96.88775824569335,36.86517727401327,0.0,1,2
53.391185822250215,96.00569544090452,36.35134829649041,0.0,1,1
87.99922771120838,95.5795103273352,37.10802337693832,2.034726234547447,0,0
115.48939199491782,94.64169050674194,36.78544549662798,2.541902978892716,0,2
84.88001451677697,99.19383324469882,36.7293506914145,0.35238188288852623,0,0
62.973742624948365,98.63679721809464,36.99140717279103,1.382197051066885,0,0
43.10656036053214,96.68166529016112,36.91125022777035,0.0,1,2
74.63763661511825,97.44294520126893,36.668574764339176,2.2379315662164005,0,0
70.99343122616695,97.77373299689353,36.957394565757866,1.242937242540551,0,0
111.08992935931911,93.44950938186867,36.89827337018488,1.81096339474609,0,1
102.06548146968983,93.54651155663694,37.16811658206904,1.4232553524385803,0,1
73.2175282532262,95.48060566624444,36.82553748708697,0.22816461092011292,0,0
58.5450273277894,97.35052326638477,36.18550797029508,0.0,1,1
75.59500064255066,97.6978186157701,37.12070701492166,0.4193662763920727,0,0
72.03776172267698,98.00443370994279,36.65296393557851,1.238251597426715,0,0
35.95006939377521,80.78907995011826,35.94890318901505,0.4392244074931311,0,2
114.34130045383816,93.71155262645536,38.4368708062615,0.8220225793521567,0,1
89.3825235524027,96.86676657135385,36.8467225507222,1.7640405139607767,0,0
47.556915181094055,96.07867699629573,36.76061420337188,0.0,1,2
71.00996606606014,96.93890949608507,36.843652135846426,2.377938818068407,0,0
107.88447808551216,93.660524499034,36.744089678957465,2.6537138856441707,0,2
63.15375349353739,99.0833349961088,36.730589197781924,2.39807725196316,0,0
54.76224234093286,93.60342882630351,36.820871282533844,3.0378727231800657,0,2
84.78323805733392,97.89584888401691,37.06601564167614,2.435432722296274,0,0
117.1131804201269,92.57606393887927,36.68144860944511,0.5295497755500213,0,1
82.34304015573535,97.4342315818336,36.542056138871445,0.6813164323813701,0,0
56.24353739081194,95.74911656070296,36.42872329934193,0.0,1,1
88.10033524475719,96.58642306691216,37.103726135671984,3.66250640095021,0,2
66.33860641676094,97.98110399939902,36.57718761487509,2.434858620904645,0,0
73.81261842281535,97.76741805973717,36.67333647552505,1.63111396008145,0,0
67.91881432964676,98.31647233703893,37.14832210916363,0.9761298905286133,0,0
47.332950155916265,95.92843444289154,36.6145193890409,0.0,1,2
53.95982073653291,96.70911501513213,36.71651355852927,0.0,1,1
77.58032587487224,99.78533416982876,37.04678249615079,0.9300260722194809,0,0
67.20304351963588,95.80926186575394,36.79960694192293,0.0,1,0
52.409946025841506,94.56417682166146,35.943583433322104,0.0,1,2
28.76978294095,86.02561601934097,36.179667472886095,0.0,1,2
84.7975696950437,97.32661759860991,37.09747539624784,1.8697199859423048,0,0
52.19510354624198,93.0799952516832,36.91601614126312,1.5811758032254286,0,1
71.78397495765753,96.95064787813604,36.65280645475021,0.3549770915799968,0,0
65.42907086258198,97.17383587757514,36.213552664609225,0.0,1,0
105.71482670506397,96.70249757867457,36.81212432528128,3.9242220588152468,0,2
71.32658162810974,97.55080006425169,36.85359030957375,0.2648297749788342,0,0
61.864469050771,98.28710437336117,36.90800062258844,2.237625586682863,0,0
53.58688741082749,92.79014991560081,38.03182328038455,2.236364954110918,0,1
81.26579932877812,97.10343712927329,37.06312254658591,2.3815323908463206,0,0
62.814320597723864,94.48453942057733,36.267740046581295,0.0,1,1
81.75603976106969,97.28847946681996,36.952907195865066,2.2652928787729256,0,0
63.59283245269034,95.96451486093208,36.418491398625136,0.0,1,0
111.7287238066477,92.19153149449848,36.52784330533597,1.396018473111011,0,1
70.46589848008695,100.0,37.046574308512916,1.1747662602072872,0,0
69.55208725643486,96.31066638204972,37.27652374473123,0.41367970961304723,0,0
110.18608069598346,92.55158297317865,36.43008414360662,0.5552889317786327,0,1
124.15526696644793,94.17893566480531,38.04135653887799,1.710832251179755,0,2
89.02335708358359,96.2412460640654,37.016542106706304,1.7277670705019657,0,0
85.07077918952598,97.97948475174378,36.628119841948035,0.18970821941218166,0,0
54.93347975886596,94.83802623589345,36.31112942241631,0.0,1,1
61.55790435392264,97.6433248811979,36.81556544077396,0.798120974173515,0,0
63.87403154418065,98.60819084539088,37.14503319439765,0.6090811338206332,0,0
68.60299900442682,97.87347497140823,36.70950311688429,1.0964830719403578,0,0
37.84000226671113,84.6168196245999,34.99951879293662,0.5776748161943,0,2
74.11407785819696,95.72720910088225,36.807450544445196,0.21363280655968486,0,0
107.51821780650224,93.1668679776413,38.11545021899992,1.8069370512364222,0,1
83.04242361828737,95.6970135607621,36.89353918890256,2.2828719254465297,0,0
71.445818472547,97.55651836236116,36.476512389179554,1.0273770979108217,0,0
69.28371847537542,97.92811856403596,36.827486704289356,2.1534025490056377,0,0
57.56783480019718,97.08835827336372,36.103574934563355,0.0,1,1
62.025713545249786,96.54902549073275,37.04238768849044,0.4637582992933915,0,0
124.26703211004298,94.96933231587882,37.98262967822933,2.983233647732314,0,2
59.671608583875575,95.79609672084177,36.645165311900065,0.0,1,1
72.06182413643444,96.27516604494144,36.857432143304194,1.8556488894252172,0,0
73.94980587855004,98.59753079716464,36.71301723432013,2.441895918605651,0,0
114.84416109665277,91.12026501795674,37.96808596313252,1.3769562391542762,0,1
74.00046493813558,98.2713125549915,36.824919667258996,1.4535455490888147,0,0
123.3679427333202,93.2513578756036,38.49917467582709,2.570704737843633,0,2
78.50120261558507,98.45608364847368,36.900333875296354,0.6106183807132215,0,0
69.34108549649659,97.78557493206041,36.29238926062285,0.0,1,0
46.97332160412741,97.18185850042198,36.708401036159735,0.0,1,2
80.55551761680303,99.7990025873743,36.812385226898755,0.49033422623141387,0,0
66.66360529516143,98.03278213782237,36.94014963045445,1.840057457484494,0,0
64.10116012428185,98.4305902078741,37.130572366658825,2.1059989873211697,0,0
52.09976315990596,93.00609389239914,38.08817380723744,2.730989801088115,0,2
50.410738793869,93.85425111370124,37.85534681633844,3.0297609204217912,0,2
80.0780822214519,97.07422632835875,36.6040899803364,0.5129806472639091,0,0
70.27789204989048,97.7188419085932,37.11830540737756,2.4489571527203386,0,0
82.98412620170969,97.44114693344964,36.717065553617246,0.5797696737786621,0,0
97.20631647809238,91.85107639910403,36.42886581924769,0.0,1,1
80.25596008993033,96.81649348349434,36.642744290462524,0.31484544794801145,0,0
56.858335120881286,97.76347646911935,35.83801711734074,0.0,1,2
42.460336489372544,97.71870800330224,36.31536985910242,0.0,1,2
119.05921802403265,90.99981191676966,36.92198008357829,2.77784569582639,0,2
96.94733945641637,89.58855404359898,36.634418933049965,0.0,1,1
95.55288920761865,96.71700974978609,37.02711389485275,3.6711032139701776,0,2
82.91036583068013,98.25160163580287,36.83900001536832,1.1020988411930186,0,0
91.95680386276311,95.49204377652913,36.66358922278568,3.6885312807809028,0,2
61.633436807348765,98.20263352879881,36.72323870116602,1.3869136553778638,0,0
74.45869601398796,97.9045569819454,37.06691490557804,1.3520901957362765,0,0
79.2601551132002,97.93396712005541,36.84669954203047,0.2793035342630391,0,0
106.66050979842154,92.39503721006615,37.957210616451384,1.882780909636978,0,1
73.18470567814295,97.50558191509839,37.02479515917111,0.9597346222090208,0,0
74.7516009868574,96.68851241742492,36.83251246198936,1.7099607358075186,0,0
59.16621499255112,95.43460127966908,38.38940781944465,2.6531325236829533,0,2
51.117772764790935,93.83200045695077,37.62502098475714,2.423758198346315,0,1
71.01631610891326,98.08106029707118,36.825844765885954,1.7511707284563627,0,0
93.11938156507976,96.32963634990776,37.35475391581289,3.623186833211405,0,2
109.48828670649533,94.5751175493281,38.040684304238574,2.043101555729252,0,1
46.99497825587536,98.76645837034624,36.190274316790166,0.0,1,2
109.90731198775192,92.5228798772758,37.74620190218447,0.8349065963714637,0,1
90.14166308706122,98.13526877199396,36.97921479787626,1.1573530531479923,0,0
92.4577412415855,98.04966467673269,36.95748419457327,0.24606659678730097,0,0
39.00075186895084,98.11500352977586,36.862101649590045,0.0,1,2
81.89333456979517,99.14355560586354,36.78322897279459,1.3738652873986006,0,0
72.91732103949437,98.78651358212805,37.27751833966056,1.8179166071888173,0,0
83.28447220693984,98.25454069884303,36.720251336311435,2.13803774374691,0,0
78.31150039361405,96.81772314330222,37.061824408450576,0.8575770522617971,0,0
69.80707774297328,98.10638633885954,36.99454483432567,0.30637994403739643,0,0
69.53659397509637,98.571120586275,36.78145822533142,2.35737723936976,0,0
57.04602619955927,96.96829751384324,37.00634364408654,0.0,1,1
161.92262167220557,84.71305310668848,39.02166411797734,0.8507961917071616,0,2
84.95206806790726,98.09822812553719,36.63512806941713,0.9737030711995044,0,0
53.07301697406785,96.99572239132517,36.828789749872676,0.0,1,1
67.57925819885054,99.06781296185582,36.46086664408364,2.3758857898037995,0,0
51.0996715096628,95.52194030427383,36.425344962184894,0.0,1,1
70.4264813075365,96.42374304756041,36.809802608046255,2.3457412038723824,0,0
62.26767493864269,96.05518822298424,36.40009975676708,0.0,1,0
60.15455739683233,95.70526189263481,37.04667026188067,1.292325161502981,0,0
65.3347857987191,95.5436957525424,36.64562154180353,0.0,1,0
60.07495457215382,96.80883279583064,36.572460822392564,0.0,1,0
92.03871323410739,98.64844493282793,37.21359955061192,1.9082582675664113,0,0
108.42620728014006,96.03616705271311,36.61303901977546,2.797199194376442,0,2
70.33264702115937,96.26396171651787,36.5933708692852,0.6733241138811912,0,0
64.83338230304257,96.17248190135417,36.68828676021289,0.0,1,0
67.57954824089005,97.88604625049098,37.089096688113344,1.8666818779581964,0,0
111.4644512069212,94.29845800758736,37.75021567768417,2.4578720063926247,0,1
115.35229187028567,91.2999189445992,37.77148505460302,1.3477079879521716,0,1
118.19600582083653,92.72287678029005,36.86124148608332,1.3576331383595988,0,1
57.84877649638378,97.40425461090648,36.68129118998151,1.8117504237324524,0,1
88.61945293847334,89.78310106720978,36.51905612847368,0.0,1,1
82.64166519115625,98.4672730171848,37.005483127840066,0.37105783576715545,0,0
54.738352163254994,95.31634440260721,36.45927580431019,0.0,1,1
80.64151915490314,97.18672131994883,36.75739326054325,2.439414017150144,0,0
118.2809041677733,93.34536051118765,36.810288199315906,1.481069523532047,0,1
77.60969272809373,99.10656723407415,36.70367140715779,1.6883511456970062,0,0
68.46777239544092,98.87518020369046,37.00355070059246,0.7497912519072134,0,0
55.502461682339835,98.27820029418687,36.50797137398171,0.0,1,1
35.92714489373639,90.9328002248377,36.29710263184913,0.0,1,2
83.96619175034371,97.2428349074821,37.02426782813236,1.8788824926011836,0,0
92.36881986907606,97.56205218567625,36.67643209326892,1.7856549583207968,0,0
71.17855935521956,97.39776346341448,36.57828575766992,0.9263544104418315,0,0
52.404612938607116,95.4935896335773,36.58654740599451,0.0,1,1
42.956040033648364,98.53958913713737,36.34024610164437,0.0,1,2
68.76431270583298,96.97305129820174,36.39165816508544,0.0,1,0
77.14820671739831,97.73048564351559,36.49728061820293,1.5798387808769632,0,0
63.72154510009776,97.51261325663938,36.4341048285896,0.8980312614651158,0,0
111.00334998108461,93.590359414802,38.388855411777506,1.9995205563395944,0,1
96.52009162788872,97.92091496412388,36.935485159713785,3.7428179686492786,0,2
78.09711234234874,97.39344072266931,36.881872574576576,0.7289533464407851,0,0
74.1187807177158,98.92585876895645,36.53317103871259,2.033728933881034,0,0
89.05701463473525,99.31822261122653,37.165547817614474,1.0677803804223691,0,0
61.863167500274145,95.78780906069777,36.165186176341074,0.0,1,0
51.4799224841897,97.2757818691405,36.636150130265584,0.0,1,1
74.91059860465843,98.45363250237753,36.61179828564571,0.2686687497885491,0,0
72.83759217544329,97.71859779919522,36.62222998776275,2.164022904916072,0,0
62.61751639501356,97.66824941474334,36.70383132948602,1.4631723509227832,0,0
51.532742585324726,95.91247660315531,36.06116601706279,0.0,1,1
50.386365755417685,97.8334875585707,36.6332689572257,0.0,1,1
49.44585128437047,96.05876425393616,36.51347389954587,0.0,1,2
35.1098477977643,91.63864582714993,36.672452896709515,0.0,1,2
69.3993431764885,100.0,36.72241899474278,0.9938493218921362,0,0
79.19421700865365,97.11434787678611,36.709807349405494,0.40636095992301957,0,0
97.28607640756155,96.79967930230288,36.64614665399837,2.3900313436489657,0,0
147.0486750045231,84.01315175943435,39.89443869247673,0.2262993917205125,0,2
53.67975767991695,96.41583776935492,36.39871586036384,0.0,1,1
73.70720697846718,99.3394487651505,37.19403451967028,1.2385276871795508,0,0
74.23814977791702,98.93588170321367,36.791265563483115,0.3817112800672803,0,0
115.24007663692493,93.13386136834654,37.96819563182928,2.0550300366411873,0,1
58.935015164582055,96.8027362632488,35.94819193933486,0.0,1,2
85.97569865451736,97.911488005505,36.82442256101829,0.8601665785401571,0,0
35.69420355683789,87.6725609426756,39.806382542398175,1.8709135941105164,0,2
51.95294146254497,93.44642606148076,36.87257861377389,1.167503677090756,0,1
76.47192673735441,97.55027931420257,36.75783368402146,1.1486855471885395,0,0
74.24896709547468,97.64830890386915,36.4516196498753,1.230417515628677,0,0
54.40635273856713,95.18627642541863,36.41248172167952,0.0,1,1
81.9635968548329,97.4217568351466,36.416921955776374,2.4301761564558317,0,0
52.56103071640609,97.13717429234025,36.19849460929967,0.0,1,1
75.66220984793547,96.8006683471114,36.63972954373061,1.5340489945520883,0,0
55.496205324001565,94.0201744556031,36.75552128576217,1.0284311783102469,0,1
92.26222615384019,91.95140981998756,36.24554112540269,0.0,1,1
119.31848320551364,95.32628532053926,36.76165772606822,2.566458154867328,0,2
47.98469084503823,94.36236438385225,37.908724885567494,1.1143587087684774,0,2
55.737287836437055,97.15033038211163,36.36924490931921,0.0,1,1
87.60648395009373,97.7244930961674,36.550729065738444,1.9441568846302322,0,0
38.655969345363644,90.80930044065107,36.93136295273979,0.0,1,2
71.73403829661886,97.59241065100173,36.92007234536347,1.7484659589590714,0,0
110.2667239063019,92.95128012176403,37.69326652386536,2.597179315875219,0,2
66.41125972168861,96.07566981903724,36.84469342366219,0.19648586734979911,0,0
48.95768072821592,96.41217388160015,36.21767143670933,0.0,1,2
79.24770351156737,97.12672600152095,36.94819648681483,1.0695804430354792,0,0
34.54869540367972,84.12722163820257,36.3322356241865,0.0,1,2
55.76726814506117,94.57864757270475,36.2369886883167,0.0,1,1
116.84993103108962,91.6176965214979,36.798220646327124,0.8090007875030328,0,1
87.90847944965677,97.14349166540211,36.58559597332178,3.195418415756298,0,2
105.87207170770496,91.62653709998489,36.540992407253505,0.5765260977073274,0,1
78.38940569845327,98.61449687705995,36.89405702998559,1.9780912069719174,0,0
114.79289953774602,90.90036328136243,37.32745815935676,2.2473646207611524,0,1
108.0699918023193,95.90284592511367,37.19098489172642,1.6819021357239266,0,1
60.875706936413835,97.17245369605736,36.88935111213372,0.0,1,0
55.14454576257738,95.96523359195581,36.377836880208044,0.0,1,1
40.30683952811281,95.92538816645296,36.62331202306919,0.0,1,2
65.10321254202026,96.57002115254167,36.093951470830646,0.0,1,0
109.4361162033141,92.8279271774174,36.998378670685256,1.6844903005856313,0,1
76.5336316137064,97.0698932329397,36.456425390278945,1.5741355196560232,0,0
38.40804034824108,90.44268955738748,36.54074348841777,0.0,1,2
58.75220177366829,97.4778549268098,36.66243661056335,1.0916834980564722,0,1
61.35852878759035,96.10885719279699,36.50364497400224,0.0,1,0
117.74125015620677,93.55133585879129,36.66124658591146,2.3196503603117193,0,1
47.86763118702644,93.99532877806038,38.502495171115825,1.2611337819877724,0,2
51.65730971072277,95.84083341251404,36.283863018925764,0.0,1,1
96.64437010260477,93.18807721557693,36.48949790274008,0.0,1,1
75.47550337490864,98.32816218755372,36.772790489111465,0.9597578452885127,0,0
98.02986642929135,92.70568781086673,36.52698107729693,0.0,1,1
49.59362161275337,93.16299789818586,37.83735156281624,0.5881031002977299,0,2
81.59762440478886,98.65531679043755,36.98905970821432,2.3521371568570775,0,0
51.06149241581713,96.5054913838785,36.175763155994446,0.0,1,1
35.42936763017066,88.20171784878863,35.59066091491707,1.1209808372495433,0,2
118.49364469548708,91.62269527692736,36.62977016646794,1.7310781773877313,0,1
80.63612230711651,96.26903266523787,37.013749140727924,1.5159698143910398,0,0
118.38700272382792,92.864822436457,36.77335081574494,2.0016046920305053,0,1
72.12746823259208,98.13757683395269,36.63534408900498,2.4365664331036103,0,0
67.41616022257213,99.55742083075853,37.00120490013276,1.0545411171981462,0,0
39.37870942834246,82.21588103371607,38.6150368799684,0.17450977881463547,0,2
101.65148001102551,91.32356607910229,36.564425618951404,0.0,1,1
72.34780425132429,100.0,36.85211087993044,0.8636341176232978,0,0
48.83071095766661,97.14815882987567,36.087364279687044,0.0,1,2
40.56821805629453,84.45550151929238,39.27023575880947,1.42229993479087,0,2
77.25528418447969,98.20769818165455,36.898290985992176,2.0937903652141236,0,0
76.63225928926613,98.12715418494884,36.86042996308071,0.9153983588194546,0,0
86.89672931526236,97.87513000025037,36.648002328620535,0.44461397250318047,0,0
68.35695810765887,99.86049599164312,36.75413347641361,2.2088127381927025,0,0
66.63006668806277,99.0055305020585,36.507785678244474,1.5852694379442793,0,0
75.72820648889753,96.19999376225243,36.512401999410415,1.1697128952923872,0,0
67.45917423672984,98.99449670244891,36.66683135310912,1.324554376194325,0,0
51.542379743020916,93.31369845289511,38.30943595614846,2.0093558056264227,0,1
76.93141888659595,97.21216461121483,36.81226430661309,2.101929689146672,0,0
66.98177068198649,98.37188215005492,37.06565948822301,1.5871142734155945,0,0
103.08194708587078,91.95805434047365,36.63424596743784,0.0,1,1
93.55282128511732,97.6906255263427,36.39720955660531,0.36974620407051917,0,0
69.11349291356008,97.45278602322028,36.7409908309219,0.5371669417110343,0,0
71.32988243717466,99.20704718970089,36.70360758175852,0.2725208916598608,0,0
42.177356587943045,92.16925963991132,36.66886561754011,0.0,1,2
113.23001344835441,94.17424650969798,36.6660317406073,2.1123423579747826,0,1
56.0535118028742,96.0890625213206,36.61850789821582,0.0,1,1
91.66741860872511,97.5544750519867,36.5807934540248,0.9349399114692578,0,0
56.12503086091422,97.1495258662188,36.4845678895719,0.0,1,1
70.66025121987107,97.70703454485904,36.432347524421054,0.0,1,0
37.628021597386876,97.50160440242159,36.39190774682669,0.0,1,2
79.13567463967455,97.3133379407561,37.13826314477812,1.3322317220352735,0,0
77.51124735658118,99.22754666599177,36.50410967528316,1.6093173244784262,0,0
147.56451715175194,85.63558413014091,38.740020552922346,0.8575909588865077,0,2
80.44843255277235,97.91780127263237,36.74370053868269,0.5525436788337827,0,0
65.81702631406797,95.16445559023873,36.35214889997004,0.0,1,0
71.81906875843904,97.16982723268575,36.700224370121376,2.015116630562756,0,0
78.38305770177382,98.43789888100945,36.705113789118165,2.379959516757165,0,0
67.68849254429216,99.41377388794078,37.029234248149166,1.2105706132676648,0,0
79.64929329972418,96.9498075753992,36.7298592169502,1.3081685677025021,0,0
98.73959263172236,93.60593100738221,36.41483220513075,3.5031658829333274,0,2
51.890233121219985,96.97045296995245,36.22700206176225,0.0,1,1
51.08640475364717,92.50083493965363,37.59789340498007,2.2638487008588566,0,1
112.98208226631273,92.70951494448329,37.921593875799495,1.270415446023284,0,1
143.46227995109294,85.3708834454769,36.02488859762745,0.736417908025228,0,2
78.0897102302674,99.03051345127412,36.34450104585119,1.4317934989139827,0,0
113.31377202843966,92.13304506948187,36.75450678306392,1.3800065631502425,0,1
101.02989058735383,95.21371132231049,36.459210778635196,2.2328720646627254,0,1
50.32040648064119,94.38885427948716,36.30905049722056,0.0,1,1
64.86831046998387,97.42633162715893,36.60882806361035,0.0,1,0
90.34835849964432,89.2217476231887,36.34222811941708,0.0,1,1
66.56473516683563,98.27027344686796,36.547078130282145,1.9364674769693917,0,0
54.62977397280252,95.7733806367178,36.65775578474478,0.0,1,1
58.31421571104161,95.36810293588809,36.54619652124613,0.0,1,1
56.25654796054123,97.24986412344971,36.434457832522945,0.0,1,1
86.68322147284456,98.69346341978476,36.74224966719565,0.1374557862339719,0,0
49.87885815681194,95.43381282295695,36.48047320497942,0.0,1,2
53.005304097308695,94.1741658703417,35.84328576277961,0.0,1,2
59.88444371269149,98.10606561357994,37.251410947902755,0.0,1,1
81.45511111427017,96.36320061760193,37.29322289497414,1.2330695408789265,0,0
64.03846527490019,96.06076590509224,36.31017976777824,0.0,1,0
105.06607935218078,81.38044237180554,36.42461478819525,0.0,1,2
82.21901457290502,99.5706874061894,37.07231388777587,1.738236710535462,0,0
52.07446318975747,92.08071090277716,38.44333067851424,1.2314713664675279,0,1
58.461311208928805,97.34283516824583,35.766351728826486,0.0,1,2
75.88210901608832,97.18978894536954,36.734254276811825,2.0653228366422103,0,0
89.13832746601382,97.95583974967954,36.65468346318186,2.4881488280917545,0,0
81.42430076993853,96.76817683599141,36.476582913074374,0.39864843817093043,0,0
51.818395810950925,98.27919570211257,36.38246076031788,0.0,1,1
156.07092449072638,79.64361628216534,35.34535898879517,1.9682826658321457,0,2
49.26543017004613,95.06758521827462,37.71600888545764,2.278827577046898,0,2
88.46976087935191,97.8672671511788,36.75313407975797,1.991406361306006,0,0
60.36515759462481,93.45447634631479,36.40122083287103,0.0,1,1
46.03571336242371,93.04916852607228,37.972938028478175,1.1482649088277848,0,2
57.79880412436524,95.6379464464331,36.0741583472421,0.0,1,1
96.87151936022441,90.63201910261542,36.46357769837497,0.0,1,1
50.073666894923804,92.08618497990344,36.72325282846059,1.9188407485086048,0,1
54.33370507884153,92.61597818107992,36.9129115659529,0.8078340034207747,0,1
84.70464738027728,96.74165305622815,36.8816977939931,1.800445924634604,0,0
109.69899568450451,94.79315664018347,37.94208236878419,2.3291595107221066,0,1
113.5115297338768,92.37059347461228,37.605590465829565,1.6867441324198649,0,1
38.91027126388246,90.43179708357586,36.623581943604336,0.0,1,2
99.28973516350597,90.95536629266736,36.08239657328573,0.0,1,1
84.04851464131363,97.38709921672431,37.104983567728404,2.308572299640779,0,0
106.44241689937189,99.5816427410213,36.91951357934893,3.7303469998531282,0,2
68.1792075135479,99.38323339604017,36.785159805778,0.470982273709032,0,0
72.68864093305648,97.78007166393843,36.751461619092254,0.8078189521326726,0,0
85.1049624046879,97.62232218551885,36.603853866383794,1.2972953407462,0,0
33.34447807933083,85.39706813663096,36.1813534805368,0.0,1,2
49.59493426817623,97.76511007232911,36.640710848974784,0.0,1,2
84.03952954471352,95.64612265369445,37.00934083499919,3.458464112823178,0,2
34.80896018519792,83.35444579316639,35.8864296822511,0.0,1,2
133.90868132349314,88.8307742724801,39.24346383990793,0.4673053293511762,0,2
49.726692552503806,97.02845926640944,36.855928439846586,0.0,1,2
69.07732635394811,95.77402977923711,36.91922997398388,1.3315688350567523,0,0
59.78989722816543,97.14025090692918,36.8981238710522,1.2015168885729117,0,1
98.62511884106144,90.66992427217168,36.35774245188867,0.0,1,1
123.96979606273113,94.65698711267747,36.60242514654654,1.370965269948749,0,2
60.584722664482605,95.94860653426849,35.87506334691958,0.0,1,2
65.60717784945979,96.92245801066076,36.805613655287665,0.21939237376371795,0,0
83.93995724436354,97.49873420411666,36.71478337425669,1.9586166036909802,0,0
121.44218944400211,91.5365906946724,37.77224974319887,1.4144776775340728,0,2
127.58611296638492,92.94950661259539,36.905531609441745,1.7091878448234417,0,2
117.90379842938268,92.57214136534724,37.49642120106171,1.558877450637261,0,1
66.6084044695222,98.46962222718741,36.97264234561149,0.3019083052876198,0,0
62.66951384406649,98.13057713003876,36.7394653612021,1.0638103778410277,0,0
81.00630113067848,99.74370482468701,36.877969896677634,1.187893779208635,0,0
52.65444456819486,96.04586808892498,36.47644476805338,0.0,1,1
32.64574671974042,82.38265154051304,35.80033320515931,0.5890081649533082,0,2
48.06393679688643,98.09405519304626,36.35531204530673,0.0,1,2
76.81989007147325,97.6092253312174,37.171739357843414,0.9485875857825361,0,0
85.59944761608268,97.1021551860452,36.75727454297598,2.1266326731869882,0,0
67.66820176186802,98.37948294832768,36.56710791613932,1.7500832490505676,0,0
81.68726852872308,98.054323157935,36.72318467737233,0.34426160539636663,0,0
76.18085527153318,96.80186903411816,36.85933729962421,1.06356296634844,0,0
73.97987744179741,96.91053629319042,37.215577809663515,2.1633743130271768,0,0
66.68386271231377,95.54590104077465,36.85143850376465,1.706469808565449,0,0
55.19796236353996,91.62133144101624,37.67904011641912,2.8160629488067714,0,2
92.28137435383172,90.56845612663547,36.33110770623053,0.0,1,1
82.6790878133909,96.11916789115934,36.860541471152665,2.3424112740022216,0,0
76.79288404319776,98.75592759192133,36.906382624403555,1.6315565095341202,0,0
53.405091761454685,91.48129675120225,37.98605753656175,1.7026435994845366,0,1
94.70161458692594,91.55559495275944,36.637174094639946,0.0,1,1
74.02617785321061,97.67690664806823,37.15463990031188,1.260493722633311,0,0
74.08214237473612,98.57481975484038,36.52857104371953,0.9853333567836479,0,0
117.29050971716924,92.20241203898279,36.636878389839154,1.9058581967716444,0,1
80.67402487181702,98.0752085421821,36.92025050386377,1.507323018204241,0,0
67.6241276183074,96.53229074566747,36.90298486209961,2.101491600260685,0,0
44.026675737572496,97.31216701106696,36.39956757349149,0.0,1,2
55.12265428084201,93.95073283674674,36.7309878213839,0.7920708721915006,0,1
74.93410633261153,99.13449611421862,36.9980528073856,2.2691280084367973,0,0
75.9018007977691,98.622677157229,36.74739898884718,2.0676504360255135,0,0
122.44658523894256,95.2051807285491,37.646646564499385,2.1756894520407366,0,2
84.4345984613901,97.85096600417856,36.629144527758335,0.8359435253335721,0,0
79.86420864428923,96.57474978650404,36.608181418724456,2.3542458213814,0,0
73.40591889268936,98.069233064995,36.72210330780472,1.9738878104966537,0,0
123.48465316505805,85.80045464045459,35.97277597452407,0.44284344395887054,0,2
81.0904619530618,98.13682603320518,36.79049054579449,0.14586439072785423,0,0
39.2891562972127,90.42133331637334,36.91420193296956,0.0,1,2
85.42675195002234,97.08065423285221,36.947594153597464,1.6212266676334808,0,0
84.42033011601475,99.51983318270055,36.81334713229997,2.442411108477705,0,0
75.64114113661445,99.36927713874121,36.3280850066894,0.36009164339057553,0,0
76.33436722961952,98.21700591129897,36.917425361080944,2.227250032826022,0,0
76.62727109137157,97.22860973679491,36.73108472746054,2.17276342166741,0,0
128.78398389024142,86.89895908323668,38.85178467141585,1.451206880107709,0,2
56.163446328682014,97.14230542193076,36.61848931981668,0.0,1,1
45.093146961494035,96.08437522392462,36.49324214900804,0.0,1,2
90.26044160164197,97.04438684329813,36.73314769967065,0.613172400083023,0,0
45.38675857098257,97.96330837061828,36.38542286013378,0.0,1,2
98.02937817109313,91.16343501148549,36.64878200093641,0.0,1,1
82.4448382570048,98.52564657734425,36.695074178946186,0.3501753718373173,0,0
49.78655977509613,97.39320266782117,36.483696295433965,0.0,1,2
72.48427428292095,98.74263054898671,36.82613918878247,2.4606332450879864,0,0
116.03707521942805,94.31968706054752,37.97651172273941,0.5781629303653103,0,1
69.95502731914499,98.1341629674017,36.698644804335025,1.451459002322853,0,0
124.26501514688192,94.89236701548133,36.68033464608808,1.2838093560363413,0,2
77.13215417655312,98.22898577049243,36.619605889587234,0.6344947373557597,0,0
76.93220434425587,97.26939481577588,36.74678033003292,0.5068840185607497,0,0
62.43240926350338,96.11387437395078,36.18853717147633,0.0,1,0
59.87734197669558,96.82739006544274,36.80160590366183,0.0,1,1
38.40496229263062,93.50628251715746,36.509224195350725,0.0,1,2
56.489403959365816,97.26388829040812,36.420886241633845,0.0,1,1
50.20307998958971,97.29257091255931,36.342015728122746,0.0,1,1
69.04322637871842,98.24819131223184,37.01763246903511,1.2800011430227871,0,0
83.85688628786095,97.04703126756732,36.85370819814744,0.674052129443369,0,0
68.54417735745986,97.83308521611335,37.05551779547871,0.1573358840666037,0,0
90.949404055479,92.58875816967708,36.556010033152226,0.0,1,1
65.26261557084838,98.76469837253931,36.527423475344975,0.32579117213249087,0,0
65.76213512156161,96.97842378782538,36.61259346153642,0.0,1,0
39.17038250377648,89.15379328452146,39.067887181719115,0.8311135643667598,0,2
74.04300991637166,98.21608360483421,37.13445123100289,0.5464174239185753,0,0
88.5892973980161,92.31985983166234,36.33669352051638,0.0,1,1
63.243323515186155,97.30998661536577,36.914406778815895,2.120467313346854,0,0
81.73421835184223,97.51139865345603,37.07847749554639,1.7273377986445595,0,0
78.85293698241563,98.534806686956,36.872718436600984,0.7873040342590323,0,0
79.93148834807329,97.25881730253447,36.90286333613671,0.36558688198824263,0,0
51.46831975747046,96.14470895853316,36.38183971100622,0.0,1,1
87.34297031170856,97.1142996625349,36.83258533329497,1.8426910030804036,0,0
70.09900544936814,98.39171835732962,36.52964761973118,0.4303007641810459,0,0
82.20938686047893,97.10643737630039,36.69249869831466,3.4702583232080317,0,2
28.529087054671173,83.0513024830361,36.291742387343525,0.0,1,2
86.17860581962553,96.77385864209583,36.4484651766973,1.4104189248020405,0,0
71.3052057258768,98.38187959675152,36.94595508117236,1.4079236117764025,0,0
56.362956478036935,97.34179967272071,36.619862914808955,0.0,1,1
71.06351304772717,97.65713677185845,36.85902181337068,1.6923582383714584,0,0
45.912866150212864,96.88192290788596,36.49559875283355,0.0,1,2
50.48844378109873,94.68019762504385,36.59598962892832,2.195208289475365,0,1
110.64455783794597,93.08365049052543,38.5948390976504,1.5203201522314542,0,2
66.40600519779358,97.274845431452,36.72472422526663,1.7824543602278031,0,0
60.82024959732914,99.47395117572029,36.72095949463621,0.0,1,0
38.101417393477234,89.84353156882933,36.50648258451184,0.0,1,2
78.08736205368754,97.83106047235914,36.470387289437795,1.4510575881470131,0,0
151.57412873167328,79.11831553458741,35.197591778935184,1.261209411506294,0,2
40.6148745465018,91.4143045784544,36.39246498884504,0.0,1,2
114.10451706896593,91.67460464560367,36.51924196299943,1.9883286223110486,0,1
96.08754088929224,91.89899898723684,36.832937168111336,0.0,1,1
121.76212143152031,95.27038376676356,37.96857052045214,2.597769627354615,0,2
30.832298177382327,84.18495741688211,36.336531193138526,0.0,1,2
88.16498198831724,98.11181732519755,36.72805343254307,0.7142472096247068,0,0
89.84071107702877,98.84780556025822,36.77541093011977,1.0812665061690026,0,0
87.53091681466722,97.86253109639186,36.820979423572446,1.7766849453679556,0,0
44.36842571285341,92.01850343018471,36.368805862259364,0.0,1,2
74.51893237431293,96.50706216789908,36.80927896274701,0.2750339974166983,0,0
148.78686979297407,83.88393543644199,38.719602725407704,0.3675625057076968,0,2
112.98035092999558,93.4537388749835,38.56184097194209,0.8343024957975034,0,2
79.07131212525493,98.21939114064878,36.647623334285335,1.6446185607004902,0,0
62.121335914908514,95.94963913128456,36.439067169423105,0.0,1,0
32.69999529566178,83.3461053975814,36.36128756689642,0.0,1,2
79.82739500317757,97.31856157620963,36.38672145571604,0.2625646518568546,0,0
56.100466457697145,96.52655478749922,36.055319169940304,0.0,1,1
44.91168140111583,90.32401485586529,36.61499473763982,0.0,1,2
66.24602293142802,96.81249114687218,36.412680401411535,0.0,1,0
91.31565919035326,95.00639659609995,36.96496043884658,3.9295270080721374,0,2
55.675843701209104,96.54533837265609,36.288050485004604,0.0,1,1
110.25132233128257,91.36968519675668,37.980207011191375,1.9910200532355309,0,1
69.54375765239602,95.60816053913008,36.614687624905805,1.768126999411085,0,0
97.51798583568205,90.77325487131716,36.73992237933246,0.0,1,1
73.41017761087879,97.66763358186283,36.55296827074414,0.8822969060235801,0,0
78.93585162798362,97.90456145210946,36.55070924773511,1.808312693943802,0,0
63.08233795048188,95.36316381923186,37.020482910794435,0.0,1,0
51.71852540260144,96.91211403907212,36.69027654473032,0.0,1,1
76.85944719873724,98.64504732140465,36.55232268293493,1.9542087001491875,0,0
62.94347760182605,95.57224749812448,36.639213800512145,0.0,1,0
66.11526010532206,99.4928667649168,36.64085033295961,1.2037709346446992,0,0
63.157715181401684,97.08997958390607,36.835598670396635,0.2998925561156633,0,0
49.165407936405856,99.06491712189545,36.27687922307813,0.0,1,2
70.16539813427778,97.55986474015926,36.709756280381285,0.9100753247782114,0,0
58.35123080557446,96.0317169261033,36.9790673844843,1.0350361985866299,0,1
86.69900437797955,97.16198074131812,37.04294650346486,2.2210619082139322,0,0
109.50837396286352,93.761231423149,37.38903018881758,2.6346115548160296,0,2
57.15726032158566,90.60251719639702,37.851574532297924,1.8749434154503688,0,1
100.890504408778,88.86220109134659,36.755771969315425,0.0,1,1
49.19408900253209,96.00260257533516,36.74019025229798,0.0,1,2
42.143096048569014,84.60453814265745,35.1794614158059,1.3166174418416472,0,2
62.27850101341176,96.56426067102005,36.38159866953833,0.0,1,0
54.104521550515116,92.93139053269483,36.435723927186224,1.454392126069873,0,1
68.36182593904746,98.2335076263173,36.72666119661632,1.3007761925639865,0,0
62.7452639653205,94.43523919308961,36.179863294622436,0.0,1,1
69.37823161109264,95.87471074393343,36.64390826335632,1.9960570020130994,0,0
74.67869182489038,99.40160484660318,36.957022011752315,0.558904978070043,0,0
69.59573450717559,98.89031972684073,37.041908481502084,1.1984127005203464,0,0
65.29384459532241,97.60408786977183,36.85173307827208,0.2521722741194483,0,0
44.95180203932628,95.64125902510565,36.37939929914502,0.0,1,2
69.76959122410219,97.99540287965887,36.69283797643154,1.4740151017643728,0,0
112.85695907135143,91.883794163379,36.63954164811215,0.8984786468601242,0,1
34.617124800801854,85.03843179328135,35.2819133136174,1.5241756632747516,0,2
126.42156800227917,93.58330139677233,38.123294355490884,1.371613703961459,0,2
92.16930302466145,98.1720122151006,36.82471229464743,0.5837158732804665,0,0
73.85799571781249,98.01712544000395,36.53830082259274,2.191199986282249,0,0
52.53772527877506,96.1565177809881,36.19973710827996,0.0,1,1
51.813636329167565,98.37242307835139,36.426378395549555,0.0,1,1
63.32549085433911,97.06628350978082,36.69031151469954,2.333544784846423,0,0
76.74248525452788,100.0,36.54702174842376,0.38987099042437157,0,0
83.29348912356156,97.72192043230272,36.52115539633681,0.6664657266516708,0,0
55.495880651476355,96.13401372333456,36.22871158932508,0.0,1,1
48.63925210596255,96.80149926453463,36.52257509494047,0.0,1,2
38.83799903817224,83.5306025059,39.23589778808543,1.135909940350331,0,2
66.5332023635584,96.67330027816531,36.432061306000456,0.0,1,0
69.93894944467671,99.5103145784131,36.95828450750482,2.272507018170564,0,0
73.76214727973895,97.37247792596379,37.00687318373327,1.1410255117427754,0,0
114.3190284998887,92.57291695269872,37.748357772483786,3.0229394405003616,0,2
109.24027542558761,92.0649417589077,36.893953253180165,1.7846188789039068,0,1
118.68960414027165,92.41080511596793,36.769176754237,2.1614459161518864,0,1
76.86301399910694,97.86271329279802,36.775160378271835,0.3471467590745127,0,0
111.28816965237856,92.08842621338873,36.94869872339567,2.044245201398879,0,1
63.157243412112656,96.77711898373013,36.82115885800839,2.2028182041493105,0,0
76.41119339920583,98.8430098912316,36.51416041547542,0.6335907113422689,0,0
81.36744897128311,97.27009887011968,36.479222045934186,1.1565278687806249,0,0
85.49069842706191,98.1126223539008,37.059875651044,1.5662052089916882,0,0
76.60760884265771,96.85000212189945,36.814200131140694,1.0940735074198036,0,0
89.26569794569718,97.15838693108351,36.56276828630711,1.3344141637007443,0,0
67.0399794053825,99.2728223057095,36.22540977231302,0.2151019610914977,0,0
83.89058150780188,96.62099673943914,36.592712422651225,1.9565241482161166,0,0
71.42811009362181,97.46544886469346,37.00064945066485,1.9164242060404921,0,0
66.74360696179836,98.41475364822219,36.7000229786731,1.2290831173281045,0,0
83.13308329795795,98.96832500143923,36.759631329993425,1.102885003641661,0,0
57.30150733300968,95.5269055919274,36.69026313228165,0.0,1,1
84.68080626330926,98.89513733388327,36.96053961916675,1.0885287638344692,0,0
74.09071885193539,99.17657589274722,36.401889562815725,1.5569728897816173,0,0
72.70809133132579,98.0311944999869,36.56130365373937,1.2157884704655557,0,0
121.25552241060997,89.95444015355473,37.83593690025855,0.600842175466924,0,2
79.38750222721482,98.59331989580298,36.84018877114566,0.38194388167263693,0,0
74.80751330964495,96.62467490582873,36.881116196353375,2.1012648648052563,0,0
78.71791188958248,98.60261512377,37.21702466813691,1.4469658692830223,0,0
46.15646624952918,89.8582711609928,36.828333710982456,0.0,1,2
82.16939985095114,97.93545615921812,36.78169266548016,0.9580462931127393,0,0
83.40396636944315,96.25158861517107,36.970556769938646,1.0061588482142607,0,0
86.54875887673988,98.26517131552882,36.993163922461655,0.15624465584941313,0,0
49.71649957217273,94.8212144117405,35.92989408355345,0.0,1,2
43.249533819740506,88.22344893121115,36.62499403704459,0.0,1,2
68.70085829381624,98.55842425547955,36.86064028099261,0.3454317629358078,0,0
66.60438064256078,97.11599702160193,36.23747968417881,0.0,1,0
76.07034468378266,99.20664483510154,36.93472944772443,2.4932213021473326,0,0
37.26560744117679,92.6191921645547,36.91531520398486,0.0,1,2
44.62874382483626,97.17938756760486,36.702744772138445,0.0,1,2
83.14576717272446,96.28177492436653,36.79692596401865,1.4073376791976264,0,0
61.811413448133166,98.11128359833583,36.353953299762566,0.0,1,0
81.29110274250179,96.83141649250163,36.318716802105804,1.3308231740944805,0,0
116.32372871508313,89.59652513824918,37.798709198952864,2.0819637456286486,0,1
77.05366386573208,99.08058865150986,36.7428040951393,1.0788295703236086,0,0
91.30945574974965,90.62280947035397,36.38864736041223,0.0,1,1
65.71106146725668,97.8901370458469,36.58849672353657,1.4938557580243206,0,0
86.23032382480427,97.99699513478161,36.92633165200941,1.7822178398629887,0,0
56.26397049544593,97.34418225437015,36.193963857527976,0.0,1,1
73.05166778074855,97.6555411079931,37.25294803898679,2.2068577984128437,0,0
82.20366385181704,97.13088829540732,36.71506824505719,1.9494097819347924,0,0
79.73370868712179,96.85078566101987,36.881397726991494,0.9235275239602709,0,0
80.83563135912655,96.66304906070486,36.498217128065086,0.4058387461670576,0,0
66.82302676429379,98.52063697140557,36.90460380581709,2.2635132395823967,0,0
126.56526558957975,94.92351066736515,37.03063346013768,2.2305832591280295,0,2
59.55077480050389,94.90225069686939,36.66432610314773,0.0,1,1
52.29854614074967,93.96216448395107,36.27356867481738,0.0,1,1
62.63191334054164,99.12785849309986,36.67652772096615,1.5025295064385948,0,0
86.7590599000219,98.87335229537719,36.90811271531019,1.2243111147970467,0,0
84.06010154366145,96.11300129436997,36.69553052471506,1.719544195827947,0,0
79.17159150579047,98.90260741878566,36.84843819874537,0.47025423217908513,0,0
121.6726438318212,91.27170827945824,36.59931092148518,2.298222215296149,0,2
86.7009968302379,99.37095058773666,37.23855446486217,0.5035356787880714,0,0
91.489035259426,89.659161262883,37.30906854108402,0.0,1,1
62.42438838055712,98.35552653597807,36.87944488203519,0.44126530667173947,0,0
46.791702027526554,93.39079756035608,38.63821109868818,2.2600445327054883,0,2
80.26492272798653,90.43093529868948,36.59976619864517,0.0,1,1
81.74794143669693,96.34070059971678,36.60521577962295,2.141188232109651,0,0
87.19318103150562,95.99785526760594,36.53366118025423,3.840711199221943,0,2
70.77267660339987,97.87796969482795,36.650085969930124,0.9076781083873535,0,0
41.55782160920561,82.21573692551202,35.333712139348506,0.31183917565435115,0,2
59.97995502370405,97.56271457959903,36.48661424367802,0.0,1,1
80.13508093031142,96.64918815564428,36.86224810344725,0.3455001344461499,0,0
87.63198115625623,90.4527643121543,36.61466584919785,0.0,1,1
55.44040079484253,95.14170584271258,36.352252644905974,0.0,1,1
56.16680372361885,95.49407352471287,36.79886254363003,0.0,1,1
57.36201166519868,95.77427714876573,36.52459580367616,0.0,1,1
106.9118135715521,93.06474050685951,37.9615089178536,2.8016617957681844,0,2
75.81914662283106,98.2787412727681,36.85439486215096,0.7349095724259231,0,0
72.2648198530703,99.03034654936941,37.020464003988366,2.0982594910306083,0,0
73.97544833027104,96.97006252569103,36.78286331098105,1.1870150298479736,0,0
94.09136861893752,89.43264227533918,36.60437325658224,0.0,1,1
75.75723540536406,98.63667271274478,37.291499022103444,1.1833805378536162,0,0
56.11246056526962,95.67565163676211,36.162949591361105,0.0,1,1
63.95076815395224,96.97815511704259,36.6345356514356,0.0,1,0
97.09599069819514,91.51774882171088,36.49286976036732,0.0,1,1
57.597527820013006,96.50012425312231,36.214241119890204,0.0,1,1
75.42915916189328,99.72871204814844,36.50711635073879,0.465053881528114,0,0
86.03514384399739,97.73842023544529,36.70623740590813,1.0326703927591032,0,0
61.319906815037214,98.28675839715606,36.98635572349711,1.2161175897184748,0,0
69.1561313551914,97.37272463055918,36.68233178585231,1.1542358392063885,0,0
46.3491458843985,92.0873866294023,37.8285296622339,0.5106724803453123,0,2
117.25669236655796,83.05929447329831,35.79955717204041,0.0,1,2
58.168294995545416,96.90037801465658,36.47305353160803,0.0,1,1
116.51072415203309,92.90198536869545,37.20348418425143,1.0549533686709913,0,1
71.57652873516086,98.03464299200492,36.76137753764717,0.5186638809968435,0,0
63.80492753640396,98.46819309885062,36.965153171337136,2.453697579489001,0,0
69.27023693352204,97.4431125295073,36.85480302576672,0.815644833033109,0,0
83.87648352936925,96.47134979123561,36.519367710917415,1.3742337948506023,0,0
72.69082985020931,97.9568012331673,37.13919520515047,2.372080763187875,0,0
68.702553325224,98.86452121101135,36.504493127404785,0.9592526028611855,0,0
66.10372254225514,98.24764878963329,37.043906828958825,0.8352466280105311,0,0
94.23892066814936,97.91161459945513,37.10897995429153,0.20864688974031242,0,0
74.88452393283622,99.86565751329604,37.077565525893206,0.5069079687615278,0,0
75.53339730669795,97.47881081208638,36.949001648448835,1.178835604569385,0,0
61.091674877999694,98.1756779540837,37.012281213892486,1.6506417530073498,0,0
71.71037417008674,98.22667293219602,36.692071293017,0.37704964687545484,0,0
54.29927175065442,98.66758626567511,36.26597549478333,0.0,1,1
81.37288973211966,96.91758612709246,36.98909073794102,1.9099082621743035,0,0
78.47054438519534,98.10538269849327,37.1555042017817,2.0521493345387656,0,0
91.8024172435508,90.25747970625459,36.748950598160114,0.0,1,1
66.65609740525525,97.44166694382712,36.5294125162174,1.5451605341269732,0,0
48.13344933223968,95.12654216338379,36.85838803873312,0.0,1,2
71.93906504497093,97.51990836255638,36.87339866580674,1.4752274445619933,0,0
59.23949854268638,98.58137560354773,37.0735625404365,0.7044180356009223,0,1
64.854526109088,97.89180503808646,36.830576575134295,1.0198802638776925,0,0
84.61285828150008,98.356382250093,36.83911492818576,1.340319656828589,0,0
121.58572042866177,94.79522346527195,38.50138522633155,0.5957497148842089,0,2
116.08329746145922,91.43082847900793,36.82527707938383,1.388011194074825,0,1
70.42956729892191,99.20877435601028,36.91680574076773,2.1757312104032467,0,0
111.53619736301374,94.16129568561418,36.89302068370896,2.370893840262486,0,1
63.40855543226818,99.13179996224343,37.1297773412758,0.9191306888398261,0,0
55.69529762200236,91.63750611341658,36.83864722372749,1.4352860784236068,0,1
75.4814973136566,97.63110912861315,36.748470124502276,2.049203648112261,0,0
80.95078344735475,97.92356372452872,36.49473785433477,1.601267898245657,0,0
108.19505121874707,94.76767199562836,37.07778478651665,3.0321210855058482,0,2
36.30205796019307,83.57195801670979,36.090731730990065,0.0,1,2
85.16202754109443,97.3605763485307,37.02884090124043,1.0725572622462978,0,0
60.24943450437566,98.28722678142074,36.551539003911756,1.8955275106325866,0,0
93.38701131061976,98.33610035633377,36.62672313691136,1.021905286912439,0,0
75.79632667449887,98.50596169327481,36.75175170359212,1.2484743419975077,0,0
36.56774390318325,90.5738606127147,36.556503137933746,0.0,1,2
57.882751637283754,90.36774108050757,36.93749758880207,3.1025822387493665,0,2
64.08660421985425,97.58294764294462,36.71268025217821,1.3459038538319754,0,0
85.16003366282546,99.11100638300421,36.79999591374798,1.7611325194395633,0,0
61.39678170564189,96.36488646865693,36.229513940952465,0.0,1,0
68.49379418899083,98.17735136122897,36.92657415625327,1.4836539874700516,0,0
51.36878285070753,96.95606385118474,36.65502042221263,0.0,1,1
57.086922583617906,94.56743382411653,36.73768069089113,0.0,1,1
78.1527808766799,100.0,37.063391667757976,1.4408234025439908,0,0
44.48912921013923,95.34206376520852,36.39617467615271,0.0,1,2
77.75804645783373,98.6367599053533,36.793489073496815,1.5674892511226186,0,0
50.9852948546705,94.72480263780474,36.41122462310254,0.0,1,1
80.0816487224942,97.33566198199843,36.55522008593568,1.614963339330271,0,0
71.12734619483861,97.25996108761039,36.73507290442742,1.6868344620726894,0,0
78.8944949473815,96.41972084046196,37.20117709031978,1.0808034777447726,0,0
43.63214922585773,91.35817042788628,37.067598462893685,0.0,1,2
74.39114624303781,96.96344147767387,36.882871785688366,2.028285853095149,0,0
80.66802289112881,96.04319752059473,36.66729622004489,1.962481627961822,0,0
70.48411024000612,95.5966409356925,37.08489066521994,2.3203964101308294,0,0
116.5215669770686,94.13639104992123,36.831716530649445,2.991657765960903,0,2
85.01074752128196,96.92874806781266,36.90650749203871,2.248875796140003,0,0
69.08343427545061,98.24924597125802,36.79064586461419,2.283160606154005,0,0
56.69456145065206,92.4955654346532,36.907474201801776,0.8848529711896393,0,1
75.39158687256001,97.14684099792014,36.858451372917635,0.35196035896554334,0,0
69.67675878439604,98.94439240777544,36.804970010412205,2.3977379686888405,0,0
90.20195951464204,97.88109562039102,36.50182184350295,1.055476576715336,0,0
85.45548152676406,98.99251960055561,36.732955427489856,1.7781986756566868,0,0
55.058115716526665,95.66794085632495,36.619399247989314,0.0,1,1
122.36785381153491,94.66550645903268,36.91035217280879,0.7723842009386743,0,2
58.54322883348076,93.971359724284,36.662987194285556,0.0,1,1
31.201351240203643,82.6672502959136,36.33798594525874,0.0,1,2
114.86000773395179,93.190471888472,37.28207574659415,1.1336727380333844,0,1
87.53524216959488,99.43506958294758,36.65557148220638,2.100648439700643,0,0
43.25243989395265,91.1754395416975,36.747044269178275,0.0,1,2
79.9673964692331,96.96296316230679,36.878040226005,0.4007880826089456,0,0
73.78065435868014,97.13917190965485,36.93174618650538,0.7267476843456708,0,0
37.62179162208897,87.10765672029643,38.51943553816963,1.906226917774226,0,2
82.88455012863669,95.80943354956638,36.60169601146481,0.7986967533468714,0,0
60.66219450732957,97.9660269663764,36.651492690361295,0.0,1,0
74.82213481421667,95.77264665722404,37.216579427627345,1.58250323607974,0,0
80.67525192257622,96.75216683983375,36.578394339615016,1.6489625384883373,0,0
92.3633316321764,97.25205838910681,37.14112380755689,2.1196837773610633,0,0
30.0,87.51932388407504,38.93075896979275,1.527759354045806,0,2
84.99481578771828,98.0405552322613,37.12095697717338,1.3729568077860865,0,0
72.3192331052577,95.02795036690125,37.182434293487105,2.1199037910717085,0,0
49.290761618830665,96.75093848717653,36.52777102555474,0.0,1,2
76.55393268587365,99.13036963694016,36.73127835977699,0.9872597640887414,0,0
53.39722209542007,96.05400634267322,36.630230850331735,0.0,1,1
80.17991082618246,98.15296736066814,37.0251086965533,2.044499701444918,0,0
78.23770515845891,95.86453023200288,36.78835806958997,2.5204433964050645,0,2
60.94491731187099,97.14830389453954,36.75986644082675,1.1020384870191144,0,0
65.77286525190677,98.34071545602662,36.98997322786143,0.9235959558018677,0,0
49.89657342333819,91.43887875919788,36.26504281001341,0.7113796168436646,0,2
90.22749827857662,99.03998265144439,36.737607616591426,1.7988216499694034,0,0
38.89328467291953,89.09004556658358,36.86892706834325,0.0,1,2
54.40488429857317,97.57096503656742,36.47553154732908,0.0,1,1
77.20798003235205,97.69367288124039,36.76368487572866,2.093438673652762,0,0
77.13639332889252,98.2381493451423,37.03530808768597,1.0404568203554978,0,0
86.213402950982,98.45309760460448,36.897681780018885,2.475155701763241,0,0
54.96870140436848,91.60560378232496,37.50053093704566,1.6872339812172417,0,1
79.52501927994183,95.99140464089025,36.12969115304393,3.214350242662447,0,2
85.48468809522474,97.32703604001446,36.77467532200793,1.9597578740745534,0,0
53.40936720281541,94.86600635667861,36.37865595883578,0.0,1,1
57.05750666775783,96.12186035390141,36.95793824816571,0.0,1,1
45.32217883099483,80.26249753543601,39.209253050625534,0.12877766073974062,0,2
50.777304812823786,91.97477894239863,38.797852555197025,1.7748960162670528,0,2
74.69357162644584,97.55371956422823,36.98550424199984,2.2041062065380603,0,0
53.02604651772498,95.9264164463369,36.78409934920209,0.0,1,1
66.34819826175892,96.3144520906228,36.74110933924134,1.1514352323729158,0,0
76.69798070378204,98.37722146954623,36.814266079205964,0.4479952374582159,0,0
57.62143462247967,96.059586037084,36.74219665777231,0.0,1,1
74.32692893231321,97.47872636664373,37.04705620767101,1.3809105972086415,0,0
116.4540690594373,91.21376097212983,36.82515667460745,1.2444315722967727,0,1
72.66339149974478,97.55015291263354,36.38734204200901,1.352660754547746,0,0
75.87118416921818,95.91178654785728,36.83693775442677,2.056331471262629,0,0
77.09405609164004,97.70076347407411,36.86302996658161,1.7282761714498565,0,0
71.78193729598253,97.50658018050932,36.928272464759516,1.8781480374750443,0,0
79.76193545624064,97.82557796985358,36.49195591188726,1.2001051513785834,0,0
82.70158696316503,98.65910689741234,36.77707181364396,2.1819057673515756,0,0
48.418219713857525,95.5793272804706,36.37322708350941,0.0,1,2
79.62679548615971,97.06381307501296,36.697739255268914,1.321096458275832,0,0
114.39069308336654,93.88211649402291,37.63802989184191,2.240008270492586,0,1
108.87672326201358,92.26805192575138,37.2000329141679,3.003462108078092,0,2
48.91353648259206,96.28596101502679,36.38602957486548,0.0,1,2
43.590822376776,91.77420916902992,36.16942086069208,0.0,1,2
68.51294823334362,97.15828791428703,37.01187479669166,0.5408976412031332,0,0
69.06909888506581,99.2901816324863,36.71352621157936,0.5838844542854071,0,0
48.10109077985125,96.08074721677221,35.810409606649564,0.0,1,2
134.09855399386953,86.11651769831984,35.467016628906734,1.9274299177547392,0,2
110.62862624969385,93.47992903839109,37.733999339258304,2.9087068874592004,0,2
51.14151273711006,95.96380647474241,36.72011848426484,0.0,1,1
113.2161816475307,93.8164581001691,37.233745995827924,1.3280901203205708,0,1
56.90161559930319,96.70590730936338,36.35514474339727,0.0,1,1
47.321649186433,95.08565721650119,36.19314574573883,0.0,1,2
40.33284292049519,83.4023950458495,39.31092122812924,0.5207730766756945,0,2
54.23211327038396,94.6809668087412,36.53262913634131,0.0,1,1
35.70032442194693,89.48850246091193,36.179157453170504,0.0,1,2
84.15777238539098,99.10079193451347,36.818590668331936,0.5456739098188368,0,0
83.41529622443136,98.57077252902266,36.83325308330209,1.373035445355289,0,0
90.59936321295275,97.53522186689159,36.77086520326609,3.290676306316499,0,2
68.63393569740025,94.75412939819321,37.242003548530256,1.7305690846614499,0,0
50.36622674036777,95.09358409023537,36.03715262497505,0.0,1,1
67.75619015708297,97.18749411786871,37.004956081370366,2.472492243222623,0,0
34.00101134087517,90.1958709549904,38.62506909709224,0.10628584179524836,0,2
88.26952938005604,97.17380297134646,36.87527927989379,2.0185253360645725,0,0
54.26822793106181,94.43685404599134,36.70474667532143,0.0,1,1
95.61061286183501,98.71048105456767,36.56698160199616,1.8310164616841043,0,0
79.17715832384097,99.05880140407713,36.77985669889692,0.431631516299783,0,0
81.23977794461901,98.94654153979702,36.82434991070877,2.2021622197469375,0,0
78.11614463517544,96.45882090186943,36.576294512470284,1.863926624682405,0,0
154.29089408594854,78.76834229376234,35.410647721095856,0.27845733837067776,0,2
81.33267509337287,97.81195163228348,36.93382197574724,1.1984977471241356,0,0
109.1809653708464,94.89089922260818,37.89651669919107,0.6679896859026548,0,1
76.09619744950864,100.0,37.10218602369795,1.223451731441173,0,0
55.29570633645191,97.32275604107123,36.018949674934404,0.0,1,1
62.28699395342884,99.02887749445055,36.69774889421334,0.7238630014448671,0,0
75.3692255917801,97.94307789533985,36.56123243073341,1.230873073723824,0,0
87.39502207153953,98.0317060765274,37.39916164669406,1.6613731186706724,0,0
51.767050690884076,94.1905049304021,36.99161870723777,2.182044269064579,0,1
101.04841427692163,98.19111542871059,36.752588949233214,0.6095865999732084,0,1
93.93139555539935,97.95854432654133,37.00265186731054,2.1152739208878995,0,0
36.8805194532258,82.28266371826926,39.00558936060989,1.3988748174428942,0,2
154.570364896077,85.36840059529872,35.37835007688493,1.8243026601173378,0,2
87.6684598428821,96.4909769938734,36.93261020845398,0.23805617546348143,0,0
41.288199399253294,92.71625855237212,36.44811130882599,0.0,1,2
80.40548716352235,97.11392690821174,36.83680033388859,1.873457641300684,0,0
73.65275725769195,96.83591867449141,36.57674711062313,0.7050296265466245,0,0
51.59996303206754,92.70786146540877,38.11031591366736,0.8322556055987425,0,1
76.97007365532846,99.35639722216084,36.79725999473231,0.8479769853494501,0,0
72.73599535783663,98.33062874796734,36.80536150378971,1.5355939696885301,0,0
60.354025056215164,98.00935143071455,36.508138295832225,1.821635554322746,0,0
85.12524575547236,98.95148999240644,36.435649351765974,1.6083800857322925,0,0
67.57320899200076,98.96131278544408,36.56023869849532,0.57796841740929,0,0
83.2685127312963,99.2761371668353,37.09473582332176,1.437886070670969,0,0
121.90352872952204,82.42396192164811,35.90535588435827,0.0,1,2
76.9508230170223,98.01020231759516,37.079971788640634,1.471179733250874,0,0
77.42374016874321,98.15898183996752,37.16369426037526,0.4023839746222664,0,0
61.642730911702074,94.20040385102416,36.51258829951982,0.0,1,1
65.99999669694466,99.10631481302912,37.13529807335055,1.8052950945493658,0,0
67.64731662068296,97.84872344536191,36.811302503698506,1.9136198337170653,0,0
74.10269736558668,97.52994989643129,36.573752273057465,0.141456767948649,0,0
82.33073359116803,97.43863469621493,36.790969677023284,0.8769280739867599,0,0
121.04232132684228,92.95289680461356,37.71672557369753,1.9611047057975324,0,2
62.72930946290103,98.42425008013365,36.537188278915856,0.0,1,0
82.55277184229858,95.89468878899847,36.46650825246314,1.1840498389525034,0,0
70.63316666329763,98.66666797271088,36.48958851583338,1.2449566520120754,0,0
57.233146789961054,95.26601707469452,36.66034897890964,0.0,1,1
93.93540429962354,89.70658503735612,36.723169090409954,0.0,1,1
67.74721502702772,98.09394843420942,36.27402452316032,2.305118791171727,0,0
86.5976247624855,97.3063321947559,36.965257737599536,1.6387892945036875,0,0
87.06281656116656,97.90291085457109,36.905555402529636,2.2560084052892586,0,0
33.8950626022349,82.09098078998596,39.51055139161158,0.6393231160714882,0,2
76.30035293331758,97.24864689451371,36.609642198490455,0.392110765062916,0,0
71.33752539273264,97.83894391656648,36.989482212605836,1.4366463362730448,0,0
67.41858649975012,96.79408859735716,36.67259554096003,0.0,1,0
72.21946579322042,97.7177209998956,36.78421677676369,0.35057078501548344,0,0
124.25281105761385,93.15076188965362,36.9574014636662,1.7455740129434454,0,2
75.13192483822591,95.7491719490035,36.94958865064891,2.296838725280832,0,0
78.9503941164747,97.65201355129561,37.27245756845787,1.3782774332974272,0,0
75.7259271648172,98.96094839473318,36.94401694676707,0.974623316401264,0,0
76.75749839721519,96.96997404700645,36.90461961775133,2.2082743120391832,0,0
64.12188086826555,95.44824412037188,36.395621120918875,0.0,1,0
108.5210913343368,93.1058839129876,36.698510585144824,2.038891236940749,0,1
87.10876177071725,98.4693223635775,36.45518142228155,1.7816024285084862,0,0
65.68204908053292,97.56541279551068,36.73772929500566,0.18337943968353854,0,0
79.35500585317929,98.47047762781008,36.292251945736,0.19993271613793057,0,0
78.27914658048007,97.11941102726718,36.91122944437412,0.27687033057922095,0,0
34.66225351284785,91.59543639380925,36.75211136689065,0.0,1,2
112.15553893209201,83.6150863388035,36.84090387128692,0.0,1,2
73.2649115584124,98.13982639502466,36.903354361732774,0.30509862243306396,0,0
109.87646629945641,93.66439436568646,36.889501458459165,0.6765703359962688,0,1
35.1453089471888,82.53156710170444,36.11546763597214,0.0,1,2
82.76379663666177,97.15339733411929,36.949295132027245,2.173343714917214,0,0
109.11151468597531,98.20371711956653,36.59693046889369,3.885544756977894,0,2
41.638244874077174,82.59750740770386,35.5287641578247,1.1390448564265303,0,2
48.1339348157359,97.37866796398608,35.95642185788157,0.0,1,2
78.4559058432397,97.41028667648816,36.48267332419367,1.285909260813837,0,0
60.03090170730438,95.99879666537696,36.418804199693014,0.0,1,0
60.26420686339007,94.8332981069169,36.499035142535206,0.0,1,0
153.51897351585274,79.07631393807357,39.38176599030618,0.6071613944020358,0,2
51.278415525761794,96.01868024702678,36.56974093870412,0.0,1,1
55.44561620073867,96.44172946820473,36.522366952256206,0.0,1,1
87.10161675710887,96.9561704743642,36.99055434663376,2.3739905570576756,0,0
40.38342080308517,80.58389122417196,39.10588016192116,1.1185853669138768,0,2
116.40997663076358,92.30878556421732,37.961474560476574,2.21196897311759,0,1
77.25058547404734,95.73559087656577,37.01501704108663,0.2767180274827078,0,0
86.95470774213838,99.07355858632314,37.0395730693122,2.133647827237645,0,0
70.19899286127661,99.09224985583948,36.85472261716651,0.451917606242595,0,0
73.55974339869849,97.91544094463273,36.96159180822816,0.8039991358324179,0,0
107.93518971378018,84.82266924378585,36.667938366679905,0.0,1,2
120.36903730379856,93.84522696962317,37.14115519550919,2.1868757627126034,0,2
85.05576025377793,96.95750351047083,36.63157673184218,0.9510239606379849,0,0
81.8301194486544,98.1670672853144,36.964261508207485,2.425954649146372,0,0
121.17316595676262,93.00942297167116,37.74049932155035,0.6436341825157184,0,2
64.79761821878026,99.58684105910419,36.88813777206371,1.3880188490275254,0,0
68.82538706178505,97.5578855433395,37.00896220387376,0.38009373426021453,0,0
79.8427706505672,96.15572020134822,36.642625333956865,0.725655641915953,0,0
56.781139725392165,97.7570643689581,36.316148105164245,0.0,1,1
51.23238502910493,96.147270871547,36.50479537166669,0.0,1,1
73.67869893718114,98.91103187545345,36.8883494240718,0.5221873668380556,0,0
66.0099476849394,94.49944984509476,36.24443843694555,0.0,1,1
35.10661937264765,90.22216107011853,36.60594827518161,0.0,1,2
65.60301704623629,97.31301611536288,36.92655126544132,1.8285308762941848,0,0
58.25787511948885,96.69167077014727,36.71342507703847,0.0,1,1
43.69157125189963,99.17968834705054,36.27491363937144,0.0,1,2
82.30491486938443,99.59861863139886,37.19258081435066,2.29951247092432,0,0
63.61490668142181,98.76203626167786,37.0853677291006,0.9017326426561245,0,0
86.9667130649564,96.12690899186003,36.58469729505668,1.1692046085959176,0,0
79.50223444480677,97.85957067948752,36.910880035503354,1.493438584258382,0,0
44.08655527785736,89.25987379775674,36.778192431253274,0.0,1,2
85.78488690707238,98.1071590535292,36.30110680293748,1.3569865232393974,0,0
67.2125619041195,96.81650768665268,35.78764313130135,0.0,1,2
86.55031733822513,90.80578263627098,36.45483310505695,0.0,1,1
79.88136956309836,98.44429300256854,36.590691647302314,1.7985252359968458,0,0
81.385822342724,97.51698829706454,36.86942432834364,0.6228178289690844,0,0
155.33520938735515,81.61218273060621,38.55331740554055,1.089380130331975,0,2
36.6760712522636,87.59936372801613,35.45495208176771,1.1411197178844887,0,2
53.677077589656314,93.97991311092882,37.10570521105133,2.1163523114917666,0,1
77.6674852299028,98.29146877470073,36.718405487814834,2.22129043987886,0,0
102.15446797416939,94.28771170416093,36.929170440537916,3.682588019112174,0,2
53.079294256187815,96.70287980981607,36.223080590950474,0.0,1,1
75.71242365899893,97.61727117979649,36.69621543237514,0.4776942532747197,0,0
72.00036406686198,96.61321934962997,36.813845291296325,1.0770424330090274,0,0
49.064175346103994,92.85352642506147,38.356300717857536,1.6215834400691016,0,2
68.62882616672805,97.15316117181574,36.529235898659806,0.0,1,0
147.39364077480369,89.90942166363425,38.74997630627156,0.25815606229804117,0,2
71.35634845387328,97.73162464496382,36.603710223617405,1.118921861265749,0,0
55.291491519023324,95.10574682429049,36.45008885946898,0.0,1,1
76.35383079368371,97.29988253229338,37.07193721929138,1.602360439196297,0,0
80.31804571421748,98.142081595393,36.81412195214153,2.1362842446514243,0,0
67.14999317014863,97.73191841433255,36.46468695673461,0.35947421301927707,0,0
58.200832874861504,96.72162063258327,36.74107903825458,0.0,1,1
93.40693202228495,98.07629501669011,37.253808814113825,1.207505781324254,0,0
71.4534800768445,97.63020578350122,37.03298614085295,1.230246860624263,0,0
89.30699116551017,97.30336015061155,36.98571698068689,2.4392009660231797,0,0
58.62469995867573,96.39740839665295,35.86841806466819,0.0,1,2
79.76201515591112,99.29546483659053,36.88494213423176,1.5857500417352877,0,0
73.30582704762729,97.9579035928183,36.77549380125175,1.0145093353879602,0,0
120.13875907373637,81.33872066379614,36.35083342136287,0.0,1,2
76.83124115162273,97.76663200083459,36.67235615077129,1.3751445817344965,0,0
36.261761371644624,91.37104797047766,36.69069715527184,0.0,1,2
45.465846906898136,94.25487139873952,35.95166116671173,0.0,1,2
54.00901009103232,96.5050977821679,36.29674538034615,0.0,1,1
38.32917934888025,81.73347042622746,35.66926695284065,1.7405542100576978,0,2
63.11362209689366,96.48282228679679,37.098384683020065,0.20958674924279377,0,0
46.01275986671523,98.21806066154203,36.47572653496144,0.0,1,2
54.3897953168491,97.42500956305965,36.57169548713998,0.0,1,1
71.44460389392358,99.28381894367271,36.746403515584724,1.2226882758976279,0,0
65.46157901537651,95.58408907538269,36.472799600627994,0.0,1,0
113.15732369045197,93.30537601710067,37.208387346300874,2.8997642314096344,0,2
79.66820309789497,94.41352327194605,37.0271035070009,3.7758679786090887,0,2
77.96960822145273,97.10695704830982,36.7074781182872,1.0927929083261998,0,0
39.23529941005428,91.60878444659095,36.689194206084366,0.0,1,2
82.35570534250984,98.01379126583652,36.55300393742751,2.1107666835599117,0,0
71.28114948440347,97.67408550622591,37.213572582377715,1.644466715050443,0,0
62.93386624244843,94.98879792224315,36.700407859042286,0.0,1,0
85.49759784840909,95.64999310225517,36.87515882938388,3.2577650637291464,0,2
59.984474041146576,92.29250759859589,37.43035937394367,2.7837173674797437,0,2
63.970475346487284,99.04125852688665,36.734806805038815,2.4470710835842433,0,0
82.27502286804375,97.54147053146431,36.48446811483915,0.7151789991620725,0,0
53.151186950098364,92.9578060316263,37.401910162590426,2.8120089651771387,0,2
72.55014469264549,97.62110147068384,36.3652059785192,0.0,1,0
115.46645702406288,94.30195148111444,36.729798606582335,2.4499484933979696,0,1
53.07641957760873,98.70669162447227,36.543264771593826,0.0,1,1
83.24588914825353,99.29729386064521,36.64756018133412,2.152828355095846,0,0
113.65015020188551,92.73070793004887,37.97671036526274,1.6160413325985057,0,1
89.25111742297877,98.29509450746092,36.840603413403244,1.1961746696303177,0,0
80.34389800910586,98.15913937618456,36.829801047036035,2.235540875349782,0,0
71.11683501725177,96.6491090271482,36.523149972037395,1.8921894018439844,0,0
109.55589858865416,93.56944664521806,38.14521505646173,2.3863901807593972,0,1
109.46181639104738,92.84179767875429,37.86781968298759,2.2900568555754073,0,1
146.7290279178743,84.90945110847248,39.239519809141406,1.4102434168662772,0,2
105.57876059581145,93.19390857856493,36.70025122299925,0.8439415433457296,0,1
108.86329331738307,94.14998636978403,38.261182270833174,2.028337906149666,0,1
58.9134586939307,96.6691749100918,36.724350200055405,0.0,1,1
84.01619135430374,95.79080721957763,36.806462619597234,1.7537958070309634,0,0
85.12907660168199,97.67234790337073,36.81217798499606,1.2665777452504001,0,0
49.714278865342756,96.24355149982331,36.41075760042749,0.0,1,2
70.90992259968903,93.67405321070169,36.241297360616684,0.0,1,1
71.00564222882768,97.5241366752066,36.68422050109384,2.09395822368541,0,0
92.25603881888844,97.41519434955138,36.71459338034832,1.4410148339157454,0,0
69.47202491913427,97.53356622968526,36.72232569555917,0.3625968280359916,0,0
66.91015952801797,97.60873265198376,36.776867117529854,4.342401358723121,0,2
52.682199968505465,97.3053741546538,36.31340434214506,0.0,1,1
96.72720591214078,92.04010577948341,36.54770862800486,0.0,1,1
73.54171863379133,99.0197629663239,36.69393524967239,1.8641898076017205,0,0
62.142658264556516,98.07305280295537,36.295259238455806,0.0,1,0
76.12758642490023,98.58670865882922,36.559879365802914,1.6500991587502398,0,0
57.173335306315536,92.53596230213653,36.99275912364086,2.607558705661039,0,2
95.10764346206336,91.80284553535094,36.82577215480381,0.0,1,1
118.65495030862368,93.69380503938979,36.878005324967425,1.625221179260307,0,1
49.77663705962907,95.97640964698215,36.29421400946725,0.0,1,2
52.99910133137256,96.0865058011391,36.106022979086625,0.0,1,1
121.30821417438081,93.65840638714836,37.69453361667377,1.4340026424275396,0,2
80.55500798645609,97.91174370407603,36.90171093730916,1.2375322271067364,0,0
52.932335803197866,92.39666629006244,37.15871001611656,2.8500996832762318,0,2
86.73847115533195,98.14969985838364,37.01495480216865,0.9777652974063296,0,0
50.215449941145,92.28115094758245,37.93480533682558,0.6443128054560924,0,1
77.29481197246143,98.1369030583143,36.698189967281536,1.0817292230906335,0,0
56.61662619810325,97.97080411373778,36.57751387131571,0.0,1,1
84.88102227475255,98.9542961465624,36.666843219661196,1.931348576352869,0,0
115.52528372791016,93.80495547924343,36.91950805808218,2.368554318151709,0,1
70.80913502049029,97.51826121381072,36.62536876119852,0.4815461777123249,0,0
94.26376354120745,92.03548755569898,36.87113063677109,0.0,1,1
77.78209539561075,97.75116224445769,36.65561364152062,1.4289051103145216,0,0
79.54481922049766,97.26686945958056,36.62318343111357,1.4229502713452369,0,0
42.27740357644641,90.7804084748903,36.07027538756732,0.0,1,2
51.62113421454047,91.58042176762672,38.23160118090913,1.8482195232161496,0,1
57.610273024904544,96.73953101865935,36.731488561344406,1.4578325201388542,0,1
62.36899079747202,94.83922168719859,36.48700668290287,0.0,1,0
114.60586760697566,91.78974073093065,38.38780943347995,2.0829264451583738,0,1
50.453215087245574,97.48205251787259,36.28630475301906,0.0,1,1
79.10442663041479,96.97286793481986,36.97676558039572,2.00894620457912,0,0
118.79256539777988,93.55201159975326,38.08267335392981,1.9440176470852284,0,1
62.74595866049877,97.76913538637002,36.66905036494163,0.0,1,0
80.80555023834683,97.33218641635263,36.82533626002681,1.7624178773154942,0,0
47.50384796160873,98.34809476628712,36.68145488588449,0.0,1,2
44.382212163691435,91.94509014984727,36.85597850679871,0.0,1,2
56.14746921639533,97.87914995254688,36.33716994367575,0.0,1,1
69.86803645845708,97.59011025636563,36.69372611516484,0.0,1,0
68.51509955226129,98.17585619132304,36.908930211612564,0.9487163246703127,0,0
62.39275822689761,95.95665537903922,36.39143440272009,0.0,1,0
71.99709881539924,97.57070208646195,36.999575543720375,1.7749559869134697,0,0
66.29908512611243,96.61403528156197,36.82769137017188,0.5995474093547916,0,0
55.31883656834227,96.92367934339451,35.98046065437767,0.0,1,2
75.34118668577766,94.76589898283937,36.77102766280317,0.9006256856798761,0,0
86.15645570029054,98.16444416359111,37.049297251009996,1.8481017301762825,0,0
82.1413404461662,97.60134667647989,36.966431949339736,1.5093038467373772,0,0
84.54164583846321,96.72112279319657,36.90780173645658,2.444977539425336,0,0
55.642747216300776,96.76709002781949,36.41194611389991,0.0,1,1
111.6185349306078,93.36450141977261,38.243834820050395,1.5087154928054123,0,1
69.23124226860003,98.79901578000265,36.842764524781025,0.48534133039576,0,0
59.26316391090308,98.0878141121576,36.343704208061204,0.0,1,1
116.4041654314087,96.12080848706498,37.81368792727498,2.064128066270123,0,1
85.6872645535994,99.15548293901178,36.794848378858944,2.09135200608504,0,0
143.57556931231292,84.43025916398724,34.734308244633176,1.4841843019156848,0,2
81.92594011016597,98.84264780896757,36.917762820952696,2.1187054425317626,0,0
72.82873088514954,97.85963928415515,36.734741581655214,2.192042801203002,0,0
56.554882574650925,97.04322888332456,36.27270370685755,0.0,1,1
86.08070334175564,95.81055081602959,36.58116924342201,1.0746251104946336,0,0
52.13714978554191,95.53011390542946,36.53480406388256,0.0,1,1
58.894488429086934,96.60566608731912,36.524933733641056,0.0,1,1
72.57861020132461,99.10346814693385,37.336881234658385,1.61024608709458,0,0
69.35923380541108,99.08290647981376,36.6484291730207,1.6817649155255612,0,0
104.1028458929712,91.0960028622881,36.79189890753024,2.248376243437241,0,1
61.6645725359528,98.05645772461112,36.915959283230116,2.312097243975895,0,0
48.34715651064678,97.73946222220343,37.031921475585825,0.0,1,2
63.34325448325329,98.41130534508912,36.57932835400741,1.6671848314463713,0,0
83.43304627882495,96.57922006997396,36.60513489828389,0.23886330189062707,0,0
71.56458074907839,96.27017337540926,36.73404856565214,1.4687496254026202,0,0
83.07077723726537,98.48479563705834,36.46229910472374,0.2221252129513899,0,0
63.91442646941597,96.52789250434753,36.933596071863505,2.2166152109416464,0,0
111.65595363119343,92.47297413293421,36.74732233108978,1.3914529657475054,0,1
83.07568222230854,95.72214487144991,36.74639449806638,0.6507740784883528,0,0
75.07879893624205,98.78342906020121,36.99600232295042,0.20878074071722585,0,0
76.90097686836938,98.20438366235797,36.77762608939983,1.203467898765313,0,0
57.588120021877536,96.2678961641973,36.57123394207983,0.0,1,1
145.29987001446466,82.78448061681736,35.7526846010163,1.8695899939662508,0,2
81.67979895244027,98.00480581185114,36.533655998177,0.4108583509244348,0,0
85.80515644759832,98.70725556177928,36.87318504893867,0.19092878248620482,0,0
114.73691981700955,92.41339091139383,38.45313739649018,0.6604325184729825,0,1
54.11355089107683,94.94470200619563,36.475484003999405,0.0,1,1
67.70717758737827,98.3904698879202,36.82496029537167,2.310204400920529,0,0
71.7623847688308,98.49411561805363,36.61154010177658,2.1162014925327086,0,0
114.28142100364697,84.8493878472873,36.6561693808459,0.0,1,2
56.024675972999994,96.02003634192803,36.36446995905048,0.0,1,1
102.40428160391043,92.58348181140221,38.358713447370846,1.1340596539864456,0,1
68.5323410104623,96.83531144847896,37.06918679520675,1.9223188843169456,0,0
44.57990935249033,95.83102057967464,36.500084639881635,0.0,1,2
87.98615006286055,96.65615314053935,36.48861378022618,2.942439717053419,0,2
49.92276110010407,95.30207247188378,36.12070652494981,0.0,1,2
54.12233165585694,95.1503601798004,36.76800781395194,0.0,1,1
52.20893878079897,96.55655233115118,36.490776130535004,0.0,1,1
59.24258570072466,98.75282211813786,36.715430509802665,2.341580289268395,0,1
43.05876441769902,89.98541492965549,36.683876594795585,0.0,1,2
96.65808154185463,95.2428465745096,36.07170549870605,3.8516571882473176,0,2
98.24026687820933,90.9793077079522,36.39493812772631,0.0,1,1
66.7761986968215,98.77673506988336,36.54672391886048,1.5486559735590686,0,0
117.96892099417164,93.45439872153004,37.901260131532425,0.9952132857319987,0,1
77.42301195471275,98.85148784277227,36.62552206360942,2.4087664349792344,0,0
76.14707729357866,97.26356895756211,36.4982907343604,1.0940371880939674,0,0
82.20846731227542,98.19765735140896,36.797092798299865,1.0935474995825727,0,0
50.81761437613463,95.87447852613717,36.27920138346855,0.0,1,1
72.47095663985286,97.95763541840307,36.7179741704671,1.5558575945726203,0,0
60.11215813719107,96.26919648739708,36.09153865878607,0.0,1,0
79.72311020386235,97.14130337695627,36.76659556501779,0.9002188306268184,0,0
74.91828461667666,97.76920677011418,36.83704250762671,1.1223914013810659,0,0
70.6869800775963,98.35477285449939,36.87279050274873,1.943729829019267,0,0
77.7358638189888,96.80849183747488,37.24442649352861,0.4469024682793047,0,0
35.68166247804634,92.43557317243956,36.76878782601261,0.0,1,2
71.60517962901434,97.68721151320904,36.8200175931798,2.152026225657864,0,0
73.41942455437477,97.59497456998236,36.66226401401132,0.16154699728343855,0,0
36.317184533398645,88.09949301352472,35.46878178059067,1.7033790083459939,0,2
38.59342314985162,90.35927120911799,36.69707771730045,0.0,1,2
88.08176647729248,96.46517309726572,37.40015902960338,3.776545662078863,0,2
69.86125568226856,99.45504135855916,36.66774372887982,0.9117495547404689,0,0
51.16671331019249,91.33667240577721,37.92009305691997,0.7007890480304968,0,1
99.2885404057813,91.87700365744007,37.045290704861294,1.4864336580083939,0,1
107.0366196779569,91.51925977176754,36.65006188817888,1.5921776801451346,0,1
38.95219131443252,89.92294984245505,36.647869485607586,0.0,1,2
88.1755247509218,96.63080415322666,36.71769563994543,1.2791942193834944,0,0
46.88117324026556,94.1195117656515,38.04463128075357,2.196270459709474,0,2
114.05933011039535,91.27526461491641,36.66311243270449,0.5563295598492514,0,1
89.98597129439057,96.71835812464602,36.695918339928674,1.300355445285349,0,0
81.8662812462415,99.23522277177295,36.716498800112355,0.7868837238739135,0,0
57.876397971603346,94.04836457084662,36.37270105969304,0.0,1,1
47.844104975496144,95.32907021240354,36.1558234299941,0.0,1,2
38.16558244089927,98.2608850837543,36.46204948428195,0.0,1,2
51.557536814477615,97.29007548659558,36.54741840872733,0.0,1,1
77.30316366999115,97.81010994615535,37.118329385240834,3.4455750328273993,0,2
76.21801159892908,98.88734175886704,37.01293622164128,2.2357884836648094,0,0
74.87553146544761,95.51964781526033,36.3666860962681,1.8407232834555713,0,0
79.57667847152054,99.22443741283116,36.81625904405463,0.5183266392025611,0,0
88.5769459613817,97.925887787356,36.65139044122238,2.4731932764929656,0,0
51.61053250545576,95.82264410854555,36.45101935700179,2.106812399929117,0,1
76.34459699156218,98.32970237706913,36.810593456997175,0.26914144721486866,0,0
52.92326218690571,96.68509128276582,36.72277292310818,0.0,1,1
54.91004367684193,93.8848759128752,36.246124439056004,0.0,1,1
44.585800632739556,96.90424876932853,35.97040063520827,0.0,1,2
67.33850883849514,99.12403454126114,36.83363908795842,1.4617991300247264,0,0
113.43510001535346,92.5174570617979,37.06590786146083,2.741832602771732,0,2
73.49058429126886,98.204181796768,37.1048041767546,0.24333088517287313,0,0
48.6432353094478,99.66828180398207,36.59838976851293,0.734600745616817,0,2
87.93150077658493,96.41723540281913,37.02446603928639,2.460985764518956,0,0
89.58821628286927,92.9649713055721,36.16882088016933,3.3721945352410043,0,2
84.12515639044,96.9087586453008,36.85014114694984,1.4391067134263311,0,0
70.70508332418068,97.02229870528602,36.90254879672019,1.751199090745754,0,0
77.36613980342898,98.30546502736853,36.397101800011306,2.1791245031480138,0,0
75.11065903667243,94.47654840292324,36.81270229045032,1.9740608158434527,0,1
82.06040567441175,98.81990346414267,36.48315251104719,1.7263310366080202,0,0
117.01920607208888,90.8264210692788,36.91089400138303,1.0408336399228548,0,1
67.47692873419392,98.19582602335673,36.69640560569111,2.2935988491469987,0,0
71.36245186140421,98.50374584226431,37.13394585983553,1.3164503728825132,0,0
75.29875224545884,97.99156090354731,36.96628183651783,2.33501339969232,0,0
91.31398082064892,91.91466964933039,36.6786898087343,0.0,1,1
57.44377005168491,95.19065401736928,36.64008873547911,0.0,1,1
82.38489236352288,97.29443581014343,37.26411831719087,2.0212129942508876,0,0
71.27956714606782,97.77675879944027,36.919827778673785,1.467538249067089,0,0
109.55989491051797,94.25850603033192,37.650277836893636,1.4759457092855492,0,1
72.20228028900551,97.32535884932845,36.96866042617896,1.6686815639844435,0,0
81.4562919257718,96.87650903422958,36.545111207131356,1.5690307561273176,0,0
80.48495736590883,98.3585927339162,36.641519209054294,1.0843615996628209,0,0
50.316782188368514,98.34606993403192,36.67345077541032,2.066439113261428,0,1
77.58606347667622,99.59239534069273,36.72140599353698,0.9275464831957776,0,0
87.88191671981893,90.70072441584651,36.41339203769153,0.0,1,1
69.39476473068757,98.11543756321878,36.88376572176469,1.9476954760298626,0,0
38.613407731123644,90.2120898959702,36.28192055445993,0.0,1,2
115.51583450166494,94.95118160923609,36.894984739454706,2.7122368101528145,0,2
76.12224730589048,98.05237980263128,36.55616849143812,0.456929286675525,0,0
55.77049860238341,94.58251735500271,36.83240853676737,0.0,1,1
53.189805627200236,95.3660447669736,36.7637142193239,0.0,1,1
64.24595030404612,96.19338575013298,36.6852371372913,0.4156093886339859,0,0
69.04392489428503,97.37047017697653,36.552397098060595,1.577266176954139,0,0
83.45263678825486,95.87487310892267,36.401219646274,1.4955118299894443,0,0
71.82656264042097,100.0,36.80490332203146,0.8283871928938678,0,0
61.408819228279654,95.4923230621177,36.78611519319584,0.0,1,0
60.34132897423407,95.42280244681002,36.33772787501067,0.0,1,0
78.02532759249621,96.54086043462922,36.6160271874668,1.3756878206417136,0,0
50.35083481488708,92.40716679284239,37.69595898732848,2.0871724976118893,0,1
106.51006858576237,95.4658849242585,37.59759480498207,2.3459682567425437,0,1
112.66392658458702,93.01219462574777,38.0166201989696,1.1714459010722422,0,1
49.15948335450483,95.71561242171464,36.21223799767943,0.0,1,2
55.8671543637058,96.57528787383812,37.02965051405613,0.0,1,1
113.52951328546958,93.26986164610805,36.780255353711205,1.0949713596339121,0,1
121.18922301220299,93.56025566820512,37.041871945835936,1.2150706946918066,0,2
76.5033288901137,98.52548702182808,36.87895888078685,2.495938328479023,0,0
95.94269361176853,97.41410127778536,37.05513111438357,0.7749293482539779,0,0
60.702337349858325,96.02065526263817,36.372052093832146,0.0,1,0
88.66642267319968,97.9037552430221,36.607756164321806,0.2509853046651528,0,0
119.51878294166347,94.56240288085905,37.33436721529538,2.2405432843969786,0,1
55.27513862014542,91.05792958111144,36.89302204162351,3.073512033794062,0,2
91.51167052729865,90.39409280065634,36.13943596993929,0.0,1,1
113.72853747608733,93.34085452483842,37.16094315903303,1.2283291011134294,0,1
61.876151271759,97.95111554577295,36.443980836677085,0.0,1,0
49.481144264076704,98.35284125383556,36.54011492787259,0.0,1,2
59.97819856983875,95.79783988573912,36.967075980185115,0.0,1,1
72.90066949614787,99.90584139149266,37.06010076930048,0.8388844953706633,0,0
74.62439028675574,99.83369936826807,36.81804241528935,2.3415644829616173,0,0
